/*
Navicat MySQL Data Transfer

Source Server         : acfun
Source Server Version : 50716
Source Host           : localhost:3306
Source Database       : acfun

Target Server Type    : MYSQL
Target Server Version : 50716
File Encoding         : 65001

Date: 2017-05-13 14:01:17
*/

SET FOREIGN_KEY_CHECKS=0;

-- ----------------------------
-- Table structure for `admin`
-- ----------------------------
DROP TABLE IF EXISTS `admin`;
CREATE TABLE `admin` (
  `admin_id` int(11) NOT NULL AUTO_INCREMENT,
  `admin_phone` varchar(255) DEFAULT NULL,
  `admin_password` varchar(255) DEFAULT NULL,
  `admin_head` varchar(255) DEFAULT NULL,
  PRIMARY KEY (`admin_id`)
) ENGINE=InnoDB AUTO_INCREMENT=16 DEFAULT CHARSET=utf8mb4;

-- ----------------------------
-- Records of admin
-- ----------------------------
INSERT INTO `admin` VALUES ('1', '18143362868', '111111', '/upload26/1.jpg');
INSERT INTO `admin` VALUES ('3', '13333366666', '666666', null);
INSERT INTO `admin` VALUES ('4', '18143362868', 'hjkhkh', null);
INSERT INTO `admin` VALUES ('5', '18144446666', '111111', null);
INSERT INTO `admin` VALUES ('6', '18866669999', 'aaaaaa', null);
INSERT INTO `admin` VALUES ('7', '14752572222', '111111', null);
INSERT INTO `admin` VALUES ('8', '13244446666', '777777', null);
INSERT INTO `admin` VALUES ('9', '13657306688', '666666', null);
INSERT INTO `admin` VALUES ('10', '18143362868', '111111', null);
INSERT INTO `admin` VALUES ('11', '18143362868', '111111', null);
INSERT INTO `admin` VALUES ('12', '18143362868', '999999', null);
INSERT INTO `admin` VALUES ('13', '12315115555', '999999', null);
INSERT INTO `admin` VALUES ('14', '18143362869', '111111', null);
INSERT INTO `admin` VALUES ('15', '17144446666', '111111', null);

-- ----------------------------
-- Table structure for `browse`
-- ----------------------------
DROP TABLE IF EXISTS `browse`;
CREATE TABLE `browse` (
  `user_id` int(50) DEFAULT NULL,
  `resource_id` int(50) DEFAULT NULL,
  `browse_time` datetime DEFAULT NULL
) ENGINE=InnoDB DEFAULT CHARSET=utf8mb4;

-- ----------------------------
-- Records of browse
-- ----------------------------

-- ----------------------------
-- Table structure for `collection`
-- ----------------------------
DROP TABLE IF EXISTS `collection`;
CREATE TABLE `collection` (
  `user_id` int(50) DEFAULT NULL,
  `resource_id` int(50) DEFAULT NULL
) ENGINE=InnoDB DEFAULT CHARSET=utf8mb4;

-- ----------------------------
-- Records of collection
-- ----------------------------

-- ----------------------------
-- Table structure for `comment`
-- ----------------------------
DROP TABLE IF EXISTS `comment`;
CREATE TABLE `comment` (
  `comment_id` int(50) NOT NULL AUTO_INCREMENT,
  `user_id` int(50) DEFAULT NULL,
  `resource_id` int(50) DEFAULT NULL,
  `comment_content` varchar(300) DEFAULT NULL,
  `comment_time` datetime DEFAULT NULL,
  `comment_state` int(10) DEFAULT '0',
  `comment_floor` int(50) DEFAULT NULL,
  PRIMARY KEY (`comment_id`)
) ENGINE=InnoDB AUTO_INCREMENT=99 DEFAULT CHARSET=utf8mb4;

-- ----------------------------
-- Records of comment
-- ----------------------------
INSERT INTO `comment` VALUES ('1', '21636', '3375653', '哇 你是真皮', '2017-02-25 19:57:31', '1', '1');
INSERT INTO `comment` VALUES ('2', '33588', '3375653', '你是真皮沙发', '2017-02-25 19:58:56', '0', '2');
INSERT INTO `comment` VALUES ('3', '33588', '3375653', '你是真皮沙发', '2017-02-26 12:32:10', '0', '3');
INSERT INTO `comment` VALUES ('4', '33588', '3375653', '你是真皮沙发', '2017-02-26 12:32:14', '0', '4');
INSERT INTO `comment` VALUES ('5', '33588', '3375653', '你是真皮沙发', '2017-02-26 12:32:21', '0', '5');
INSERT INTO `comment` VALUES ('6', '33588', '3375653', '你是真皮沙发', '2017-02-26 12:32:32', '0', '6');
INSERT INTO `comment` VALUES ('7', '33588', '3375653', '你是真皮沙发', '2017-02-26 12:32:37', '0', '7');
INSERT INTO `comment` VALUES ('8', '33588', '3375653', '你是真皮沙发', '2017-02-26 12:32:40', '0', '8');
INSERT INTO `comment` VALUES ('9', '33588', '3375653', '你是真皮沙发', '2017-02-26 12:32:43', '0', '9');
INSERT INTO `comment` VALUES ('10', '33588', '3375653', '你是真皮沙发', '2017-02-26 12:34:17', '0', '10');
INSERT INTO `comment` VALUES ('11', '33588', '3375653', '你是真皮沙发', '2017-02-26 12:34:21', '0', '11');
INSERT INTO `comment` VALUES ('12', '33588', '3375653', '你是真皮沙发', '2017-02-26 12:34:28', '0', '12');
INSERT INTO `comment` VALUES ('13', '33588', '3375653', '你是真皮沙发', '2017-02-26 12:34:31', '0', '13');
INSERT INTO `comment` VALUES ('14', '33588', '3375653', '你是真皮沙发', '2017-02-26 12:34:35', '0', '14');
INSERT INTO `comment` VALUES ('15', '33588', '3375653', '你是真皮沙发', '2017-02-26 12:34:38', '0', '15');
INSERT INTO `comment` VALUES ('16', '33588', '3375653', '你是真皮沙发', '2017-02-26 12:34:41', '0', '16');
INSERT INTO `comment` VALUES ('17', '33588', '3375653', '你是真皮沙发', '2017-02-26 12:34:48', '0', '17');
INSERT INTO `comment` VALUES ('18', '33588', '3375653', '你是真皮沙发', '2017-02-26 12:34:51', '0', '18');
INSERT INTO `comment` VALUES ('19', '33588', '3375653', '你是真皮沙发', '2017-02-26 12:34:54', '0', '19');
INSERT INTO `comment` VALUES ('20', '33588', '3375653', '你是真皮沙发', '2017-02-26 12:34:57', '0', '20');
INSERT INTO `comment` VALUES ('21', '33588', '3375653', '你是真皮沙发', '2017-02-26 12:35:00', '0', '21');
INSERT INTO `comment` VALUES ('22', '33588', '3375653', '你是真皮沙发', '2017-02-26 12:35:03', '0', '22');
INSERT INTO `comment` VALUES ('23', '33588', '3375653', '你是真皮沙发', '2017-02-26 12:35:05', '0', '23');
INSERT INTO `comment` VALUES ('24', '33588', '3375653', '你是真皮沙发', '2017-02-26 12:35:07', '0', '24');
INSERT INTO `comment` VALUES ('25', '33588', '3375653', '你是真皮沙发', '2017-02-26 12:35:09', '0', '25');
INSERT INTO `comment` VALUES ('26', '33588', '3375653', '你是真皮沙发', '2017-02-26 12:35:11', '0', '26');
INSERT INTO `comment` VALUES ('27', '33588', '3375653', '你是真皮沙发', '2017-02-26 12:35:13', '0', '27');
INSERT INTO `comment` VALUES ('28', '33588', '3375653', '你是真皮沙发', '2017-02-26 12:35:15', '0', '28');
INSERT INTO `comment` VALUES ('29', '33588', '3375653', '你是真皮沙发', '2017-02-26 12:35:17', '0', '29');
INSERT INTO `comment` VALUES ('30', '33588', '3375653', '你是真皮沙发', '2017-02-26 12:35:24', '0', '30');
INSERT INTO `comment` VALUES ('31', '33588', '3375653', '你是真皮沙发', '2017-02-26 12:35:27', '0', '31');
INSERT INTO `comment` VALUES ('32', '33588', '3375653', '你是真皮沙发', '2017-02-26 12:35:29', '0', '32');
INSERT INTO `comment` VALUES ('33', '33588', '3375653', '你是真皮沙发', '2017-02-26 12:35:31', '0', '33');
INSERT INTO `comment` VALUES ('34', '33588', '3375653', '你是真皮沙发', '2017-02-26 12:35:32', '0', '34');
INSERT INTO `comment` VALUES ('35', '33588', '3375653', '你是真皮沙发', '2017-02-26 12:35:34', '0', '35');
INSERT INTO `comment` VALUES ('36', '33588', '3375653', '你是真皮沙发', '2017-02-26 12:35:35', '0', '36');
INSERT INTO `comment` VALUES ('37', '33588', '3375653', '你是真皮沙发', '2017-02-26 12:35:37', '0', '37');
INSERT INTO `comment` VALUES ('38', '33588', '3375653', '你是真皮沙发', '2017-02-26 12:35:38', '0', '38');
INSERT INTO `comment` VALUES ('39', '33588', '3375653', '你是真皮沙发', '2017-02-26 12:35:40', '0', '39');
INSERT INTO `comment` VALUES ('40', '33588', '3375653', '你是真皮沙发', '2017-02-26 12:35:44', '0', '40');
INSERT INTO `comment` VALUES ('41', '33588', '3375653', '你是真皮沙发', '2017-02-26 12:35:47', '0', '41');
INSERT INTO `comment` VALUES ('42', '33588', '3375653', '你是真皮沙发', '2017-02-26 12:35:49', '0', '42');
INSERT INTO `comment` VALUES ('43', '33588', '3375653', '你是真皮沙发', '2017-02-26 12:35:51', '0', '43');
INSERT INTO `comment` VALUES ('44', '33588', '3375653', '你是真皮沙发', '2017-02-26 12:35:52', '0', '44');
INSERT INTO `comment` VALUES ('45', '33588', '3375653', '你是真皮沙发', '2017-02-26 12:35:54', '0', '45');
INSERT INTO `comment` VALUES ('46', '33588', '3375653', '你是真皮沙发', '2017-02-26 12:35:55', '0', '46');
INSERT INTO `comment` VALUES ('47', '33588', '3375653', '你是真皮沙发', '2017-02-26 12:35:57', '0', '47');
INSERT INTO `comment` VALUES ('48', '33588', '3375653', '你是真皮沙发', '2017-02-26 12:35:58', '0', '48');
INSERT INTO `comment` VALUES ('49', '33588', '3375653', '你是真皮沙发', '2017-02-26 12:36:00', '0', '49');
INSERT INTO `comment` VALUES ('50', '33588', '3375653', '你是真皮沙发', '2017-02-26 12:36:02', '0', '50');
INSERT INTO `comment` VALUES ('51', '33588', '3375653', '你是真皮沙发', '2017-02-26 12:36:06', '0', '51');
INSERT INTO `comment` VALUES ('52', '33588', '3375653', '你是真皮沙发', '2017-02-26 12:36:10', '0', '52');
INSERT INTO `comment` VALUES ('53', '33588', '3375653', '你是真皮沙发', '2017-02-26 12:36:12', '0', '53');
INSERT INTO `comment` VALUES ('54', '33588', '3375653', '你是真皮沙发真皮沙发真皮沙发真皮沙发真皮沙发真皮沙发真皮沙发真皮沙发真皮沙发真皮沙发真皮沙发真皮沙发真皮沙发真皮沙发真皮沙发真皮沙发真皮沙发真皮沙发真皮沙发真皮沙发', '2017-02-26 14:20:28', '0', '54');
INSERT INTO `comment` VALUES ('55', '1', '3375653', '你是真的皮啊!', '2017-02-26 16:25:51', '0', '55');
INSERT INTO `comment` VALUES ('56', '1', '3375653', '同学们你们好', '2017-02-26 16:32:13', '0', '56');
INSERT INTO `comment` VALUES ('57', '1', '3375653', '同学们 开始上课了', '2017-02-26 16:37:20', '0', '57');
INSERT INTO `comment` VALUES ('58', '1', '3375653', '同学们 不要皮', '2017-02-26 16:39:19', '0', '58');
INSERT INTO `comment` VALUES ('59', '1', '3375653', '你是真皮沙发', '2017-02-26 16:42:07', '0', '59');
INSERT INTO `comment` VALUES ('60', '1', '3375653', '皮皮皮皮皮皮', '2017-02-26 16:44:43', '0', '60');
INSERT INTO `comment` VALUES ('61', '1', '3375653', '你是皮皮虾啊', '2017-02-26 17:07:56', '0', '61');
INSERT INTO `comment` VALUES ('62', '1', '3375653', '哇哇哇哇w啊', '2017-02-26 17:49:04', '0', '62');
INSERT INTO `comment` VALUES ('63', '1', '3375653', '这波很舒服', '2017-02-27 18:43:12', '0', '63');
INSERT INTO `comment` VALUES ('64', '1', '3375653', '哇哇哇哇哇哇哇', '2017-03-01 19:41:12', '0', '64');
INSERT INTO `comment` VALUES ('65', '1', '3482471', '真皮沙发前来报到', '2017-03-01 22:33:38', '0', '1');
INSERT INTO `comment` VALUES ('66', '1', '3482471', '真皮沙发前来报到', '2017-03-01 22:35:22', '0', '2');
INSERT INTO `comment` VALUES ('67', '1', '3482471', '真皮沙发前来报到', '2017-03-01 22:35:58', '0', '3');
INSERT INTO `comment` VALUES ('68', '1', '3482471', '真皮沙发前来报到', '2017-03-01 22:36:05', '0', '4');
INSERT INTO `comment` VALUES ('69', '1', '3482471', '你是真的皮啊', '2017-03-02 13:30:47', '0', '5');
INSERT INTO `comment` VALUES ('70', '1', '3482471', '服务分分分', '2017-03-02 21:32:22', '0', '6');
INSERT INTO `comment` VALUES ('71', '1', '3482471', '服务分分分', '2017-03-02 21:32:28', '0', '7');
INSERT INTO `comment` VALUES ('72', '1', '3482471', '服务分分分', '2017-03-02 21:32:31', '0', '8');
INSERT INTO `comment` VALUES ('73', '1', '3482471', '服务分分分', '2017-03-02 21:32:34', '0', '9');
INSERT INTO `comment` VALUES ('74', '1', '3482471', '服务分分分', '2017-03-02 21:32:37', '0', '10');
INSERT INTO `comment` VALUES ('75', '1', '3482471', '服务分分分', '2017-03-02 21:32:40', '0', '11');
INSERT INTO `comment` VALUES ('76', '1', '3482471', '服务分分分', '2017-03-02 21:32:43', '0', '12');
INSERT INTO `comment` VALUES ('77', '1', '3482471', '服务分分分', '2017-03-02 21:32:46', '0', '13');
INSERT INTO `comment` VALUES ('78', '1', '3482471', '服务分分分', '2017-03-02 21:32:49', '0', '14');
INSERT INTO `comment` VALUES ('79', '1', '3482471', '服务分分分', '2017-03-02 21:32:56', '0', '15');
INSERT INTO `comment` VALUES ('80', '1', '3482471', '服务分分分', '2017-03-02 21:32:58', '0', '16');
INSERT INTO `comment` VALUES ('81', '1', '3482471', '服务分分分', '2017-03-02 21:33:02', '0', '17');
INSERT INTO `comment` VALUES ('82', '1', '3482471', '服务分分分', '2017-03-02 21:33:06', '0', '18');
INSERT INTO `comment` VALUES ('83', '1', '3482471', '服务分分分', '2017-03-02 21:33:09', '0', '19');
INSERT INTO `comment` VALUES ('84', '1', '3482471', '服务分分分', '2017-03-02 21:33:13', '0', '20');
INSERT INTO `comment` VALUES ('85', '1', '3482471', '服务分分分', '2017-03-02 21:33:16', '0', '21');
INSERT INTO `comment` VALUES ('86', '1', '3482471', '服务分分分', '2017-03-02 21:33:23', '0', '22');
INSERT INTO `comment` VALUES ('87', '2', '3375653', '你麻痹好好', '2017-03-03 19:17:15', '1', '65');
INSERT INTO `comment` VALUES ('88', '1', '3375653', '你是真皮沙发 啊啊啊', '2017-03-03 19:46:19', '0', '66');
INSERT INTO `comment` VALUES ('89', '1', '3375653', '遥不可及真的还是假的一', '2017-03-03 20:59:44', '1', '67');
INSERT INTO `comment` VALUES ('90', '1', '3375653', 'ytuy ytiyti', '2017-03-03 21:07:23', '0', '68');
INSERT INTO `comment` VALUES ('91', '1', '3482479', '凤姐坑人果然果然', '2017-03-07 21:10:27', '0', '1');
INSERT INTO `comment` VALUES ('92', '1', '3482479', '郭德纲如果如果', '2017-03-07 21:11:32', '0', '2');
INSERT INTO `comment` VALUES ('93', '1', '3482479', '非粉丝纷纷 分', '2017-03-07 21:11:40', '0', '3');
INSERT INTO `comment` VALUES ('94', '1', '3482479', 'mvsnsdv,dmnmgmr.', '2017-03-07 21:11:46', '0', '4');
INSERT INTO `comment` VALUES ('95', '1', '3375653', '11111111', '2017-03-10 12:57:24', '0', '69');
INSERT INTO `comment` VALUES ('96', '1', '3374361', '沙发....', '2017-03-10 12:57:53', '0', '1');
INSERT INTO `comment` VALUES ('97', '1', '3482488', '等我发顺丰分额', '2017-03-10 13:00:57', '1', '1');
INSERT INTO `comment` VALUES ('98', '1', '3375653', '66666', '2017-03-21 13:35:19', '0', '70');

-- ----------------------------
-- Table structure for `danmu`
-- ----------------------------
DROP TABLE IF EXISTS `danmu`;
CREATE TABLE `danmu` (
  `danmu_id` bigint(20) NOT NULL AUTO_INCREMENT,
  `resource_id` bigint(20) DEFAULT NULL,
  `text` varchar(255) DEFAULT NULL,
  `color` varchar(255) DEFAULT NULL,
  `size` varchar(255) DEFAULT NULL,
  `position` varchar(255) DEFAULT NULL,
  `time` bigint(20) DEFAULT NULL,
  PRIMARY KEY (`danmu_id`),
  KEY `fk_idid` (`resource_id`),
  CONSTRAINT `fk_idid` FOREIGN KEY (`resource_id`) REFERENCES `resource` (`resource_id`) ON DELETE CASCADE
) ENGINE=InnoDB AUTO_INCREMENT=38 DEFAULT CHARSET=utf8;

-- ----------------------------
-- Records of danmu
-- ----------------------------
INSERT INTO `danmu` VALUES ('1', '3338765', '哇', '#ffffff', '1', '0', '45');
INSERT INTO `danmu` VALUES ('2', '3338765', '哇', '#ffffff', '1', '0', '25');
INSERT INTO `danmu` VALUES ('3', '3338765', '风暴', '#ffffff', '1', '0', '107');
INSERT INTO `danmu` VALUES ('4', '3338765', '范本和纠纷', '#ffffff', '1', '0', '153');
INSERT INTO `danmu` VALUES ('5', '3338765', 'gefegef', '#ffffff', '1', '0', '153');
INSERT INTO `danmu` VALUES ('6', '3338765', 'fe', '#ffffff', '1', '0', '153');
INSERT INTO `danmu` VALUES ('7', '3338765', 'grfedwada', '#ffffff', '1', '0', '153');
INSERT INTO `danmu` VALUES ('8', '3338765', '大发个人果然够丰富', '#ffffff', '1', '0', '153');
INSERT INTO `danmu` VALUES ('9', '3338765', '峰峰哥', '#ffffff', '1', '0', '153');
INSERT INTO `danmu` VALUES ('10', '3338765', 'fergresfefgeg', '#ffffff', '1', '0', '208');
INSERT INTO `danmu` VALUES ('11', '3338765', '个省份乌克兰方面劲儿n', '#ffffff', '1', '0', '224');
INSERT INTO `danmu` VALUES ('12', '3338765', '哇哇哇', '#ffffff', '1', '0', '243');
INSERT INTO `danmu` VALUES ('13', '3338765', '我草 安慰吊袜分分染发', '#ffffff', '1', '0', '276');
INSERT INTO `danmu` VALUES ('14', '3338765', '哇 你好', '#ffffff', '1', '0', '305');
INSERT INTO `danmu` VALUES ('15', '3338765', '你真皮', '#ffffff', '1', '0', '334');
INSERT INTO `danmu` VALUES ('16', '3338765', '你是真皮沙发', '#ffffff', '1', '0', '364');
INSERT INTO `danmu` VALUES ('17', '3338765', '皮皮虾', '#ffffff', '1', '0', '411');
INSERT INTO `danmu` VALUES ('18', '3338765', '哇哇哇', '#ffffff', '1', '0', '428');
INSERT INTO `danmu` VALUES ('19', '3338765', '付款无奈法国人', '#ffffff', '1', '0', '466');
INSERT INTO `danmu` VALUES ('20', '3338765', '纷纷', '#ffffff', '1', '0', '19');
INSERT INTO `danmu` VALUES ('22', '3375653', 'dwffjnf', '#ffffff', '1', '0', '162');
INSERT INTO `danmu` VALUES ('23', '3375653', '你麻痹', '#ffffff', '1', '0', '163');
INSERT INTO `danmu` VALUES ('24', '3375653', '哇', '#ffffff', '1', '0', '2961');
INSERT INTO `danmu` VALUES ('25', '3375653', '无法打五分', '#ffffff', '1', '0', '3109');
INSERT INTO `danmu` VALUES ('26', '3375653', '阿三d', '#ffffff', '1', '0', '3082');
INSERT INTO `danmu` VALUES ('27', '3375653', '真爱末年垢', '#ffffff', '1', '0', '72');
INSERT INTO `danmu` VALUES ('28', '3375653', '珀打不打一的的', '#ffffff', '1', '0', '110');
INSERT INTO `danmu` VALUES ('29', '3375653', '4454541212', '#ffffff', '1', '0', '165');
INSERT INTO `danmu` VALUES ('30', '3482479', '几分考虑过金融机构', '#ffffff', '1', '0', '406');
INSERT INTO `danmu` VALUES ('31', '3375653', '的风格结构', '#ffffff', '1', '0', '67');
INSERT INTO `danmu` VALUES ('32', '3375653', '111111', '#ffffff', '1', '0', '83');
INSERT INTO `danmu` VALUES ('33', '3375653', '沙发', '#ffffff', '1', '0', '103');
INSERT INTO `danmu` VALUES ('34', '3375653', '666', '#ffffff', '1', '0', '150');
INSERT INTO `danmu` VALUES ('35', '3375653', '6666', '#ffffff', '1', '0', '181');
INSERT INTO `danmu` VALUES ('36', '3482488', '废物空间访客', '#ffffff', '1', '0', '40');
INSERT INTO `danmu` VALUES ('37', '3374361', '66666666666', '#ffffff', '1', '0', '574');

-- ----------------------------
-- Table structure for `follow`
-- ----------------------------
DROP TABLE IF EXISTS `follow`;
CREATE TABLE `follow` (
  `user_id` int(50) DEFAULT NULL,
  `mefollow_id` int(50) DEFAULT NULL
) ENGINE=InnoDB DEFAULT CHARSET=utf8mb4;

-- ----------------------------
-- Records of follow
-- ----------------------------

-- ----------------------------
-- Table structure for `label`
-- ----------------------------
DROP TABLE IF EXISTS `label`;
CREATE TABLE `label` (
  `label_id` bigint(20) NOT NULL AUTO_INCREMENT,
  `label_name` varchar(20) DEFAULT NULL,
  `label_num` bigint(20) DEFAULT NULL,
  PRIMARY KEY (`label_id`)
) ENGINE=InnoDB AUTO_INCREMENT=1142662 DEFAULT CHARSET=utf8;

-- ----------------------------
-- Records of label
-- ----------------------------
INSERT INTO `label` VALUES ('15', '拳皇', '2');
INSERT INTO `label` VALUES ('25', '音乐', '4');
INSERT INTO `label` VALUES ('33', '解说', '3');
INSERT INTO `label` VALUES ('36', '东方', '2');
INSERT INTO `label` VALUES ('43', '街霸', '2');
INSERT INTO `label` VALUES ('46', '初音', '2');
INSERT INTO `label` VALUES ('64', 'MMD', '6');
INSERT INTO `label` VALUES ('82', '银魂', '2');
INSERT INTO `label` VALUES ('111', '动漫', '2');
INSERT INTO `label` VALUES ('160', 'OP', '2');
INSERT INTO `label` VALUES ('166', '中国', '1');
INSERT INTO `label` VALUES ('170', 'COSPLAY', '2');
INSERT INTO `label` VALUES ('198', '初音未来', '2');
INSERT INTO `label` VALUES ('219', '秒速五厘米', '2');
INSERT INTO `label` VALUES ('221', '预告', '1');
INSERT INTO `label` VALUES ('237', '搞笑', '10');
INSERT INTO `label` VALUES ('243', '集锦', '2');
INSERT INTO `label` VALUES ('285', '排行榜', '2');
INSERT INTO `label` VALUES ('301', '娱乐', '8');
INSERT INTO `label` VALUES ('312', '动画', '4');
INSERT INTO `label` VALUES ('330', '科幻', '1');
INSERT INTO `label` VALUES ('333', '妹妹', '2');
INSERT INTO `label` VALUES ('361', 'GINTAMA', '2');
INSERT INTO `label` VALUES ('369', '蜘蛛侠', '1');
INSERT INTO `label` VALUES ('422', '剧场', '2');
INSERT INTO `label` VALUES ('459', '漫画', '6');
INSERT INTO `label` VALUES ('526', '学校', '2');
INSERT INTO `label` VALUES ('533', '原创', '11');
INSERT INTO `label` VALUES ('562', 'THE', '2');
INSERT INTO `label` VALUES ('604', '海贼王', '2');
INSERT INTO `label` VALUES ('614', 'LOVE', '2');
INSERT INTO `label` VALUES ('629', '歌曲', '2');
INSERT INTO `label` VALUES ('630', '排名', '2');
INSERT INTO `label` VALUES ('632', '韩国', '2');
INSERT INTO `label` VALUES ('656', '翻唱', '2');
INSERT INTO `label` VALUES ('666', 'Loli', '2');
INSERT INTO `label` VALUES ('671', 'wow', '2');
INSERT INTO `label` VALUES ('712', '未来', '1');
INSERT INTO `label` VALUES ('760', '演奏', '2');
INSERT INTO `label` VALUES ('817', '日常', '1');
INSERT INTO `label` VALUES ('880', '足球', '1');
INSERT INTO `label` VALUES ('924', 'BGM', '2');
INSERT INTO `label` VALUES ('935', '配音', '2');
INSERT INTO `label` VALUES ('960', '林明美', '2');
INSERT INTO `label` VALUES ('1013', '舞蹈', '1');
INSERT INTO `label` VALUES ('1024', '魔兽世界', '2');
INSERT INTO `label` VALUES ('1051', '邪教', '2');
INSERT INTO `label` VALUES ('1057', '多角色', '2');
INSERT INTO `label` VALUES ('1097', 'top10', '4');
INSERT INTO `label` VALUES ('1179', '女神', '2');
INSERT INTO `label` VALUES ('1270', '小学生', '2');
INSERT INTO `label` VALUES ('1346', 'TOP', '2');
INSERT INTO `label` VALUES ('1355', 'super', '1');
INSERT INTO `label` VALUES ('1414', '异形', '1');
INSERT INTO `label` VALUES ('1415', '猫咪', '2');
INSERT INTO `label` VALUES ('1453', '正版', '2');
INSERT INTO `label` VALUES ('1539', '新海诚', '4');
INSERT INTO `label` VALUES ('1562', '性感', '2');
INSERT INTO `label` VALUES ('1662', '热门', '1');
INSERT INTO `label` VALUES ('1908', '电影', '5');
INSERT INTO `label` VALUES ('2068', '战斗机', '1');
INSERT INTO `label` VALUES ('2105', 'DNF', '6');
INSERT INTO `label` VALUES ('2132', '美女', '13');
INSERT INTO `label` VALUES ('2181', '内涵', '2');
INSERT INTO `label` VALUES ('2369', '上海话', '2');
INSERT INTO `label` VALUES ('2459', '变形金刚', '1');
INSERT INTO `label` VALUES ('2595', '剧情', '3');
INSERT INTO `label` VALUES ('2629', '教授', '1');
INSERT INTO `label` VALUES ('2705', '丧尸', '1');
INSERT INTO `label` VALUES ('2800', '钢铁侠', '2');
INSERT INTO `label` VALUES ('2887', 'Remix', '4');
INSERT INTO `label` VALUES ('2991', '梦想', '1');
INSERT INTO `label` VALUES ('3032', 'NHK', '2');
INSERT INTO `label` VALUES ('3101', '片头', '2');
INSERT INTO `label` VALUES ('3120', '现场', '1');
INSERT INTO `label` VALUES ('3203', '吐槽', '1');
INSERT INTO `label` VALUES ('3225', 'china', '1');
INSERT INTO `label` VALUES ('3312', '格斗游戏', '2');
INSERT INTO `label` VALUES ('3398', '菊花', '2');
INSERT INTO `label` VALUES ('3505', '工作室', '2');
INSERT INTO `label` VALUES ('3534', '汽车', '1');
INSERT INTO `label` VALUES ('3592', '血腥', '1');
INSERT INTO `label` VALUES ('3737', '月刊', '2');
INSERT INTO `label` VALUES ('3825', '危机', '1');
INSERT INTO `label` VALUES ('3970', '乒乓球', '1');
INSERT INTO `label` VALUES ('4050', '国产动画', '2');
INSERT INTO `label` VALUES ('4120', '车祸', '7');
INSERT INTO `label` VALUES ('4152', '舞曲', '4');
INSERT INTO `label` VALUES ('4561', '喜剧', '1');
INSERT INTO `label` VALUES ('4676', '猩猩', '2');
INSERT INTO `label` VALUES ('4678', 'bbc', '1');
INSERT INTO `label` VALUES ('4684', '新闻', '4');
INSERT INTO `label` VALUES ('4776', '猥琐男', '1');
INSERT INTO `label` VALUES ('4864', 'top30', '2');
INSERT INTO `label` VALUES ('4910', '新年', '1');
INSERT INTO `label` VALUES ('4945', '阿三', '2');
INSERT INTO `label` VALUES ('4994', '篮球', '1');
INSERT INTO `label` VALUES ('5002', '恶魔', '1');
INSERT INTO `label` VALUES ('5252', '脚本', '2');
INSERT INTO `label` VALUES ('5281', '纪录片', '1');
INSERT INTO `label` VALUES ('5301', '黑暗', '1');
INSERT INTO `label` VALUES ('5312', '梁朝伟', '1');
INSERT INTO `label` VALUES ('5428', '平纪', '2');
INSERT INTO `label` VALUES ('5464', '三星', '1');
INSERT INTO `label` VALUES ('5638', '混音', '4');
INSERT INTO `label` VALUES ('5639', '巡音', '2');
INSERT INTO `label` VALUES ('5679', '其他', '2');
INSERT INTO `label` VALUES ('5835', '恐怖', '1');
INSERT INTO `label` VALUES ('5836', '惊悚', '3');
INSERT INTO `label` VALUES ('5839', '围观', '1');
INSERT INTO `label` VALUES ('5952', '销量', '4');
INSERT INTO `label` VALUES ('6103', '美剧', '4');
INSERT INTO `label` VALUES ('6286', '爱情', '1');
INSERT INTO `label` VALUES ('6344', '剧透', '2');
INSERT INTO `label` VALUES ('6558', '押井守', '2');
INSERT INTO `label` VALUES ('6635', '疯狂', '2');
INSERT INTO `label` VALUES ('6713', '人生', '2');
INSERT INTO `label` VALUES ('6953', '改编', '2');
INSERT INTO `label` VALUES ('6982', '奇幻', '1');
INSERT INTO `label` VALUES ('7033', '空知英秋', '2');
INSERT INTO `label` VALUES ('7255', '地下城与勇士', '2');
INSERT INTO `label` VALUES ('7481', '日韩', '6');
INSERT INTO `label` VALUES ('7657', 'nana', '2');
INSERT INTO `label` VALUES ('8121', 'JUMP', '2');
INSERT INTO `label` VALUES ('8488', '激光', '1');
INSERT INTO `label` VALUES ('9054', '特效', '2');
INSERT INTO `label` VALUES ('9072', '韩服', '4');
INSERT INTO `label` VALUES ('9132', '林俊杰', '2');
INSERT INTO `label` VALUES ('9243', '摔角', '1');
INSERT INTO `label` VALUES ('9525', '女儿', '2');
INSERT INTO `label` VALUES ('9545', '宅舞', '6');
INSERT INTO `label` VALUES ('9737', 'V家', '2');
INSERT INTO `label` VALUES ('9841', '福利', '6');
INSERT INTO `label` VALUES ('9925', '夜店', '2');
INSERT INTO `label` VALUES ('10005', 'NBA', '1');
INSERT INTO `label` VALUES ('10036', '榜单', '2');
INSERT INTO `label` VALUES ('10052', '神BGM', '2');
INSERT INTO `label` VALUES ('10569', '敖厂长', '2');
INSERT INTO `label` VALUES ('10976', '小白', '2');
INSERT INTO `label` VALUES ('11058', '雷电', '2');
INSERT INTO `label` VALUES ('11454', '图包', '2');
INSERT INTO `label` VALUES ('11602', 'AKB48', '2');
INSERT INTO `label` VALUES ('11886', '袁腾飞', '1');
INSERT INTO `label` VALUES ('11907', '恐怖片', '2');
INSERT INTO `label` VALUES ('11982', '黑丝', '2');
INSERT INTO `label` VALUES ('12086', '扣篮', '1');
INSERT INTO `label` VALUES ('12276', '显卡', '1');
INSERT INTO `label` VALUES ('12286', '苹果', '1');
INSERT INTO `label` VALUES ('12313', '科比', '2');
INSERT INTO `label` VALUES ('12314', '乔丹', '2');
INSERT INTO `label` VALUES ('12368', '美食', '2');
INSERT INTO `label` VALUES ('13134', '三国杀', '2');
INSERT INTO `label` VALUES ('13327', '脱口秀', '2');
INSERT INTO `label` VALUES ('13463', '伦敦', '2');
INSERT INTO `label` VALUES ('13745', '电音', '6');
INSERT INTO `label` VALUES ('13887', '英超', '3');
INSERT INTO `label` VALUES ('14551', '拆', '2');
INSERT INTO `label` VALUES ('14743', '大秦帝国', '1');
INSERT INTO `label` VALUES ('14937', '圣诞节', '3');
INSERT INTO `label` VALUES ('15002', '囧的呼唤', '2');
INSERT INTO `label` VALUES ('15078', '詹姆斯', '2');
INSERT INTO `label` VALUES ('15208', '岚', '2');
INSERT INTO `label` VALUES ('15232', 'LOL', '8');
INSERT INTO `label` VALUES ('15312', 'tokio', '2');
INSERT INTO `label` VALUES ('15373', '东爱', '2');
INSERT INTO `label` VALUES ('15397', '凛', '2');
INSERT INTO `label` VALUES ('16108', '东方MMD', '2');
INSERT INTO `label` VALUES ('16153', '西野加奈', '2');
INSERT INTO `label` VALUES ('16272', '卡卡', '2');
INSERT INTO `label` VALUES ('16304', '曼联', '1');
INSERT INTO `label` VALUES ('16628', '长泽雅美', '2');
INSERT INTO `label` VALUES ('16753', '勇士', '1');
INSERT INTO `label` VALUES ('17113', '江苏卫视', '2');
INSERT INTO `label` VALUES ('17559', 'LOGO', '1');
INSERT INTO `label` VALUES ('18710', '悬疑', '3');
INSERT INTO `label` VALUES ('18805', '少女时代', '1');
INSERT INTO `label` VALUES ('19787', '网友评论', '1');
INSERT INTO `label` VALUES ('19817', '化妆', '1');
INSERT INTO `label` VALUES ('20053', '哈士奇', '2');
INSERT INTO `label` VALUES ('20587', '健康', '2');
INSERT INTO `label` VALUES ('20604', '英雄联盟', '22');
INSERT INTO `label` VALUES ('20622', 'billboard', '2');
INSERT INTO `label` VALUES ('20640', '今敏', '2');
INSERT INTO `label` VALUES ('20656', '公演', '3');
INSERT INTO `label` VALUES ('20737', '盘点', '4');
INSERT INTO `label` VALUES ('20751', '英剧', '1');
INSERT INTO `label` VALUES ('21947', 'Wings', '2');
INSERT INTO `label` VALUES ('22058', 'IU', '2');
INSERT INTO `label` VALUES ('22113', '地球online', '2');
INSERT INTO `label` VALUES ('22521', 'SUNDAY', '2');
INSERT INTO `label` VALUES ('22580', '杰尼斯', '2');
INSERT INTO `label` VALUES ('22630', '阿宅', '1');
INSERT INTO `label` VALUES ('22676', '广场舞', '2');
INSERT INTO `label` VALUES ('22928', '简单', '2');
INSERT INTO `label` VALUES ('23321', '宝莱坞', '2');
INSERT INTO `label` VALUES ('23420', 'ak', '1');
INSERT INTO `label` VALUES ('23853', '柿チョコ', '2');
INSERT INTO `label` VALUES ('24275', '女团', '6');
INSERT INTO `label` VALUES ('24398', '汉服', '1');
INSERT INTO `label` VALUES ('24432', '有节操', '2');
INSERT INTO `label` VALUES ('25540', '小米', '1');
INSERT INTO `label` VALUES ('25552', '汽车人', '1');
INSERT INTO `label` VALUES ('25555', '梁非凡', '2');
INSERT INTO `label` VALUES ('25586', '主播', '2');
INSERT INTO `label` VALUES ('25654', '神奇女侠', '1');
INSERT INTO `label` VALUES ('25771', '平安夜', '1');
INSERT INTO `label` VALUES ('26166', '混剪', '2');
INSERT INTO `label` VALUES ('26595', 'Gala', '2');
INSERT INTO `label` VALUES ('26632', '坦克世界', '2');
INSERT INTO `label` VALUES ('26895', '玩火', '1');
INSERT INTO `label` VALUES ('27508', '坂本龙马', '1');
INSERT INTO `label` VALUES ('27765', '任昌丁', '1');
INSERT INTO `label` VALUES ('28194', 'MC', '2');
INSERT INTO `label` VALUES ('28466', '刘亦菲', '2');
INSERT INTO `label` VALUES ('28732', '萤火虫之墓', '2');
INSERT INTO `label` VALUES ('29530', 'TOP50', '2');
INSERT INTO `label` VALUES ('29663', '张惠妹', '2');
INSERT INTO `label` VALUES ('29869', 'T-ara', '2');
INSERT INTO `label` VALUES ('29870', '金城武', '3');
INSERT INTO `label` VALUES ('30301', '湿身', '1');
INSERT INTO `label` VALUES ('30338', '第7集', '1');
INSERT INTO `label` VALUES ('30983', '健身操', '2');
INSERT INTO `label` VALUES ('31313', '单机游戏', '2');
INSERT INTO `label` VALUES ('31331', '泰妍', '2');
INSERT INTO `label` VALUES ('31357', '竹达彩奈', '2');
INSERT INTO `label` VALUES ('31552', 'Sistar', '2');
INSERT INTO `label` VALUES ('31682', '武士刀', '1');
INSERT INTO `label` VALUES ('32097', '援交', '2');
INSERT INTO `label` VALUES ('32268', '冠军单曲', '2');
INSERT INTO `label` VALUES ('32302', '交通事故', '5');
INSERT INTO `label` VALUES ('32583', '谣言粉碎机', '2');
INSERT INTO `label` VALUES ('32911', '石原里美', '2');
INSERT INTO `label` VALUES ('33573', '金泰妍', '3');
INSERT INTO `label` VALUES ('34902', '行尸走肉', '2');
INSERT INTO `label` VALUES ('36020', '球鞋', '1');
INSERT INTO `label` VALUES ('36230', '有妖气', '2');
INSERT INTO `label` VALUES ('36743', 'kpop', '2');
INSERT INTO `label` VALUES ('36751', 'Grand', '2');
INSERT INTO `label` VALUES ('37133', '国土安全', '2');
INSERT INTO `label` VALUES ('38275', 'GTA5', '2');
INSERT INTO `label` VALUES ('39001', '娱乐解说', '2');
INSERT INTO `label` VALUES ('39131', '足坛', '1');
INSERT INTO `label` VALUES ('39597', '华为', '1');
INSERT INTO `label` VALUES ('39657', '笑笑', '4');
INSERT INTO `label` VALUES ('39764', '武士', '1');
INSERT INTO `label` VALUES ('40234', '传销', '2');
INSERT INTO `label` VALUES ('40432', '植物人', '2');
INSERT INTO `label` VALUES ('41322', '暴走漫画', '2');
INSERT INTO `label` VALUES ('41611', '天安门', '1');
INSERT INTO `label` VALUES ('41795', '纳米比亚', '1');
INSERT INTO `label` VALUES ('42190', '新年快乐', '2');
INSERT INTO `label` VALUES ('42456', 'P站', '2');
INSERT INTO `label` VALUES ('42629', '火柴人', '2');
INSERT INTO `label` VALUES ('42841', '跨年', '2');
INSERT INTO `label` VALUES ('43420', '湖人', '1');
INSERT INTO `label` VALUES ('43974', '塔罗牌', '1');
INSERT INTO `label` VALUES ('44086', '乃木坂46', '2');
INSERT INTO `label` VALUES ('44170', 'CSGO', '4');
INSERT INTO `label` VALUES ('44448', '刘醒', '2');
INSERT INTO `label` VALUES ('44732', 'CGI', '2');
INSERT INTO `label` VALUES ('44858', 'TOUR', '2');
INSERT INTO `label` VALUES ('45396', '鬼畜全明星', '2');
INSERT INTO `label` VALUES ('45422', '大众', '1');
INSERT INTO `label` VALUES ('46111', '钢的琴', '2');
INSERT INTO `label` VALUES ('46112', '国产电影', '1');
INSERT INTO `label` VALUES ('46973', '威少', '1');
INSERT INTO `label` VALUES ('49175', '有生之年', '2');
INSERT INTO `label` VALUES ('49466', 'V6', '2');
INSERT INTO `label` VALUES ('50211', '北美票房', '2');
INSERT INTO `label` VALUES ('50784', 'Hardwell', '2');
INSERT INTO `label` VALUES ('52468', 'snh48', '7');
INSERT INTO `label` VALUES ('54012', '张雨生', '2');
INSERT INTO `label` VALUES ('54195', '屎蛋', '4');
INSERT INTO `label` VALUES ('54203', '罗志祥', '1');
INSERT INTO `label` VALUES ('54247', '小语种', '2');
INSERT INTO `label` VALUES ('54952', '王家卫', '1');
INSERT INTO `label` VALUES ('55919', '66', '2');
INSERT INTO `label` VALUES ('58103', '苹果牛', '2');
INSERT INTO `label` VALUES ('58638', 'tosh', '2');
INSERT INTO `label` VALUES ('60078', 'STELLAR', '1');
INSERT INTO `label` VALUES ('60741', '三明治', '2');
INSERT INTO `label` VALUES ('61367', '双语字幕', '1');
INSERT INTO `label` VALUES ('61770', '单眼皮', '1');
INSERT INTO `label` VALUES ('64240', '虐心向', '2');
INSERT INTO `label` VALUES ('64933', '一想到你呀', '2');
INSERT INTO `label` VALUES ('65827', '新子憧', '2');
INSERT INTO `label` VALUES ('66157', '神探夏洛克', '1');
INSERT INTO `label` VALUES ('66754', '年榜', '2');
INSERT INTO `label` VALUES ('67414', '吹牛逼', '2');
INSERT INTO `label` VALUES ('67562', '何冰', '2');
INSERT INTO `label` VALUES ('67629', '搭配', '1');
INSERT INTO `label` VALUES ('68589', '利物浦', '1');
INSERT INTO `label` VALUES ('69068', '东山奈央', '2');
INSERT INTO `label` VALUES ('72012', '升旗', '1');
INSERT INTO `label` VALUES ('72042', '张伯伦', '1');
INSERT INTO `label` VALUES ('72280', '装机', '1');
INSERT INTO `label` VALUES ('72769', '捷达', '1');
INSERT INTO `label` VALUES ('73509', '七号', '2');
INSERT INTO `label` VALUES ('74230', '十万个冷笑话', '2');
INSERT INTO `label` VALUES ('74235', '白鹿原', '1');
INSERT INTO `label` VALUES ('74578', '邓紫棋', '2');
INSERT INTO `label` VALUES ('74644', '大宋提刑官', '2');
INSERT INTO `label` VALUES ('75102', '游戏评测', '2');
INSERT INTO `label` VALUES ('75117', 'll', '2');
INSERT INTO `label` VALUES ('77057', '观后感', '1');
INSERT INTO `label` VALUES ('79338', '孔侑', '1');
INSERT INTO `label` VALUES ('79568', '王者', '2');
INSERT INTO `label` VALUES ('79793', '学生党', '1');
INSERT INTO `label` VALUES ('83734', '吉卜力工作室', '2');
INSERT INTO `label` VALUES ('83872', '红白歌会', '2');
INSERT INTO `label` VALUES ('84269', '原唱', '2');
INSERT INTO `label` VALUES ('84600', '国产良心', '2');
INSERT INTO `label` VALUES ('86184', '桑德兰', '1');
INSERT INTO `label` VALUES ('87652', '日本演唱会', '2');
INSERT INTO `label` VALUES ('88257', '西汉姆', '1');
INSERT INTO `label` VALUES ('88614', 'jackie', '1');
INSERT INTO `label` VALUES ('89674', 'G胖', '2');
INSERT INTO `label` VALUES ('89755', '48系', '2');
INSERT INTO `label` VALUES ('91695', '含恩静', '2');
INSERT INTO `label` VALUES ('91791', '田鼠', '2');
INSERT INTO `label` VALUES ('92102', '穆里尼奥', '1');
INSERT INTO `label` VALUES ('93452', '质量局', '2');
INSERT INTO `label` VALUES ('94931', '寒舞', '2');
INSERT INTO `label` VALUES ('96135', 'Kinki_Kids', '2');
INSERT INTO `label` VALUES ('96167', '朴孝敏', '2');
INSERT INTO `label` VALUES ('96168', '朴智妍', '2');
INSERT INTO `label` VALUES ('96353', 'ACFUN专题', '2');
INSERT INTO `label` VALUES ('96606', 'suv', '1');
INSERT INTO `label` VALUES ('97218', '升旗仪式', '1');
INSERT INTO `label` VALUES ('97558', '伊拉克战争', '1');
INSERT INTO `label` VALUES ('98127', '狐妖', '2');
INSERT INTO `label` VALUES ('98623', '新番推荐', '2');
INSERT INTO `label` VALUES ('99923', '鬼怪', '1');
INSERT INTO `label` VALUES ('100569', '明治维新', '1');
INSERT INTO `label` VALUES ('101825', '环卫工', '1');
INSERT INTO `label` VALUES ('103686', 'AOA', '8');
INSERT INTO `label` VALUES ('105062', '世界各国', '2');
INSERT INTO `label` VALUES ('105752', 'EXID', '2');
INSERT INTO `label` VALUES ('108943', '关8', '2');
INSERT INTO `label` VALUES ('110670', '花样男子', '2');
INSERT INTO `label` VALUES ('116742', '韩国女团', '5');
INSERT INTO `label` VALUES ('117388', 'tips', '1');
INSERT INTO `label` VALUES ('117466', '允儿', '1');
INSERT INTO `label` VALUES ('117730', '林允儿', '3');
INSERT INTO `label` VALUES ('117931', '食戟之灵', '2');
INSERT INTO `label` VALUES ('117933', '佐伯俊', '2');
INSERT INTO `label` VALUES ('117941', '景甜', '1');
INSERT INTO `label` VALUES ('120667', 'Linus', '1');
INSERT INTO `label` VALUES ('121040', '三贱客', '1');
INSERT INTO `label` VALUES ('121968', '长安', '1');
INSERT INTO `label` VALUES ('122560', 'GTI', '1');
INSERT INTO `label` VALUES ('123212', '井柏然', '2');
INSERT INTO `label` VALUES ('125326', '雨果奖', '2');
INSERT INTO `label` VALUES ('125478', '真纪', '2');
INSERT INTO `label` VALUES ('126694', '张继科', '1');
INSERT INTO `label` VALUES ('127809', '难念的经', '2');
INSERT INTO `label` VALUES ('128877', 'Dian', '2');
INSERT INTO `label` VALUES ('130068', 'lpl', '2');
INSERT INTO `label` VALUES ('130192', '艾琳', '1');
INSERT INTO `label` VALUES ('130666', '搞笑集锦', '2');
INSERT INTO `label` VALUES ('132496', '机核', '2');
INSERT INTO `label` VALUES ('134332', '壮壮', '2');
INSERT INTO `label` VALUES ('134371', 'V社', '2');
INSERT INTO `label` VALUES ('135487', '车祸集锦', '5');
INSERT INTO `label` VALUES ('138941', 'Angelababy', '3');
INSERT INTO `label` VALUES ('139549', '作画MAD', '2');
INSERT INTO `label` VALUES ('140383', '韩舞', '1');
INSERT INTO `label` VALUES ('142492', '起小点', '10');
INSERT INTO `label` VALUES ('142547', '野味', '2');
INSERT INTO `label` VALUES ('145916', '言叶之庭', '2');
INSERT INTO `label` VALUES ('146232', '新儿', '1');
INSERT INTO `label` VALUES ('148270', '二传', '1');
INSERT INTO `label` VALUES ('150189', '美妆', '3');
INSERT INTO `label` VALUES ('153249', '暴走出品', '2');
INSERT INTO `label` VALUES ('153789', 'TSKS', '1');
INSERT INTO `label` VALUES ('155098', '河森正治', '2');
INSERT INTO `label` VALUES ('155299', '50大', '1');
INSERT INTO `label` VALUES ('155657', '炉石', '2');
INSERT INTO `label` VALUES ('155706', '炉石传说', '2');
INSERT INTO `label` VALUES ('156464', '兵库北', '2');
INSERT INTO `label` VALUES ('158263', '防不胜防', '2');
INSERT INTO `label` VALUES ('159279', '银河护卫队', '1');
INSERT INTO `label` VALUES ('159377', '大长腿', '3');
INSERT INTO `label` VALUES ('160003', '汽车百年', '1');
INSERT INTO `label` VALUES ('163565', '中锋', '1');
INSERT INTO `label` VALUES ('164193', '车祸瞬间', '5');
INSERT INTO `label` VALUES ('166309', '大白腿', '3');
INSERT INTO `label` VALUES ('173004', '小青', '2');
INSERT INTO `label` VALUES ('175373', '西部世界', '2');
INSERT INTO `label` VALUES ('179162', '书呆子', '2');
INSERT INTO `label` VALUES ('179985', 'Apink', '4');
INSERT INTO `label` VALUES ('180441', '女神篇', '2');
INSERT INTO `label` VALUES ('187580', '日摔', '1');
INSERT INTO `label` VALUES ('189635', 'MAGAZINE', '2');
INSERT INTO `label` VALUES ('190373', 'AJ', '1');
INSERT INTO `label` VALUES ('190617', '女气功', '2');
INSERT INTO `label` VALUES ('191420', '野良神', '2');
INSERT INTO `label` VALUES ('192605', '朴艺珍', '1');
INSERT INTO `label` VALUES ('194022', '游戏测评', '2');
INSERT INTO `label` VALUES ('195555', '农夫与蛇', '2');
INSERT INTO `label` VALUES ('203742', 'GTAV', '2');
INSERT INTO `label` VALUES ('204451', '歌单', '2');
INSERT INTO `label` VALUES ('208018', '相思', '2');
INSERT INTO `label` VALUES ('210473', '爱极客', '1');
INSERT INTO `label` VALUES ('210954', 'AirJordan', '1');
INSERT INTO `label` VALUES ('211090', 'IRENE', '1');
INSERT INTO `label` VALUES ('221478', '瓦莉拉', '2');
INSERT INTO `label` VALUES ('222293', '狗崽', '2');
INSERT INTO `label` VALUES ('224362', 'hani', '1');
INSERT INTO `label` VALUES ('234620', '秀智', '2');
INSERT INTO `label` VALUES ('235174', 'MMD艦これ', '2');
INSERT INTO `label` VALUES ('235197', '黑恶势力', '2');
INSERT INTO `label` VALUES ('239568', '三观正', '2');
INSERT INTO `label` VALUES ('241261', '囚徒', '2');
INSERT INTO `label` VALUES ('243834', '化妆教程', '1');
INSERT INTO `label` VALUES ('243923', '特别舞台', '2');
INSERT INTO `label` VALUES ('244124', '定罪', '1');
INSERT INTO `label` VALUES ('244627', '烤玉米', '2');
INSERT INTO `label` VALUES ('245007', '韩国化妆', '1');
INSERT INTO `label` VALUES ('245008', '韩国美妆', '1');
INSERT INTO `label` VALUES ('245066', '奥迪q3', '1');
INSERT INTO `label` VALUES ('245412', '王师傅', '2');
INSERT INTO `label` VALUES ('246711', '鞠婧祎', '2');
INSERT INTO `label` VALUES ('251028', '西卡', '2');
INSERT INTO `label` VALUES ('251135', '电脑主机', '1');
INSERT INTO `label` VALUES ('258871', '科技美学', '1');
INSERT INTO `label` VALUES ('262840', '年末', '1');
INSERT INTO `label` VALUES ('265366', '伟大的旅程', '1');
INSERT INTO `label` VALUES ('267830', '初雅', '4');
INSERT INTO `label` VALUES ('269012', '刘国梁', '1');
INSERT INTO `label` VALUES ('272077', '脑洞大开', '2');
INSERT INTO `label` VALUES ('273471', '悦悦', '1');
INSERT INTO `label` VALUES ('273821', '柏林电影节', '1');
INSERT INTO `label` VALUES ('275298', 'Live!', '2');
INSERT INTO `label` VALUES ('288614', '不转不是中国人', '2');
INSERT INTO `label` VALUES ('295022', '韩语学习', '2');
INSERT INTO `label` VALUES ('298527', '初恋组', '1');
INSERT INTO `label` VALUES ('301498', '别人家的猫', '2');
INSERT INTO `label` VALUES ('303008', '团战集锦', '2');
INSERT INTO `label` VALUES ('303660', '分P狂魔', '3');
INSERT INTO `label` VALUES ('305434', '中华毅力帝', '2');
INSERT INTO `label` VALUES ('312545', '斗鱼直播', '1');
INSERT INTO `label` VALUES ('315030', '脱单', '1');
INSERT INTO `label` VALUES ('315822', 'mimimi', '2');
INSERT INTO `label` VALUES ('317080', '多多', '2');
INSERT INTO `label` VALUES ('321771', '波利花菜园', '2');
INSERT INTO `label` VALUES ('329492', '主教练', '1');
INSERT INTO `label` VALUES ('331735', '怪诞', '1');
INSERT INTO `label` VALUES ('332575', '熊野', '2');
INSERT INTO `label` VALUES ('335318', '交通事故合集', '5');
INSERT INTO `label` VALUES ('342882', '双马尾赛高', '2');
INSERT INTO `label` VALUES ('345954', '紫嘉儿', '1');
INSERT INTO `label` VALUES ('350028', '三剑客', '1');
INSERT INTO `label` VALUES ('357436', '反战败', '2');
INSERT INTO `label` VALUES ('359319', '扣篮盛宴', '1');
INSERT INTO `label` VALUES ('362551', 'MMD.3D', '2');
INSERT INTO `label` VALUES ('369548', '东山大法好', '2');
INSERT INTO `label` VALUES ('373083', '起亚K5', '1');
INSERT INTO `label` VALUES ('374075', '奔波儿灞与灞波儿奔', '2');
INSERT INTO `label` VALUES ('374481', '满分作文', '4');
INSERT INTO `label` VALUES ('376680', '朴素妍', '2');
INSERT INTO `label` VALUES ('377453', 'Faded', '2');
INSERT INTO `label` VALUES ('380086', 'ユメノトビラ', '2');
INSERT INTO `label` VALUES ('380352', '全宝蓝', '2');
INSERT INTO `label` VALUES ('380728', '看韩剧学韩语', '1');
INSERT INTO `label` VALUES ('381277', '林慧萍', '2');
INSERT INTO `label` VALUES ('383029', '李居丽', '2');
INSERT INTO `label` VALUES ('383921', '奥迪Q7', '1');
INSERT INTO `label` VALUES ('384300', '2p何用', '2');
INSERT INTO `label` VALUES ('385161', '丰田汉兰达', '1');
INSERT INTO `label` VALUES ('389912', '权娜拉', '2');
INSERT INTO `label` VALUES ('391968', '车世界', '1');
INSERT INTO `label` VALUES ('392534', '狗屎', '2');
INSERT INTO `label` VALUES ('394761', '恋爱裁判', '2');
INSERT INTO `label` VALUES ('395385', '青青', '2');
INSERT INTO `label` VALUES ('412576', '村霸', '4');
INSERT INTO `label` VALUES ('412646', '关注撸主三十年', '2');
INSERT INTO `label` VALUES ('414870', '王牌天使', '4');
INSERT INTO `label` VALUES ('418411', '李栋旭', '1');
INSERT INTO `label` VALUES ('421126', '辣鸡', '2');
INSERT INTO `label` VALUES ('427119', 'RedVelvet', '1');
INSERT INTO `label` VALUES ('428873', '鈴谷', '2');
INSERT INTO `label` VALUES ('430287', '雪炫', '4');
INSERT INTO `label` VALUES ('439480', '智敏', '1');
INSERT INTO `label` VALUES ('442652', '方圆', '2');
INSERT INTO `label` VALUES ('443561', '大表姐', '2');
INSERT INTO `label` VALUES ('451088', '护发', '1');
INSERT INTO `label` VALUES ('452396', '爱尔威', '1');
INSERT INTO `label` VALUES ('453817', '长安CS35', '1');
INSERT INTO `label` VALUES ('457792', '南柱赫', '1');
INSERT INTO `label` VALUES ('463859', '发姐', '6');
INSERT INTO `label` VALUES ('465906', '陈一发儿', '6');
INSERT INTO `label` VALUES ('467653', '雷电5', '2');
INSERT INTO `label` VALUES ('481473', '冯提莫', '2');
INSERT INTO `label` VALUES ('482095', '周二珂', '2');
INSERT INTO `label` VALUES ('491014', '抗韩中年人', '2');
INSERT INTO `label` VALUES ('493977', 'yesyanbaby', '2');
INSERT INTO `label` VALUES ('495539', 'ラブライズ！', '2');
INSERT INTO `label` VALUES ('495771', '守望先锋', '6');
INSERT INTO `label` VALUES ('498673', '陈一发', '4');
INSERT INTO `label` VALUES ('508665', '自学韩语', '1');
INSERT INTO `label` VALUES ('508666', '韩语入门', '1');
INSERT INTO `label` VALUES ('509741', '逗鱼时刻', '2');
INSERT INTO `label` VALUES ('519074', '张逗张花', '2');
INSERT INTO `label` VALUES ('523229', '年度盘点', '1');
INSERT INTO `label` VALUES ('526440', '戒色吧', '2');
INSERT INTO `label` VALUES ('530055', '可惜没如果', '2');
INSERT INTO `label` VALUES ('543196', '王牌大腿', '2');
INSERT INTO `label` VALUES ('545584', '斗鱼F4', '2');
INSERT INTO `label` VALUES ('549354', '元旦福利', '2');
INSERT INTO `label` VALUES ('549626', '林允', '2');
INSERT INTO `label` VALUES ('551013', '扣篮集锦', '1');
INSERT INTO `label` VALUES ('553068', '十冷', '2');
INSERT INTO `label` VALUES ('553381', '爱之诗', '2');
INSERT INTO `label` VALUES ('559116', '街球教授', '1');
INSERT INTO `label` VALUES ('559259', '安希妍', '1');
INSERT INTO `label` VALUES ('559727', '画质狂魔', '2');
INSERT INTO `label` VALUES ('564071', 'GFriend', '1');
INSERT INTO `label` VALUES ('564754', '郭达斯坦森', '2');
INSERT INTO `label` VALUES ('572612', '2p有何用', '2');
INSERT INTO `label` VALUES ('577143', '德云色', '2');
INSERT INTO `label` VALUES ('578745', '哈尼', '1');
INSERT INTO `label` VALUES ('589994', '春药之灵', '2');
INSERT INTO `label` VALUES ('592553', 'LITA', '1');
INSERT INTO `label` VALUES ('595596', 'GFriends', '2');
INSERT INTO `label` VALUES ('620890', '长歌', '2');
INSERT INTO `label` VALUES ('646129', '终于更新了', '2');
INSERT INTO `label` VALUES ('655628', '逗鱼', '2');
INSERT INTO `label` VALUES ('659823', '天天卡牌', '2');
INSERT INTO `label` VALUES ('661210', '坚定的EYE', '2');
INSERT INTO `label` VALUES ('662535', '狐妖小红娘', '2');
INSERT INTO `label` VALUES ('662804', '李晟京', '1');
INSERT INTO `label` VALUES ('664067', '神叨字幕组', '1');
INSERT INTO `label` VALUES ('666681', '得体陈一发', '2');
INSERT INTO `label` VALUES ('672006', '标题骗人', '2');
INSERT INTO `label` VALUES ('676936', 'ORNX', '2');
INSERT INTO `label` VALUES ('684076', '胡萝卜联盟', '2');
INSERT INTO `label` VALUES ('685982', '馊馊', '1');
INSERT INTO `label` VALUES ('689278', '木然', '2');
INSERT INTO `label` VALUES ('693797', '森哥侃车', '1');
INSERT INTO `label` VALUES ('696542', '怀旧服', '2');
INSERT INTO `label` VALUES ('699021', '虐心与释怀', '2');
INSERT INTO `label` VALUES ('699777', '心路旅程', '2');
INSERT INTO `label` VALUES ('699874', '为什么是国语。。', '2');
INSERT INTO `label` VALUES ('700981', '英菲尼迪QX50', '1');
INSERT INTO `label` VALUES ('703400', '梦想之门', '2');
INSERT INTO `label` VALUES ('704218', '黑暗之魂3', '2');
INSERT INTO `label` VALUES ('706892', '无心法师', '1');
INSERT INTO `label` VALUES ('713768', '史丹利快报', '2');
INSERT INTO `label` VALUES ('719266', '硬好', '2');
INSERT INTO `label` VALUES ('735886', 'TeamSⅡ', '1');
INSERT INTO `label` VALUES ('736493', 'A站林夕', '2');
INSERT INTO `label` VALUES ('736736', 'twice', '3');
INSERT INTO `label` VALUES ('736737', '周子瑜', '2');
INSERT INTO `label` VALUES ('743161', '全程抖腿', '2');
INSERT INTO `label` VALUES ('746639', 'TechQuickie', '1');
INSERT INTO `label` VALUES ('756813', '落第骑士', '2');
INSERT INTO `label` VALUES ('756827', '大清药丸', '2');
INSERT INTO `label` VALUES ('761084', '辉光字幕组', '1');
INSERT INTO `label` VALUES ('762787', '斗鱼67373', '2');
INSERT INTO `label` VALUES ('763770', '主播真会玩', '4');
INSERT INTO `label` VALUES ('764738', '欅坂46', '2');
INSERT INTO `label` VALUES ('767003', '求关注系列', '2');
INSERT INTO `label` VALUES ('770186', '暴走大事件第四季', '2');
INSERT INTO `label` VALUES ('782809', '九筒封神榜', '2');
INSERT INTO `label` VALUES ('787745', '高产啊', '2');
INSERT INTO `label` VALUES ('791201', '屎蛋说', '2');
INSERT INTO `label` VALUES ('793019', '涂山苏苏', '2');
INSERT INTO `label` VALUES ('814903', 'Anitama', '2');
INSERT INTO `label` VALUES ('825652', 'FTR翻译字幕组', '1');
INSERT INTO `label` VALUES ('828331', 'PDD真会玩', '2');
INSERT INTO `label` VALUES ('831649', '魔法少女☆凛', '2');
INSERT INTO `label` VALUES ('833837', '椭奇', '2');
INSERT INTO `label` VALUES ('836909', '年度混音', '2');
INSERT INTO `label` VALUES ('841428', '宇宙大新闻', '2');
INSERT INTO `label` VALUES ('846038', '主播炸了', '2');
INSERT INTO `label` VALUES ('847444', '国产良心动画', '2');
INSERT INTO `label` VALUES ('855253', '一人饮酒醉', '2');
INSERT INTO `label` VALUES ('856863', '壁纸狂魔', '2');
INSERT INTO `label` VALUES ('857590', '向往的致郁', '2');
INSERT INTO `label` VALUES ('858703', '李圣经', '2');
INSERT INTO `label` VALUES ('866346', '军事纪录片', '1');
INSERT INTO `label` VALUES ('867689', '日剧日影混剪', '1');
INSERT INTO `label` VALUES ('868182', '你的名字', '4');
INSERT INTO `label` VALUES ('869402', 'SNH48许杨玉琢', '1');
INSERT INTO `label` VALUES ('869585', '劫富济贫', '1');
INSERT INTO `label` VALUES ('873894', '日榜', '2');
INSERT INTO `label` VALUES ('881256', '里约奥运会', '1');
INSERT INTO `label` VALUES ('885310', '岚夏', '1');
INSERT INTO `label` VALUES ('886846', '汉服发型', '1');
INSERT INTO `label` VALUES ('893637', 'N服', '2');
INSERT INTO `label` VALUES ('898955', '凹凸君说', '2');
INSERT INTO `label` VALUES ('918055', '青铜修炼手册', '2');
INSERT INTO `label` VALUES ('920309', 'JUMP流', '4');
INSERT INTO `label` VALUES ('920745', '王权富贵', '2');
INSERT INTO `label` VALUES ('922378', '努巴尼欢乐秀', '2');
INSERT INTO `label` VALUES ('924106', '连载动画', '2');
INSERT INTO `label` VALUES ('924221', '车TT', '1');
INSERT INTO `label` VALUES ('925137', '奇点汽车', '1');
INSERT INTO `label` VALUES ('932765', '是大腿', '4');
INSERT INTO `label` VALUES ('934695', '九州牧云记', '1');
INSERT INTO `label` VALUES ('934988', '战地纪实', '1');
INSERT INTO `label` VALUES ('938004', '视频播放失败', '1');
INSERT INTO `label` VALUES ('940390', 'bej48', '1');
INSERT INTO `label` VALUES ('940391', 'gnz48', '1');
INSERT INTO `label` VALUES ('947091', '头发护理', '1');
INSERT INTO `label` VALUES ('948468', 'www.znjchina.com', '1');
INSERT INTO `label` VALUES ('950172', '歌声与月光', '2');
INSERT INTO `label` VALUES ('951579', 'Stardom', '1');
INSERT INTO `label` VALUES ('951989', '我选择了不结婚', '1');
INSERT INTO `label` VALUES ('958876', '極楽浄土', '2');
INSERT INTO `label` VALUES ('960529', '极乐净土', '3');
INSERT INTO `label` VALUES ('963216', '魏则西', '2');
INSERT INTO `label` VALUES ('967659', 'logo制作', '1');
INSERT INTO `label` VALUES ('967778', '百鸟朝凤', '2');
INSERT INTO `label` VALUES ('968641', '混剪晓佳', '2');
INSERT INTO `label` VALUES ('969567', '心的旅程', '1');
INSERT INTO `label` VALUES ('970337', '每日撸报', '2');
INSERT INTO `label` VALUES ('970979', '科技BB秀', '2');
INSERT INTO `label` VALUES ('971953', '青青世界', '2');
INSERT INTO `label` VALUES ('977342', '传祺GS8', '1');
INSERT INTO `label` VALUES ('977557', '前前前世', '2');
INSERT INTO `label` VALUES ('979143', '怪异故事', '2');
INSERT INTO `label` VALUES ('979144', '怪异君', '2');
INSERT INTO `label` VALUES ('981423', '智能界', '1');
INSERT INTO `label` VALUES ('982546', '朱碧石', '1');
INSERT INTO `label` VALUES ('982879', '王牌美颜', '2');
INSERT INTO `label` VALUES ('983305', '欧肯视线', '1');
INSERT INTO `label` VALUES ('983364', 'Lorre', '2');
INSERT INTO `label` VALUES ('989364', '作死大帝', '2');
INSERT INTO `label` VALUES ('992827', '舞法天女', '2');
INSERT INTO `label` VALUES ('993262', '长歌是大腿', '4');
INSERT INTO `label` VALUES ('993911', '聚印象视频', '2');
INSERT INTO `label` VALUES ('994807', '韩语口语', '1');
INSERT INTO `label` VALUES ('995841', '韩语零基础', '1');
INSERT INTO `label` VALUES ('996627', '韩语自学', '1');
INSERT INTO `label` VALUES ('999997', 'Gugudan', '1');
INSERT INTO `label` VALUES ('1001111', '瞎看什么', '2');
INSERT INTO `label` VALUES ('1002130', '历史有今天', '1');
INSERT INTO `label` VALUES ('1002336', '坦克世界欢乐视频', '2');
INSERT INTO `label` VALUES ('1004329', '子清', '2');
INSERT INTO `label` VALUES ('1006763', '韩语零基础入门', '1');
INSERT INTO `label` VALUES ('1007709', '不懂球的胖子', '1');
INSERT INTO `label` VALUES ('1008627', '当官的胖子', '1');
INSERT INTO `label` VALUES ('1012615', '报哥侃枪', '2');
INSERT INTO `label` VALUES ('1013004', '韩语翻译', '1');
INSERT INTO `label` VALUES ('1013667', '日天日地日空气', '2');
INSERT INTO `label` VALUES ('1018623', '韩语语法', '1');
INSERT INTO `label` VALUES ('1018624', '韩语初级', '1');
INSERT INTO `label` VALUES ('1019503', '游研社', '2');
INSERT INTO `label` VALUES ('1020768', '一日歌', '2');
INSERT INTO `label` VALUES ('1024138', '韩语交流', '1');
INSERT INTO `label` VALUES ('1024907', '海马S3', '1');
INSERT INTO `label` VALUES ('1027012', '振宇有话说', '1');
INSERT INTO `label` VALUES ('1027052', '涂山红红', '2');
INSERT INTO `label` VALUES ('1029553', '一周游戏100%人品镜头', '2');
INSERT INTO `label` VALUES ('1029769', '智能界出品', '1');
INSERT INTO `label` VALUES ('1041243', '国服精彩集锦', '2');
INSERT INTO `label` VALUES ('1041585', '叨叨喵', '1');
INSERT INTO `label` VALUES ('1043295', '北美报哥', '2');
INSERT INTO `label` VALUES ('1044723', '来玩标签啊', '2');
INSERT INTO `label` VALUES ('1045273', '韩语教学视频', '1');
INSERT INTO `label` VALUES ('1047283', '旋风少女2', '1');
INSERT INTO `label` VALUES ('1049283', '奥雷', '2');
INSERT INTO `label` VALUES ('1050028', '舞蹈月刊', '2');
INSERT INTO `label` VALUES ('1050538', '七车资讯', '1');
INSERT INTO `label` VALUES ('1051369', '隨心所欲Mercy', '2');
INSERT INTO `label` VALUES ('1054179', '你干嘛', '1');
INSERT INTO `label` VALUES ('1055781', '韩语发音规则', '1');
INSERT INTO `label` VALUES ('1055847', '涡轮时间', '1');
INSERT INTO `label` VALUES ('1056443', 'LOGO设计', '1');
INSERT INTO `label` VALUES ('1057147', '韩剧台词', '1');
INSERT INTO `label` VALUES ('1060344', '军师联盟', '1');
INSERT INTO `label` VALUES ('1060361', '我的体育老师', '1');
INSERT INTO `label` VALUES ('1061549', '虾菌', '2');
INSERT INTO `label` VALUES ('1061550', '虾酱', '2');
INSERT INTO `label` VALUES ('1064281', '举重妖精金福珠', '2');
INSERT INTO `label` VALUES ('1065567', '贪吃臭美', '1');
INSERT INTO `label` VALUES ('1069975', '东方嗑药作品', '2');
INSERT INTO `label` VALUES ('1080745', '木易苏野趣', '4');
INSERT INTO `label` VALUES ('1083190', '阿婆南票南柱赫', '1');
INSERT INTO `label` VALUES ('1083265', '村民敢怒不敢言', '4');
INSERT INTO `label` VALUES ('1088408', '东方默剧作品', '2');
INSERT INTO `label` VALUES ('1091172', '短小的Lorre', '2');
INSERT INTO `label` VALUES ('1092760', '锦笑', '2');
INSERT INTO `label` VALUES ('1094764', '京天华盛', '1');
INSERT INTO `label` VALUES ('1094768', '严老师', '1');
INSERT INTO `label` VALUES ('1097640', '孤单又灿烂的神－鬼怪', '1');
INSERT INTO `label` VALUES ('1098114', '死鬼CP', '2');
INSERT INTO `label` VALUES ('1098797', '普拉多停产', '1');
INSERT INTO `label` VALUES ('1098907', '2016游戏', '2');
INSERT INTO `label` VALUES ('1099263', '教授虐菜', '1');
INSERT INTO `label` VALUES ('1102812', 'JackieBeauty', '1');
INSERT INTO `label` VALUES ('1103261', '老司姬', '2');
INSERT INTO `label` VALUES ('1105123', '孤独又灿烂的神鬼怪', '1');
INSERT INTO `label` VALUES ('1105124', '祝星', '1');
INSERT INTO `label` VALUES ('1105154', '汉服妆容', '1');
INSERT INTO `label` VALUES ('1108685', 'girlsday李惠利', '2');
INSERT INTO `label` VALUES ('1109603', '大皇冠', '2');
INSERT INTO `label` VALUES ('1109943', 'STN快报', '2');
INSERT INTO `label` VALUES ('1110098', '2016年度鬼畜调教作品精选', '2');
INSERT INTO `label` VALUES ('1110846', '桑塔纳快报', '2');
INSERT INTO `label` VALUES ('1111554', '哇飞碟', '2');
INSERT INTO `label` VALUES ('1111687', '多少P？', '2');
INSERT INTO `label` VALUES ('1111709', '男生看了会沉默', '2');
INSERT INTO `label` VALUES ('1111710', '女生看了会流泪', '2');
INSERT INTO `label` VALUES ('1111886', '父女群像', '1');
INSERT INTO `label` VALUES ('1111887', 'up失踪多时', '1');
INSERT INTO `label` VALUES ('1111934', 'ACFUN香蕉回收计划', '2');
INSERT INTO `label` VALUES ('1112214', '空灵美声', '2');
INSERT INTO `label` VALUES ('1112991', '场面一度十分尴尬', '2');
INSERT INTO `label` VALUES ('1113177', '屎O说', '2');
INSERT INTO `label` VALUES ('1113827', '栋栋我试试看', '2');
INSERT INTO `label` VALUES ('1114562', '世界百美', '1');
INSERT INTO `label` VALUES ('1114594', '死侍大战屠杀', '2');
INSERT INTO `label` VALUES ('1114595', '纽约大屠杀', '2');
INSERT INTO `label` VALUES ('1114678', '平衡车体验', '1');
INSERT INTO `label` VALUES ('1114718', '中国风动漫', '2');
INSERT INTO `label` VALUES ('1114760', '吹逼女圣手', '2');
INSERT INTO `label` VALUES ('1114761', '女段子手', '2');
INSERT INTO `label` VALUES ('1114977', '帽子咋来的', '2');
INSERT INTO `label` VALUES ('1115934', '街头食品', '2');
INSERT INTO `label` VALUES ('1115949', '喷子退散！！！', '1');
INSERT INTO `label` VALUES ('1115962', '林熊猫是什么鬼', '2');
INSERT INTO `label` VALUES ('1116016', '明珠大姐', '2');
INSERT INTO `label` VALUES ('1116205', '屠狗啦啦啦啦啦', '1');
INSERT INTO `label` VALUES ('1116364', '新闻合集', '2');
INSERT INTO `label` VALUES ('1116391', '援始天尊', '2');
INSERT INTO `label` VALUES ('1116445', '机器人夏先生1号', '2');
INSERT INTO `label` VALUES ('1116465', 'BGM:Star Sky', '2');
INSERT INTO `label` VALUES ('1116470', 'starysky', '2');
INSERT INTO `label` VALUES ('1116663', '蜘蛛侠打篮球', '1');
INSERT INTO `label` VALUES ('1116664', '球场蜘蛛侠', '1');
INSERT INTO `label` VALUES ('1116665', '教授虐菜新作', '1');
INSERT INTO `label` VALUES ('1116814', '发条张么么哒', '1');
INSERT INTO `label` VALUES ('1116956', '弓箭手宝马M2', '1');
INSERT INTO `label` VALUES ('1116957', '重炮手M4', '1');
INSERT INTO `label` VALUES ('1116958', '最年轻M', '1');
INSERT INTO `label` VALUES ('1116959', 'Car成员', '1');
INSERT INTO `label` VALUES ('1116960', '最具驾驶乐趣宝马', '1');
INSERT INTO `label` VALUES ('1116961', '1M继承者', '1');
INSERT INTO `label` VALUES ('1116962', '宝马改装', '1');
INSERT INTO `label` VALUES ('1116963', 'OSS DESIGN头灯', '1');
INSERT INTO `label` VALUES ('1116964', '天蝎全段排气', '1');
INSERT INTO `label` VALUES ('1117075', '柒仔', '2');
INSERT INTO `label` VALUES ('1117143', '拜厄斯', '1');
INSERT INTO `label` VALUES ('1117233', '2p增收入', '2');
INSERT INTO `label` VALUES ('1117235', '渣渣看了开头就走系列', '2');
INSERT INTO `label` VALUES ('1117245', '2P终于有用了', '2');
INSERT INTO `label` VALUES ('1117286', '用中文骂你', '2');
INSERT INTO `label` VALUES ('1117317', '第四P的脸到底坏了没', '2');
INSERT INTO `label` VALUES ('1117318', '有字幕要2P干嘛', '2');
INSERT INTO `label` VALUES ('1117365', '股东朋友们好', '2');
INSERT INTO `label` VALUES ('1117389', '双击评论666', '2');
INSERT INTO `label` VALUES ('1117398', '八方互助', '2');
INSERT INTO `label` VALUES ('1117417', 'ace-jumper', '1');
INSERT INTO `label` VALUES ('1117418', '顶级弹跳', '1');
INSERT INTO `label` VALUES ('1117419', '梦想还是要有的', '1');
INSERT INTO `label` VALUES ('1117472', '叫股东！让我爽', '2');
INSERT INTO `label` VALUES ('1117518', '更新好慢啊', '2');
INSERT INTO `label` VALUES ('1117523', '点一遍2p广告再看1p', '2');
INSERT INTO `label` VALUES ('1117553', '一个人过节', '2');
INSERT INTO `label` VALUES ('1117561', '2p增加收入', '2');
INSERT INTO `label` VALUES ('1117574', '这货ID恶意卖萌', '2');
INSERT INTO `label` VALUES ('1117606', '社长说', '2');
INSERT INTO `label` VALUES ('1117650', '一年经费全在这一期', '2');
INSERT INTO `label` VALUES ('1117714', '最残暴扣篮集锦', '1');
INSERT INTO `label` VALUES ('1117715', '历年扣篮集锦', '1');
INSERT INTO `label` VALUES ('1117716', '不好看你打我', '1');
INSERT INTO `label` VALUES ('1117717', '真正的扣篮', '1');
INSERT INTO `label` VALUES ('1117718', '扣篮盘点', '1');
INSERT INTO `label` VALUES ('1117867', '四胎全换', '1');
INSERT INTO `label` VALUES ('1117870', '一大碗雪橇合集', '2');
INSERT INTO `label` VALUES ('1117960', '这就是我的歌单', '2');
INSERT INTO `label` VALUES ('1118058', 'OhMyGilr', '1');
INSERT INTO `label` VALUES ('1118059', 'BraveGilrs', '1');
INSERT INTO `label` VALUES ('1118173', '桶神到此一游', '2');
INSERT INTO `label` VALUES ('1118268', '我小叮当今天要上了你', '2');
INSERT INTO `label` VALUES ('1118292', 'MC子龙', '2');
INSERT INTO `label` VALUES ('1118294', '5蕉脱单', '2');
INSERT INTO `label` VALUES ('1118580', '看前催更', '2');
INSERT INTO `label` VALUES ('1118597', 'NBA十大', '1');
INSERT INTO `label` VALUES ('1118604', 'BGM恋爱循环', '1');
INSERT INTO `label` VALUES ('1118608', '西服越来越合身了', '2');
INSERT INTO `label` VALUES ('1118609', '居然有钱买西服', '2');
INSERT INTO `label` VALUES ('1118619', '怎么还不更', '2');
INSERT INTO `label` VALUES ('1118670', '下一期呢', '2');
INSERT INTO `label` VALUES ('1118718', '窑鸡', '2');
INSERT INTO `label` VALUES ('1118729', '挖泥鳅', '2');
INSERT INTO `label` VALUES ('1118731', 'rap去哪了', '2');
INSERT INTO `label` VALUES ('1118739', '五指神厨', '2');
INSERT INTO `label` VALUES ('1118877', '台湾爱国群众', '1');
INSERT INTO `label` VALUES ('1118910', '2大爷去哪儿了', '2');
INSERT INTO `label` VALUES ('1119213', '新的啦', '2');
INSERT INTO `label` VALUES ('1119225', '放在哪个眼', '2');
INSERT INTO `label` VALUES ('1119284', '超级球队', '1');
INSERT INTO `label` VALUES ('1119285', '令人失望的球队', '1');
INSERT INTO `label` VALUES ('1119286', 'NBA盘点', '1');
INSERT INTO `label` VALUES ('1119287', 'NBA十大盘点', '1');
INSERT INTO `label` VALUES ('1119288', '十大超级球队', '1');
INSERT INTO `label` VALUES ('1119290', '斯密斯威森M500', '2');
INSERT INTO `label` VALUES ('1119291', 'M500手炮', '2');
INSERT INTO `label` VALUES ('1119292', '点50左轮', '2');
INSERT INTO `label` VALUES ('1119293', 'SWM500', '2');
INSERT INTO `label` VALUES ('1119385', '国土安全 第六季', '2');
INSERT INTO `label` VALUES ('1119453', '衰女翻身', '1');
INSERT INTO `label` VALUES ('1119548', '乡土野食', '2');
INSERT INTO `label` VALUES ('1119652', 'AllForBC-字幕组', '1');
INSERT INTO `label` VALUES ('1119698', '够野', '2');
INSERT INTO `label` VALUES ('1119710', '野味小哥', '2');
INSERT INTO `label` VALUES ('1119720', '咋了净土', '1');
INSERT INTO `label` VALUES ('1119721', '这个净土画风好奇怪', '1');
INSERT INTO `label` VALUES ('1119739', '新年伊始就犯了中二病', '2');
INSERT INTO `label` VALUES ('1119789', 'Michalina.Olszańska', '1');
INSERT INTO `label` VALUES ('1119790', '女主美得让人窒息', '1');
INSERT INTO `label` VALUES ('1119792', '折折', '1');
INSERT INTO `label` VALUES ('1119793', '平均身高170', '1');
INSERT INTO `label` VALUES ('1119800', '方廷皓', '1');
INSERT INTO `label` VALUES ('1119820', '萍水相逢演唱会', '2');
INSERT INTO `label` VALUES ('1119833', '矢量图', '1');
INSERT INTO `label` VALUES ('1119834', '秦时明月白凤篇', '2');
INSERT INTO `label` VALUES ('1119838', '白月初', '2');
INSERT INTO `label` VALUES ('1119839', '良心作系列', '2');
INSERT INTO `label` VALUES ('1119842', '一点也不防不胜防', '2');
INSERT INTO `label` VALUES ('1119843', '用别的眼看', '2');
INSERT INTO `label` VALUES ('1119844', 'HYPERCARS', '1');
INSERT INTO `label` VALUES ('1119853', '年下组', '1');
INSERT INTO `label` VALUES ('1119854', 'up闲的蛋疼', '1');
INSERT INTO `label` VALUES ('1119855', 'Excel数据透视表视频', '1');
INSERT INTO `label` VALUES ('1119861', '野孩子-苏永康', '2');
INSERT INTO `label` VALUES ('1119872', 'Logo教学', '1');
INSERT INTO `label` VALUES ('1119873', 'Logo教程', '1');
INSERT INTO `label` VALUES ('1119874', 'Logo教学视频', '1');
INSERT INTO `label` VALUES ('1119875', 'Logo制作教学', '1');
INSERT INTO `label` VALUES ('1119876', 'Logo设计原理', '1');
INSERT INTO `label` VALUES ('1119907', '瑞虎2', '1');
INSERT INTO `label` VALUES ('1119908', '林珍娜nana', '2');
INSERT INTO `label` VALUES ('1119909', 'AOA金雪炫', '2');
INSERT INTO `label` VALUES ('1119911', '吉莲安德森', '1');
INSERT INTO `label` VALUES ('1119912', '吉米多南', '1');
INSERT INTO `label` VALUES ('1119936', '坦克世界老炮', '2');
INSERT INTO `label` VALUES ('1119938', '封神榜重出江湖了', '2');
INSERT INTO `label` VALUES ('1119942', '同性惊悚犯罪', '1');
INSERT INTO `label` VALUES ('1120079', '头发养护', '1');
INSERT INTO `label` VALUES ('1120080', '护发心得', '1');
INSERT INTO `label` VALUES ('1120158', 'IEM京畿道', '2');
INSERT INTO `label` VALUES ('1120174', '生命只有一次', '2');
INSERT INTO `label` VALUES ('1120177', '宁停一分不抢一秒', '2');
INSERT INTO `label` VALUES ('1120180', '礼让是美德', '2');
INSERT INTO `label` VALUES ('1120226', '富士康LOL比赛', '2');
INSERT INTO `label` VALUES ('1120228', '（猪肉和香肠）', '2');
INSERT INTO `label` VALUES ('1120345', '含剧透打算追片请绕行', '2');
INSERT INTO `label` VALUES ('1120541', '我大雄今天要日小叮当', '2');
INSERT INTO `label` VALUES ('1120620', '百元内彩妆', '1');
INSERT INTO `label` VALUES ('1120655', '每日撸根', '2');
INSERT INTO `label` VALUES ('1120661', '暴走1-4', '2');
INSERT INTO `label` VALUES ('1120706', '我爱高可心', '2');
INSERT INTO `label` VALUES ('1120730', '没有老二', '2');
INSERT INTO `label` VALUES ('1120841', '日本是二战受害者', '2');
INSERT INTO `label` VALUES ('1120847', '被滑稽撩了', '2');
INSERT INTO `label` VALUES ('1120924', 'young for you', '2');
INSERT INTO `label` VALUES ('1121186', '我们都爱高可心', '2');
INSERT INTO `label` VALUES ('1122168', '银笑', '2');
INSERT INTO `label` VALUES ('1123996', 'Lita Rinrapat', '1');
INSERT INTO `label` VALUES ('1125782', '厉害了青木大哥', '2');
INSERT INTO `label` VALUES ('1142643', '吃撑伤身请绝食', '2');
INSERT INTO `label` VALUES ('1142653', '阿斯顿', '0');
INSERT INTO `label` VALUES ('1142654', '人团有', '0');
INSERT INTO `label` VALUES ('1142655', '儿童', '0');
INSERT INTO `label` VALUES ('1142656', '', '0');
INSERT INTO `label` VALUES ('1142657', '阿萨德', '0');
INSERT INTO `label` VALUES ('1142658', '撒大大说', '0');
INSERT INTO `label` VALUES ('1142659', '二人', '0');
INSERT INTO `label` VALUES ('1142660', '所发生的', '0');
INSERT INTO `label` VALUES ('1142661', '硒鼓', '0');

-- ----------------------------
-- Table structure for `label_res`
-- ----------------------------
DROP TABLE IF EXISTS `label_res`;
CREATE TABLE `label_res` (
  `rec_id` bigint(20) NOT NULL AUTO_INCREMENT,
  `label_id` bigint(20) NOT NULL,
  `resource_id` bigint(20) NOT NULL,
  PRIMARY KEY (`rec_id`),
  KEY `fk_lid` (`label_id`),
  KEY `fk_rid` (`resource_id`),
  CONSTRAINT `fk_rid` FOREIGN KEY (`resource_id`) REFERENCES `resource` (`resource_id`) ON DELETE CASCADE
) ENGINE=InnoDB AUTO_INCREMENT=1669 DEFAULT CHARSET=utf8;

-- ----------------------------
-- Records of label_res
-- ----------------------------
INSERT INTO `label_res` VALUES ('622', '16153', '3374486');
INSERT INTO `label_res` VALUES ('623', '83872', '3374486');
INSERT INTO `label_res` VALUES ('624', '764738', '3374486');
INSERT INTO `label_res` VALUES ('625', '15208', '3374486');
INSERT INTO `label_res` VALUES ('626', '108943', '3374486');
INSERT INTO `label_res` VALUES ('627', '44086', '3374486');
INSERT INTO `label_res` VALUES ('628', '15312', '3374486');
INSERT INTO `label_res` VALUES ('629', '49466', '3374486');
INSERT INTO `label_res` VALUES ('630', '96135', '3374486');
INSERT INTO `label_res` VALUES ('631', '11602', '3374486');
INSERT INTO `label_res` VALUES ('632', '25', '3372050');
INSERT INTO `label_res` VALUES ('633', '684076', '3372050');
INSERT INTO `label_res` VALUES ('634', '20737', '3372050');
INSERT INTO `label_res` VALUES ('635', '10036', '3372050');
INSERT INTO `label_res` VALUES ('636', '42190', '3372050');
INSERT INTO `label_res` VALUES ('637', '54247', '3372050');
INSERT INTO `label_res` VALUES ('638', '32268', '3372050');
INSERT INTO `label_res` VALUES ('639', '105062', '3372050');
INSERT INTO `label_res` VALUES ('640', '20622', '3372050');
INSERT INTO `label_res` VALUES ('641', '34902', '3374818');
INSERT INTO `label_res` VALUES ('642', '14937', '3374818');
INSERT INTO `label_res` VALUES ('643', '44170', '3374818');
INSERT INTO `label_res` VALUES ('644', '38275', '3374818');
INSERT INTO `label_res` VALUES ('645', '704218', '3374818');
INSERT INTO `label_res` VALUES ('646', '689278', '3374818');
INSERT INTO `label_res` VALUES ('647', '89674', '3374818');
INSERT INTO `label_res` VALUES ('648', '134371', '3374818');
INSERT INTO `label_res` VALUES ('649', '31313', '3374818');
INSERT INTO `label_res` VALUES ('650', '1453', '3374818');
INSERT INTO `label_res` VALUES ('651', '1043295', '3373931');
INSERT INTO `label_res` VALUES ('652', '1012615', '3373931');
INSERT INTO `label_res` VALUES ('653', '1119293', '3373931');
INSERT INTO `label_res` VALUES ('654', '1119292', '3373931');
INSERT INTO `label_res` VALUES ('655', '1119291', '3373931');
INSERT INTO `label_res` VALUES ('656', '1119290', '3373931');
INSERT INTO `label_res` VALUES ('657', '50211', '3370648');
INSERT INTO `label_res` VALUES ('658', '4945', '3375653');
INSERT INTO `label_res` VALUES ('659', '9054', '3375653');
INSERT INTO `label_res` VALUES ('660', '23321', '3375653');
INSERT INTO `label_res` VALUES ('661', '44732', '3375653');
INSERT INTO `label_res` VALUES ('662', '191420', '3374361');
INSERT INTO `label_res` VALUES ('663', '75117', '3374361');
INSERT INTO `label_res` VALUES ('664', '868182', '3338765');
INSERT INTO `label_res` VALUES ('665', '203742', '3338765');
INSERT INTO `label_res` VALUES ('666', '315822', '3369824');
INSERT INTO `label_res` VALUES ('667', '1120541', '3369824');
INSERT INTO `label_res` VALUES ('668', '743161', '3369824');
INSERT INTO `label_res` VALUES ('669', '1118294', '3369824');
INSERT INTO `label_res` VALUES ('670', '1118268', '3369824');
INSERT INTO `label_res` VALUES ('671', '1117960', '3369824');
INSERT INTO `label_res` VALUES ('672', '1013667', '3369824');
INSERT INTO `label_res` VALUES ('673', '855253', '3369824');
INSERT INTO `label_res` VALUES ('674', '13745', '3369824');
INSERT INTO `label_res` VALUES ('675', '1044723', '3369824');
INSERT INTO `label_res` VALUES ('676', '989364', '3375545');
INSERT INTO `label_res` VALUES ('677', '922378', '3375767');
INSERT INTO `label_res` VALUES ('678', '495771', '3375767');
INSERT INTO `label_res` VALUES ('679', '1121186', '3369150');
INSERT INTO `label_res` VALUES ('680', '1120706', '3369150');
INSERT INTO `label_res` VALUES ('681', '736493', '3369150');
INSERT INTO `label_res` VALUES ('682', '1117870', '3369150');
INSERT INTO `label_res` VALUES ('683', '301', '3369150');
INSERT INTO `label_res` VALUES ('684', '1119385', '3373775');
INSERT INTO `label_res` VALUES ('685', '37133', '3373775');
INSERT INTO `label_res` VALUES ('686', '6103', '3373775');
INSERT INTO `label_res` VALUES ('687', '5836', '3373775');
INSERT INTO `label_res` VALUES ('688', '18710', '3373775');
INSERT INTO `label_res` VALUES ('689', '2595', '3373775');
INSERT INTO `label_res` VALUES ('690', '1120841', '1930468');
INSERT INTO `label_res` VALUES ('691', '357436', '1930468');
INSERT INTO `label_res` VALUES ('692', '28732', '1930468');
INSERT INTO `label_res` VALUES ('693', '83734', '1930468');
INSERT INTO `label_res` VALUES ('694', '699874', '1930468');
INSERT INTO `label_res` VALUES ('695', '14551', '3374954');
INSERT INTO `label_res` VALUES ('696', '45396', '3350935');
INSERT INTO `label_res` VALUES ('697', '288614', '3350935');
INSERT INTO `label_res` VALUES ('698', '756827', '3350935');
INSERT INTO `label_res` VALUES ('699', '1111934', '3350935');
INSERT INTO `label_res` VALUES ('700', '1111710', '3350935');
INSERT INTO `label_res` VALUES ('701', '1111709', '3350935');
INSERT INTO `label_res` VALUES ('702', '1111687', '3350935');
INSERT INTO `label_res` VALUES ('703', '96353', '3350935');
INSERT INTO `label_res` VALUES ('704', '1111554', '3350935');
INSERT INTO `label_res` VALUES ('705', '1110098', '3350935');
INSERT INTO `label_res` VALUES ('706', '1120345', '3375419');
INSERT INTO `label_res` VALUES ('707', '6344', '3375419');
INSERT INTO `label_res` VALUES ('708', '1119938', '3375419');
INSERT INTO `label_res` VALUES ('709', '374481', '3375419');
INSERT INTO `label_res` VALUES ('710', '175373', '3375419');
INSERT INTO `label_res` VALUES ('711', '782809', '3375419');
INSERT INTO `label_res` VALUES ('712', '1120924', '3375779');
INSERT INTO `label_res` VALUES ('713', '26595', '3375779');
INSERT INTO `label_res` VALUES ('714', '25555', '3375779');
INSERT INTO `label_res` VALUES ('715', '44448', '3375779');
INSERT INTO `label_res` VALUES ('716', '1120730', '3375427');
INSERT INTO `label_res` VALUES ('717', '2132', '3375427');
INSERT INTO `label_res` VALUES ('718', '9841', '3375427');
INSERT INTO `label_res` VALUES ('719', '7481', '3375427');
INSERT INTO `label_res` VALUES ('720', '24275', '3375427');
INSERT INTO `label_res` VALUES ('721', '31552', '3375427');
INSERT INTO `label_res` VALUES ('722', '179985', '3375427');
INSERT INTO `label_res` VALUES ('723', '992827', '3375418');
INSERT INTO `label_res` VALUES ('724', '11907', '3375215');
INSERT INTO `label_res` VALUES ('725', '1908', '3375215');
INSERT INTO `label_res` VALUES ('726', '33', '3375215');
INSERT INTO `label_res` VALUES ('727', '1049283', '3375215');
INSERT INTO `label_res` VALUES ('728', '24432', '3376278');
INSERT INTO `label_res` VALUES ('729', '13327', '3376278');
INSERT INTO `label_res` VALUES ('730', '4684', '3376278');
INSERT INTO `label_res` VALUES ('731', '237', '3376278');
INSERT INTO `label_res` VALUES ('732', '239568', '3376278');
INSERT INTO `label_res` VALUES ('733', '847444', '3376278');
INSERT INTO `label_res` VALUES ('734', '374075', '3376278');
INSERT INTO `label_res` VALUES ('735', '1120180', '3375962');
INSERT INTO `label_res` VALUES ('736', '1120177', '3375962');
INSERT INTO `label_res` VALUES ('737', '1120174', '3375962');
INSERT INTO `label_res` VALUES ('738', '335318', '3375962');
INSERT INTO `label_res` VALUES ('739', '164193', '3375962');
INSERT INTO `label_res` VALUES ('740', '135487', '3375962');
INSERT INTO `label_res` VALUES ('741', '32302', '3375962');
INSERT INTO `label_res` VALUES ('742', '4120', '3375962');
INSERT INTO `label_res` VALUES ('743', '519074', '3376728');
INSERT INTO `label_res` VALUES ('744', '237', '3376530');
INSERT INTO `label_res` VALUES ('745', '21947', '3364718');
INSERT INTO `label_res` VALUES ('746', '1116470', '3364718');
INSERT INTO `label_res` VALUES ('747', '1116465', '3364718');
INSERT INTO `label_res` VALUES ('748', '1116364', '3364718');
INSERT INTO `label_res` VALUES ('749', '125326', '3364718');
INSERT INTO `label_res` VALUES ('750', '374481', '3364718');
INSERT INTO `label_res` VALUES ('751', '1116016', '3364718');
INSERT INTO `label_res` VALUES ('752', '967778', '3364718');
INSERT INTO `label_res` VALUES ('753', '963216', '3364718');
INSERT INTO `label_res` VALUES ('754', '841428', '3364718');
INSERT INTO `label_res` VALUES ('755', '1119843', '3371737');
INSERT INTO `label_res` VALUES ('756', '10052', '3371737');
INSERT INTO `label_res` VALUES ('757', '1119225', '3371737');
INSERT INTO `label_res` VALUES ('758', '1118670', '3371737');
INSERT INTO `label_res` VALUES ('759', '1118619', '3371737');
INSERT INTO `label_res` VALUES ('760', '1118580', '3371737');
INSERT INTO `label_res` VALUES ('761', '46111', '3371737');
INSERT INTO `label_res` VALUES ('762', '1061550', '3371737');
INSERT INTO `label_res` VALUES ('763', '1061549', '3371737');
INSERT INTO `label_res` VALUES ('764', '1001111', '3371737');
INSERT INTO `label_res` VALUES ('765', '1118910', '3372111');
INSERT INTO `label_res` VALUES ('766', '1118731', '3372111');
INSERT INTO `label_res` VALUES ('767', '564754', '3372111');
INSERT INTO `label_res` VALUES ('768', '49175', '3372111');
INSERT INTO `label_res` VALUES ('769', '67562', '3372111');
INSERT INTO `label_res` VALUES ('770', '74644', '3372111');
INSERT INTO `label_res` VALUES ('771', '979143', '3372111');
INSERT INTO `label_res` VALUES ('772', '979144', '3372111');
INSERT INTO `label_res` VALUES ('773', '1118292', '3367268');
INSERT INTO `label_res` VALUES ('774', '28194', '3367268');
INSERT INTO `label_res` VALUES ('775', '1117650', '3367268');
INSERT INTO `label_res` VALUES ('776', '1117389', '3367268');
INSERT INTO `label_res` VALUES ('777', '770186', '3367268');
INSERT INTO `label_res` VALUES ('778', '533', '3367268');
INSERT INTO `label_res` VALUES ('779', '153249', '3367268');
INSERT INTO `label_res` VALUES ('780', '41322', '3367268');
INSERT INTO `label_res` VALUES ('781', '1118609', '3368891');
INSERT INTO `label_res` VALUES ('782', '1118608', '3368891');
INSERT INTO `label_res` VALUES ('783', '1117472', '3368891');
INSERT INTO `label_res` VALUES ('784', '1110846', '3368891');
INSERT INTO `label_res` VALUES ('785', '1117365', '3368891');
INSERT INTO `label_res` VALUES ('786', '713768', '3368891');
INSERT INTO `label_res` VALUES ('787', '533', '3368891');
INSERT INTO `label_res` VALUES ('788', '54195', '3368891');
INSERT INTO `label_res` VALUES ('789', '1109943', '3368891');
INSERT INTO `label_res` VALUES ('790', '1119710', '3372460');
INSERT INTO `label_res` VALUES ('791', '1119698', '3372460');
INSERT INTO `label_res` VALUES ('792', '1119548', '3372460');
INSERT INTO `label_res` VALUES ('793', '412576', '3372460');
INSERT INTO `label_res` VALUES ('794', '1083265', '3372460');
INSERT INTO `label_res` VALUES ('795', '787745', '3372460');
INSERT INTO `label_res` VALUES ('796', '142547', '3372460');
INSERT INTO `label_res` VALUES ('797', '1118729', '3372460');
INSERT INTO `label_res` VALUES ('798', '91791', '3372460');
INSERT INTO `label_res` VALUES ('799', '1080745', '3372460');
INSERT INTO `label_res` VALUES ('800', '235197', '3372412');
INSERT INTO `label_res` VALUES ('801', '412576', '3372412');
INSERT INTO `label_res` VALUES ('802', '1112991', '3372412');
INSERT INTO `label_res` VALUES ('803', '1083265', '3372412');
INSERT INTO `label_res` VALUES ('804', '1118739', '3372412');
INSERT INTO `label_res` VALUES ('805', '222293', '3372412');
INSERT INTO `label_res` VALUES ('806', '244627', '3372412');
INSERT INTO `label_res` VALUES ('807', '1118718', '3372412');
INSERT INTO `label_res` VALUES ('808', '1080745', '3372412');
INSERT INTO `label_res` VALUES ('809', '305434', '3367002');
INSERT INTO `label_res` VALUES ('810', '245412', '3367002');
INSERT INTO `label_res` VALUES ('811', '221478', '3367002');
INSERT INTO `label_res` VALUES ('812', '241261', '3367002');
INSERT INTO `label_res` VALUES ('813', '29530', '3367002');
INSERT INTO `label_res` VALUES ('814', '659823', '3367002');
INSERT INTO `label_res` VALUES ('815', '155706', '3367002');
INSERT INTO `label_res` VALUES ('816', '155657', '3367002');
INSERT INTO `label_res` VALUES ('817', '655628', '3367002');
INSERT INTO `label_res` VALUES ('818', '509741', '3367002');
INSERT INTO `label_res` VALUES ('819', '736737', '3362165');
INSERT INTO `label_res` VALUES ('820', '1346', '3362165');
INSERT INTO `label_res` VALUES ('821', '29870', '3362165');
INSERT INTO `label_res` VALUES ('822', '138941', '3362165');
INSERT INTO `label_res` VALUES ('823', '28466', '3362165');
INSERT INTO `label_res` VALUES ('824', '549626', '3362165');
INSERT INTO `label_res` VALUES ('825', '31331', '3362165');
INSERT INTO `label_res` VALUES ('826', '32911', '3362165');
INSERT INTO `label_res` VALUES ('827', '246711', '3362165');
INSERT INTO `label_res` VALUES ('828', '2132', '3362165');
INSERT INTO `label_res` VALUES ('829', '22113', '3344638');
INSERT INTO `label_res` VALUES ('830', '6635', '3344638');
INSERT INTO `label_res` VALUES ('831', '412646', '3376504');
INSERT INTO `label_res` VALUES ('832', '5679', '3376504');
INSERT INTO `label_res` VALUES ('833', '301', '3376504');
INSERT INTO `label_res` VALUES ('834', '301498', '3376381');
INSERT INTO `label_res` VALUES ('835', '1415', '3376381');
INSERT INTO `label_res` VALUES ('836', '301', '3376319');
INSERT INTO `label_res` VALUES ('837', '1113827', '3376403');
INSERT INTO `label_res` VALUES ('838', '1120228', '3376403');
INSERT INTO `label_res` VALUES ('839', '60741', '3376403');
INSERT INTO `label_res` VALUES ('840', '1115934', '3376403');
INSERT INTO `label_res` VALUES ('841', '13463', '3376403');
INSERT INTO `label_res` VALUES ('842', '20053', '3376367');
INSERT INTO `label_res` VALUES ('843', '666', '3375333');
INSERT INTO `label_res` VALUES ('844', '11982', '3375333');
INSERT INTO `label_res` VALUES ('845', '1270', '3375333');
INSERT INTO `label_res` VALUES ('846', '526', '3375333');
INSERT INTO `label_res` VALUES ('847', '9525', '3375333');
INSERT INTO `label_res` VALUES ('848', '33573', '3375614');
INSERT INTO `label_res` VALUES ('849', '234620', '3375614');
INSERT INTO `label_res` VALUES ('850', '1119908', '3375614');
INSERT INTO `label_res` VALUES ('851', '117730', '3375614');
INSERT INTO `label_res` VALUES ('852', '389912', '3375614');
INSERT INTO `label_res` VALUES ('853', '736736', '3375614');
INSERT INTO `label_res` VALUES ('854', '1108685', '3375614');
INSERT INTO `label_res` VALUES ('855', '22058', '3375614');
INSERT INTO `label_res` VALUES ('856', '595596', '3375614');
INSERT INTO `label_res` VALUES ('857', '1119909', '3375614');
INSERT INTO `label_res` VALUES ('858', '1114977', '3362051');
INSERT INTO `label_res` VALUES ('859', '16628', '3362051');
INSERT INTO `label_res` VALUES ('860', '672006', '3362051');
INSERT INTO `label_res` VALUES ('861', '1114761', '3362051');
INSERT INTO `label_res` VALUES ('862', '1114760', '3362051');
INSERT INTO `label_res` VALUES ('863', '67414', '3362051');
INSERT INTO `label_res` VALUES ('864', '762787', '3362051');
INSERT INTO `label_res` VALUES ('865', '465906', '3362051');
INSERT INTO `label_res` VALUES ('866', '498673', '3362051');
INSERT INTO `label_res` VALUES ('867', '463859', '3362051');
INSERT INTO `label_res` VALUES ('868', '55919', '3369349');
INSERT INTO `label_res` VALUES ('869', '134332', '3369349');
INSERT INTO `label_res` VALUES ('870', '1117553', '3369349');
INSERT INTO `label_res` VALUES ('871', '646129', '3369349');
INSERT INTO `label_res` VALUES ('872', '463859', '3369349');
INSERT INTO `label_res` VALUES ('873', '465906', '3369349');
INSERT INTO `label_res` VALUES ('874', '180441', '3369349');
INSERT INTO `label_res` VALUES ('875', '763770', '3369349');
INSERT INTO `label_res` VALUES ('876', '20604', '3369349');
INSERT INTO `label_res` VALUES ('877', '142492', '3369349');
INSERT INTO `label_res` VALUES ('878', '1115962', '3364753');
INSERT INTO `label_res` VALUES ('879', '545584', '3364753');
INSERT INTO `label_res` VALUES ('880', '666681', '3364753');
INSERT INTO `label_res` VALUES ('881', '493977', '3364753');
INSERT INTO `label_res` VALUES ('882', '481473', '3364753');
INSERT INTO `label_res` VALUES ('883', '482095', '3364753');
INSERT INTO `label_res` VALUES ('884', '443561', '3364753');
INSERT INTO `label_res` VALUES ('885', '465906', '3364753');
INSERT INTO `label_res` VALUES ('886', '498673', '3364753');
INSERT INTO `label_res` VALUES ('887', '463859', '3364753');
INSERT INTO `label_res` VALUES ('888', '1117574', '3368808');
INSERT INTO `label_res` VALUES ('889', '1117286', '3368808');
INSERT INTO `label_res` VALUES ('890', '179162', '3374311');
INSERT INTO `label_res` VALUES ('891', '20587', '3369120');
INSERT INTO `label_res` VALUES ('892', '32583', '3369120');
INSERT INTO `label_res` VALUES ('893', '1117398', '3369120');
INSERT INTO `label_res` VALUES ('894', '1142643', '3365770');
INSERT INTO `label_res` VALUES ('895', '40234', '3365770');
INSERT INTO `label_res` VALUES ('896', '1051', '3365770');
INSERT INTO `label_res` VALUES ('897', '1116445', '3365770');
INSERT INTO `label_res` VALUES ('898', '526440', '3365770');
INSERT INTO `label_res` VALUES ('899', '968641', '3368736');
INSERT INTO `label_res` VALUES ('900', '43', '3369559');
INSERT INTO `label_res` VALUES ('901', '1117606', '3369559');
INSERT INTO `label_res` VALUES ('902', '1019503', '3369559');
INSERT INTO `label_res` VALUES ('903', '3312', '3369559');
INSERT INTO `label_res` VALUES ('904', '15', '3369559');
INSERT INTO `label_res` VALUES ('905', '1119842', '3374494');
INSERT INTO `label_res` VALUES ('906', '158263', '3374494');
INSERT INTO `label_res` VALUES ('907', '54195', '3374494');
INSERT INTO `label_res` VALUES ('908', '533', '3374494');
INSERT INTO `label_res` VALUES ('909', '1113177', '3374494');
INSERT INTO `label_res` VALUES ('910', '791201', '3374494');
INSERT INTO `label_res` VALUES ('911', '1002336', '3375701');
INSERT INTO `label_res` VALUES ('912', '1119936', '3375701');
INSERT INTO `label_res` VALUES ('913', '26632', '3375701');
INSERT INTO `label_res` VALUES ('914', '1029553', '3374108');
INSERT INTO `label_res` VALUES ('915', '20604', '3376567');
INSERT INTO `label_res` VALUES ('916', '25586', '3376567');
INSERT INTO `label_res` VALUES ('917', '16272', '3376567');
INSERT INTO `label_res` VALUES ('918', '1041243', '3376995');
INSERT INTO `label_res` VALUES ('919', '495771', '3376995');
INSERT INTO `label_res` VALUES ('920', '893637', '3375434');
INSERT INTO `label_res` VALUES ('921', '696542', '3375434');
INSERT INTO `label_res` VALUES ('922', '671', '3375434');
INSERT INTO `label_res` VALUES ('923', '1024', '3375434');
INSERT INTO `label_res` VALUES ('924', '2105', '3376503');
INSERT INTO `label_res` VALUES ('925', '39001', '3377460');
INSERT INTO `label_res` VALUES ('926', '317080', '3377460');
INSERT INTO `label_res` VALUES ('927', '13134', '3377460');
INSERT INTO `label_res` VALUES ('928', '467653', '3375223');
INSERT INTO `label_res` VALUES ('929', '11058', '3375223');
INSERT INTO `label_res` VALUES ('930', '75102', '3375223');
INSERT INTO `label_res` VALUES ('931', '194022', '3375223');
INSERT INTO `label_res` VALUES ('932', '676936', '3375223');
INSERT INTO `label_res` VALUES ('933', '58103', '3376250');
INSERT INTO `label_res` VALUES ('934', '495771', '3376250');
INSERT INTO `label_res` VALUES ('935', '303008', '3376250');
INSERT INTO `label_res` VALUES ('936', '1120158', '3376250');
INSERT INTO `label_res` VALUES ('937', '7255', '3377508');
INSERT INTO `label_res` VALUES ('938', '1120661', '3377508');
INSERT INTO `label_res` VALUES ('939', '190617', '3377508');
INSERT INTO `label_res` VALUES ('940', '2105', '3377508');
INSERT INTO `label_res` VALUES ('941', '3505', '3375336');
INSERT INTO `label_res` VALUES ('942', '5252', '3375336');
INSERT INTO `label_res` VALUES ('943', '2105', '3375336');
INSERT INTO `label_res` VALUES ('944', '93452', '3376188');
INSERT INTO `label_res` VALUES ('945', '79568', '3376188');
INSERT INTO `label_res` VALUES ('946', '9072', '3376188');
INSERT INTO `label_res` VALUES ('947', '20604', '3376188');
INSERT INTO `label_res` VALUES ('948', '20604', '3376712');
INSERT INTO `label_res` VALUES ('949', '993911', '3376712');
INSERT INTO `label_res` VALUES ('950', '846038', '3376712');
INSERT INTO `label_res` VALUES ('951', '1120655', '3375259');
INSERT INTO `label_res` VALUES ('952', '20604', '3375259');
INSERT INTO `label_res` VALUES ('953', '130666', '3375259');
INSERT INTO `label_res` VALUES ('954', '970337', '3375259');
INSERT INTO `label_res` VALUES ('955', '15232', '3375872');
INSERT INTO `label_res` VALUES ('956', '577143', '3375872');
INSERT INTO `label_res` VALUES ('957', '251028', '3375872');
INSERT INTO `label_res` VALUES ('958', '39657', '3375872');
INSERT INTO `label_res` VALUES ('959', '9072', '3376146');
INSERT INTO `label_res` VALUES ('960', '20604', '3376146');
INSERT INTO `label_res` VALUES ('961', '1120226', '3376398');
INSERT INTO `label_res` VALUES ('962', '130068', '3376398');
INSERT INTO `label_res` VALUES ('963', '1119213', '3372091');
INSERT INTO `label_res` VALUES ('964', '20604', '3372091');
INSERT INTO `label_res` VALUES ('965', '142492', '3372091');
INSERT INTO `label_res` VALUES ('966', '1097', '3372091');
INSERT INTO `label_res` VALUES ('967', '993262', '3372091');
INSERT INTO `label_res` VALUES ('968', '993262', '3361789');
INSERT INTO `label_res` VALUES ('969', '142492', '3361789');
INSERT INTO `label_res` VALUES ('970', '20604', '3361789');
INSERT INTO `label_res` VALUES ('971', '1097', '3361789');
INSERT INTO `label_res` VALUES ('972', '142492', '3364612');
INSERT INTO `label_res` VALUES ('973', '918055', '3364612');
INSERT INTO `label_res` VALUES ('974', '932765', '3364612');
INSERT INTO `label_res` VALUES ('975', '620890', '3364612');
INSERT INTO `label_res` VALUES ('976', '828331', '3367200');
INSERT INTO `label_res` VALUES ('977', '142492', '3367200');
INSERT INTO `label_res` VALUES ('978', '15232', '3367200');
INSERT INTO `label_res` VALUES ('979', '763770', '3367200');
INSERT INTO `label_res` VALUES ('980', '20604', '3367200');
INSERT INTO `label_res` VALUES ('981', '932765', '3367200');
INSERT INTO `label_res` VALUES ('982', '491014', '3373659');
INSERT INTO `label_res` VALUES ('983', '39657', '3373659');
INSERT INTO `label_res` VALUES ('984', '73509', '3373659');
INSERT INTO `label_res` VALUES ('985', '20604', '3373659');
INSERT INTO `label_res` VALUES ('986', '15232', '3373659');
INSERT INTO `label_res` VALUES ('987', '1098907', '3367743');
INSERT INTO `label_res` VALUES ('988', '26166', '3367743');
INSERT INTO `label_res` VALUES ('989', '132496', '3367743');
INSERT INTO `label_res` VALUES ('990', '1117561', '3368325');
INSERT INTO `label_res` VALUES ('991', '1117523', '3368325');
INSERT INTO `label_res` VALUES ('992', '1117518', '3368325');
INSERT INTO `label_res` VALUES ('993', '384300', '3368325');
INSERT INTO `label_res` VALUES ('994', '1117318', '3368325');
INSERT INTO `label_res` VALUES ('995', '1117245', '3368325');
INSERT INTO `label_res` VALUES ('996', '1117233', '3368325');
INSERT INTO `label_res` VALUES ('997', '572612', '3368325');
INSERT INTO `label_res` VALUES ('998', '15002', '3368325');
INSERT INTO `label_res` VALUES ('999', '10569', '3368325');
INSERT INTO `label_res` VALUES ('1000', '145916', '1927813');
INSERT INTO `label_res` VALUES ('1001', '219', '1927813');
INSERT INTO `label_res` VALUES ('1002', '856863', '1927813');
INSERT INTO `label_res` VALUES ('1003', '559727', '1927813');
INSERT INTO `label_res` VALUES ('1004', '156464', '1927813');
INSERT INTO `label_res` VALUES ('1005', '857590', '1927813');
INSERT INTO `label_res` VALUES ('1006', '699021', '1927813');
INSERT INTO `label_res` VALUES ('1007', '1539', '1927813');
INSERT INTO `label_res` VALUES ('1008', '699777', '1927813');
INSERT INTO `label_res` VALUES ('1009', '6713', '1927813');
INSERT INTO `label_res` VALUES ('1010', '44170', '2771392');
INSERT INTO `label_res` VALUES ('1011', '7657', '3371666');
INSERT INTO `label_res` VALUES ('1012', '15373', '3371666');
INSERT INTO `label_res` VALUES ('1013', '110670', '3371666');
INSERT INTO `label_res` VALUES ('1014', '5952', '3371666');
INSERT INTO `label_res` VALUES ('1015', '459', '3371666');
INSERT INTO `label_res` VALUES ('1016', '98623', '3370730');
INSERT INTO `label_res` VALUES ('1017', '756813', '3375395');
INSERT INTO `label_res` VALUES ('1018', '333', '3375395');
INSERT INTO `label_res` VALUES ('1019', '31357', '3375395');
INSERT INTO `label_res` VALUES ('1020', '589994', '3377250');
INSERT INTO `label_res` VALUES ('1021', '117931', '3377250');
INSERT INTO `label_res` VALUES ('1022', '58638', '3377250');
INSERT INTO `label_res` VALUES ('1023', '117933', '3377250');
INSERT INTO `label_res` VALUES ('1024', '920309', '3377250');
INSERT INTO `label_res` VALUES ('1025', '160', '3375448');
INSERT INTO `label_res` VALUES ('1026', '139549', '3376353');
INSERT INTO `label_res` VALUES ('1027', '814903', '3376353');
INSERT INTO `label_res` VALUES ('1028', '2369', '3377119');
INSERT INTO `label_res` VALUES ('1029', '935', '3377119');
INSERT INTO `label_res` VALUES ('1030', '125478', '3377119');
INSERT INTO `label_res` VALUES ('1031', '5428', '3377119');
INSERT INTO `label_res` VALUES ('1032', '20604', '3374479');
INSERT INTO `label_res` VALUES ('1033', '312', '3374479');
INSERT INTO `label_res` VALUES ('1034', '15232', '3374479');
INSERT INTO `label_res` VALUES ('1035', '1122168', '3372204');
INSERT INTO `label_res` VALUES ('1036', '1120847', '3372204');
INSERT INTO `label_res` VALUES ('1037', '1051369', '3372204');
INSERT INTO `label_res` VALUES ('1038', '42629', '3372204');
INSERT INTO `label_res` VALUES ('1039', '23853', '3372204');
INSERT INTO `label_res` VALUES ('1040', '549354', '3372204');
INSERT INTO `label_res` VALUES ('1041', '64', '3372204');
INSERT INTO `label_res` VALUES ('1042', '1088408', '3377300');
INSERT INTO `label_res` VALUES ('1043', '1069975', '3377300');
INSERT INTO `label_res` VALUES ('1044', '422', '3377300');
INSERT INTO `label_res` VALUES ('1045', '237', '3377300');
INSERT INTO `label_res` VALUES ('1046', '1057', '3377300');
INSERT INTO `label_res` VALUES ('1047', '16108', '3377300');
INSERT INTO `label_res` VALUES ('1048', '36', '3377300');
INSERT INTO `label_res` VALUES ('1049', '958876', '3377573');
INSERT INTO `label_res` VALUES ('1050', '332575', '3377573');
INSERT INTO `label_res` VALUES ('1051', '428873', '3377573');
INSERT INTO `label_res` VALUES ('1052', '235174', '3377573');
INSERT INTO `label_res` VALUES ('1053', '2181', '3376687');
INSERT INTO `label_res` VALUES ('1054', '237', '3376687');
INSERT INTO `label_res` VALUES ('1055', '5639', '3375464');
INSERT INTO `label_res` VALUES ('1056', '64', '3375464');
INSERT INTO `label_res` VALUES ('1057', '873894', '3375358');
INSERT INTO `label_res` VALUES ('1058', '42456', '3375358');
INSERT INTO `label_res` VALUES ('1059', '11454', '3375358');
INSERT INTO `label_res` VALUES ('1060', '1119834', '3375370');
INSERT INTO `label_res` VALUES ('1061', '977557', '3375266');
INSERT INTO `label_res` VALUES ('1062', '868182', '3375266');
INSERT INTO `label_res` VALUES ('1063', '767003', '3375386');
INSERT INTO `label_res` VALUES ('1064', '1119839', '3375386');
INSERT INTO `label_res` VALUES ('1065', '64240', '3375386');
INSERT INTO `label_res` VALUES ('1066', '98127', '3375386');
INSERT INTO `label_res` VALUES ('1067', '920745', '3375386');
INSERT INTO `label_res` VALUES ('1068', '1119838', '3375386');
INSERT INTO `label_res` VALUES ('1069', '793019', '3375386');
INSERT INTO `label_res` VALUES ('1070', '1027052', '3375386');
INSERT INTO `label_res` VALUES ('1071', '662535', '3375386');
INSERT INTO `label_res` VALUES ('1072', '46', '3375460');
INSERT INTO `label_res` VALUES ('1073', '64', '3375460');
INSERT INTO `label_res` VALUES ('1074', '2800', '3365434');
INSERT INTO `label_res` VALUES ('1075', '1091172', '3365434');
INSERT INTO `label_res` VALUES ('1076', '983364', '3365434');
INSERT INTO `label_res` VALUES ('1077', '8121', '3365121');
INSERT INTO `label_res` VALUES ('1078', '920309', '3365121');
INSERT INTO `label_res` VALUES ('1079', '361', '3365121');
INSERT INTO `label_res` VALUES ('1080', '82', '3365121');
INSERT INTO `label_res` VALUES ('1081', '4676', '3365121');
INSERT INTO `label_res` VALUES ('1082', '7033', '3365121');
INSERT INTO `label_res` VALUES ('1083', '208018', '3362563');
INSERT INTO `label_res` VALUES ('1084', '1114718', '3362563');
INSERT INTO `label_res` VALUES ('1085', '960', '3367809');
INSERT INTO `label_res` VALUES ('1086', '155098', '3367809');
INSERT INTO `label_res` VALUES ('1087', '6558', '3367809');
INSERT INTO `label_res` VALUES ('1088', '1539', '3367809');
INSERT INTO `label_res` VALUES ('1089', '20640', '3367809');
INSERT INTO `label_res` VALUES ('1090', '3032', '3367809');
INSERT INTO `label_res` VALUES ('1091', '1103261', '3367809');
INSERT INTO `label_res` VALUES ('1092', '960529', '3364284');
INSERT INTO `label_res` VALUES ('1093', '362551', '3364284');
INSERT INTO `label_res` VALUES ('1094', '20737', '3361775');
INSERT INTO `label_res` VALUES ('1095', '459', '3361775');
INSERT INTO `label_res` VALUES ('1096', '5952', '3361775');
INSERT INTO `label_res` VALUES ('1097', '22521', '3361775');
INSERT INTO `label_res` VALUES ('1098', '189635', '3361775');
INSERT INTO `label_res` VALUES ('1099', '392534', '3368181');
INSERT INTO `label_res` VALUES ('1100', '421126', '3368181');
INSERT INTO `label_res` VALUES ('1101', '94931', '3368181');
INSERT INTO `label_res` VALUES ('1102', '40432', '3368181');
INSERT INTO `label_res` VALUES ('1103', '195555', '3368181');
INSERT INTO `label_res` VALUES ('1104', '3398', '3368181');
INSERT INTO `label_res` VALUES ('1105', '12368', '3368181');
INSERT INTO `label_res` VALUES ('1106', '36230', '3368181');
INSERT INTO `label_res` VALUES ('1107', '74230', '3368181');
INSERT INTO `label_res` VALUES ('1108', '553068', '3368181');
INSERT INTO `label_res` VALUES ('1109', '924106', '3371932');
INSERT INTO `label_res` VALUES ('1110', '272077', '3371932');
INSERT INTO `label_res` VALUES ('1111', '84600', '3371932');
INSERT INTO `label_res` VALUES ('1112', '4050', '3371932');
INSERT INTO `label_res` VALUES ('1113', '1114595', '3362238');
INSERT INTO `label_res` VALUES ('1114', '1114594', '3362238');
INSERT INTO `label_res` VALUES ('1115', '111', '3362238');
INSERT INTO `label_res` VALUES ('1116', '312', '3362238');
INSERT INTO `label_res` VALUES ('1117', '459', '3362238');
INSERT INTO `label_res` VALUES ('1118', '1116391', '3363140');
INSERT INTO `label_res` VALUES ('1119', '65827', '3363140');
INSERT INTO `label_res` VALUES ('1120', '369548', '3363140');
INSERT INTO `label_res` VALUES ('1121', '285', '3363140');
INSERT INTO `label_res` VALUES ('1122', '32097', '3363140');
INSERT INTO `label_res` VALUES ('1123', '69068', '3363140');
INSERT INTO `label_res` VALUES ('1124', '1125782', '3368899');
INSERT INTO `label_res` VALUES ('1125', '1117317', '3368899');
INSERT INTO `label_res` VALUES ('1126', '128877', '3368899');
INSERT INTO `label_res` VALUES ('1127', '204451', '3368899');
INSERT INTO `label_res` VALUES ('1128', '533', '3368899');
INSERT INTO `label_res` VALUES ('1129', '89755', '3375750');
INSERT INTO `label_res` VALUES ('1130', '22580', '3375750');
INSERT INTO `label_res` VALUES ('1131', '127809', '3375178');
INSERT INTO `label_res` VALUES ('1132', '42841', '3375178');
INSERT INTO `label_res` VALUES ('1133', '6953', '3375178');
INSERT INTO `label_res` VALUES ('1134', '84269', '3375178');
INSERT INTO `label_res` VALUES ('1135', '9841', '3374775');
INSERT INTO `label_res` VALUES ('1136', '159377', '3374775');
INSERT INTO `label_res` VALUES ('1137', '166309', '3374775');
INSERT INTO `label_res` VALUES ('1138', '2132', '3374775');
INSERT INTO `label_res` VALUES ('1139', '430287', '3374775');
INSERT INTO `label_res` VALUES ('1140', '267830', '3374775');
INSERT INTO `label_res` VALUES ('1141', '103686', '3374775');
INSERT INTO `label_res` VALUES ('1142', '414870', '3374775');
INSERT INTO `label_res` VALUES ('1143', '982879', '3374775');
INSERT INTO `label_res` VALUES ('1144', '543196', '3374775');
INSERT INTO `label_res` VALUES ('1145', '87652', '3376133');
INSERT INTO `label_res` VALUES ('1146', '116742', '3376133');
INSERT INTO `label_res` VALUES ('1147', '2132', '3376133');
INSERT INTO `label_res` VALUES ('1148', '1562', '3376133');
INSERT INTO `label_res` VALUES ('1149', '103686', '3376133');
INSERT INTO `label_res` VALUES ('1150', '1119861', '3375502');
INSERT INTO `label_res` VALUES ('1151', '924', '3376849');
INSERT INTO `label_res` VALUES ('1152', '760', '3376849');
INSERT INTO `label_res` VALUES ('1153', '604', '3376849');
INSERT INTO `label_res` VALUES ('1154', '1119820', '3375360');
INSERT INTO `label_res` VALUES ('1155', '64933', '3375360');
INSERT INTO `label_res` VALUES ('1156', '54012', '3375360');
INSERT INTO `label_res` VALUES ('1157', '29663', '3375360');
INSERT INTO `label_res` VALUES ('1158', '381277', '3375360');
INSERT INTO `label_res` VALUES ('1159', '20656', '3375625');
INSERT INTO `label_res` VALUES ('1160', '52468', '3375625');
INSERT INTO `label_res` VALUES ('1161', '530055', '3375425');
INSERT INTO `label_res` VALUES ('1162', '656', '3375425');
INSERT INTO `label_res` VALUES ('1163', '1092760', '3375425');
INSERT INTO `label_res` VALUES ('1164', '629', '3375382');
INSERT INTO `label_res` VALUES ('1165', '377453', '3376770');
INSERT INTO `label_res` VALUES ('1166', '1020768', '3376770');
INSERT INTO `label_res` VALUES ('1167', '1112214', '3376770');
INSERT INTO `label_res` VALUES ('1168', '836909', '3376082');
INSERT INTO `label_res` VALUES ('1169', '2887', '3376082');
INSERT INTO `label_res` VALUES ('1170', '719266', '3376082');
INSERT INTO `label_res` VALUES ('1171', '50784', '3376082');
INSERT INTO `label_res` VALUES ('1172', '5638', '3376082');
INSERT INTO `label_res` VALUES ('1173', '4152', '3376082');
INSERT INTO `label_res` VALUES ('1174', '13745', '3376082');
INSERT INTO `label_res` VALUES ('1175', '9132', '3372129');
INSERT INTO `label_res` VALUES ('1176', '303660', '3372129');
INSERT INTO `label_res` VALUES ('1177', '17113', '3372129');
INSERT INTO `label_res` VALUES ('1178', '74578', '3362683');
INSERT INTO `label_res` VALUES ('1179', '4120', '3362683');
INSERT INTO `label_res` VALUES ('1180', '442652', '3362683');
INSERT INTO `label_res` VALUES ('1181', '123212', '3362683');
INSERT INTO `label_res` VALUES ('1182', '52468', '3362683');
INSERT INTO `label_res` VALUES ('1183', '950172', '3371445');
INSERT INTO `label_res` VALUES ('1184', '1118173', '3367414');
INSERT INTO `label_res` VALUES ('1185', '1117235', '3367414');
INSERT INTO `label_res` VALUES ('1186', '3101', '3367414');
INSERT INTO `label_res` VALUES ('1187', '66754', '3367414');
INSERT INTO `label_res` VALUES ('1188', '9925', '3367414');
INSERT INTO `label_res` VALUES ('1189', '2887', '3367414');
INSERT INTO `label_res` VALUES ('1190', '5638', '3367414');
INSERT INTO `label_res` VALUES ('1191', '4152', '3367414');
INSERT INTO `label_res` VALUES ('1192', '13745', '3367414');
INSERT INTO `label_res` VALUES ('1193', '1050028', '3322926');
INSERT INTO `label_res` VALUES ('1194', '3737', '3322926');
INSERT INTO `label_res` VALUES ('1195', '630', '3322926');
INSERT INTO `label_res` VALUES ('1196', '4864', '3322926');
INSERT INTO `label_res` VALUES ('1197', '198', '3128005');
INSERT INTO `label_res` VALUES ('1198', '661210', '3128005');
INSERT INTO `label_res` VALUES ('1199', '9545', '3128005');
INSERT INTO `label_res` VALUES ('1200', '833837', '3128005');
INSERT INTO `label_res` VALUES ('1201', '9737', '3370409');
INSERT INTO `label_res` VALUES ('1202', '9545', '3370409');
INSERT INTO `label_res` VALUES ('1203', '321771', '3372020');
INSERT INTO `label_res` VALUES ('1204', '703400', '3372020');
INSERT INTO `label_res` VALUES ('1205', '495539', '3372020');
INSERT INTO `label_res` VALUES ('1206', '380086', '3372020');
INSERT INTO `label_res` VALUES ('1207', '275298', '3372020');
INSERT INTO `label_res` VALUES ('1208', '614', '3372020');
INSERT INTO `label_res` VALUES ('1209', '170', '3372020');
INSERT INTO `label_res` VALUES ('1210', '394761', '3368188');
INSERT INTO `label_res` VALUES ('1211', '10976', '3368188');
INSERT INTO `label_res` VALUES ('1212', '1117075', '3368188');
INSERT INTO `label_res` VALUES ('1213', '1004329', '3368188');
INSERT INTO `label_res` VALUES ('1214', '342882', '3375132');
INSERT INTO `label_res` VALUES ('1215', '1119739', '3375132');
INSERT INTO `label_res` VALUES ('1216', '553381', '3375132');
INSERT INTO `label_res` VALUES ('1217', '9545', '3375132');
INSERT INTO `label_res` VALUES ('1218', '15397', '3375132');
INSERT INTO `label_res` VALUES ('1219', '831649', '3375132');
INSERT INTO `label_res` VALUES ('1220', '243923', '3373407');
INSERT INTO `label_res` VALUES ('1221', '116742', '3373407');
INSERT INTO `label_res` VALUES ('1222', '24275', '3373407');
INSERT INTO `label_res` VALUES ('1223', '36743', '3373407');
INSERT INTO `label_res` VALUES ('1224', '898955', '3377047');
INSERT INTO `label_res` VALUES ('1225', '22676', '3373475');
INSERT INTO `label_res` VALUES ('1226', '971953', '3373475');
INSERT INTO `label_res` VALUES ('1227', '173004', '3373475');
INSERT INTO `label_res` VALUES ('1228', '395385', '3373475');
INSERT INTO `label_res` VALUES ('1229', '30983', '3373475');
INSERT INTO `label_res` VALUES ('1230', '22928', '3373475');
INSERT INTO `label_res` VALUES ('1231', '533', '3373475');
INSERT INTO `label_res` VALUES ('1232', '301', '3373475');
INSERT INTO `label_res` VALUES ('1233', '4684', '3373475');
INSERT INTO `label_res` VALUES ('1234', '25', '3373475');
INSERT INTO `label_res` VALUES ('1235', '146232', '3375842');
INSERT INTO `label_res` VALUES ('1236', '54203', '3375842');
INSERT INTO `label_res` VALUES ('1237', '1054179', '3375842');
INSERT INTO `label_res` VALUES ('1238', '982546', '3375842');
INSERT INTO `label_res` VALUES ('1239', '3120', '3375071');
INSERT INTO `label_res` VALUES ('1240', '1119721', '3375071');
INSERT INTO `label_res` VALUES ('1241', '1119720', '3375071');
INSERT INTO `label_res` VALUES ('1242', '960529', '3375071');
INSERT INTO `label_res` VALUES ('1243', '96168', '3375736');
INSERT INTO `label_res` VALUES ('1244', '96167', '3375736');
INSERT INTO `label_res` VALUES ('1245', '91695', '3375736');
INSERT INTO `label_res` VALUES ('1246', '376680', '3375736');
INSERT INTO `label_res` VALUES ('1247', '383029', '3375736');
INSERT INTO `label_res` VALUES ('1248', '380352', '3375736');
INSERT INTO `label_res` VALUES ('1249', '1109603', '3375736');
INSERT INTO `label_res` VALUES ('1250', '29869', '3375736');
INSERT INTO `label_res` VALUES ('1251', '430287', '3376384');
INSERT INTO `label_res` VALUES ('1252', '24275', '3376384');
INSERT INTO `label_res` VALUES ('1253', '7481', '3376384');
INSERT INTO `label_res` VALUES ('1254', '414870', '3376384');
INSERT INTO `label_res` VALUES ('1255', '267830', '3376384');
INSERT INTO `label_res` VALUES ('1256', '103686', '3376384');
INSERT INTO `label_res` VALUES ('1257', '2132', '3377159');
INSERT INTO `label_res` VALUES ('1258', '7481', '3377159');
INSERT INTO `label_res` VALUES ('1259', '105752', '3377159');
INSERT INTO `label_res` VALUES ('1260', '559259', '3377159');
INSERT INTO `label_res` VALUES ('1261', '578745', '3377159');
INSERT INTO `label_res` VALUES ('1262', '224362', '3377159');
INSERT INTO `label_res` VALUES ('1263', '1119793', '3375254');
INSERT INTO `label_res` VALUES ('1264', '273471', '3375254');
INSERT INTO `label_res` VALUES ('1265', '1119792', '3375254');
INSERT INTO `label_res` VALUES ('1266', '22630', '3375254');
INSERT INTO `label_res` VALUES ('1267', '685982', '3375254');
INSERT INTO `label_res` VALUES ('1268', '885310', '3375254');
INSERT INTO `label_res` VALUES ('1269', '33573', '3370824');
INSERT INTO `label_res` VALUES ('1270', '736736', '3370824');
INSERT INTO `label_res` VALUES ('1271', '60078', '3370824');
INSERT INTO `label_res` VALUES ('1272', '1118058', '3370824');
INSERT INTO `label_res` VALUES ('1273', '999997', '3370824');
INSERT INTO `label_res` VALUES ('1274', '564071', '3370824');
INSERT INTO `label_res` VALUES ('1275', '105752', '3370824');
INSERT INTO `label_res` VALUES ('1276', '1118059', '3370824');
INSERT INTO `label_res` VALUES ('1277', '179985', '3370824');
INSERT INTO `label_res` VALUES ('1278', '103686', '3370824');
INSERT INTO `label_res` VALUES ('1279', '1123996', '3365234');
INSERT INTO `label_res` VALUES ('1280', '1013', '3365234');
INSERT INTO `label_res` VALUES ('1281', '7481', '3365234');
INSERT INTO `label_res` VALUES ('1282', '179985', '3365234');
INSERT INTO `label_res` VALUES ('1283', '2132', '3365234');
INSERT INTO `label_res` VALUES ('1284', '592553', '3365234');
INSERT INTO `label_res` VALUES ('1285', '383029', '3361854');
INSERT INTO `label_res` VALUES ('1286', '376680', '3361854');
INSERT INTO `label_res` VALUES ('1287', '96168', '3361854');
INSERT INTO `label_res` VALUES ('1288', '96167', '3361854');
INSERT INTO `label_res` VALUES ('1289', '1109603', '3361854');
INSERT INTO `label_res` VALUES ('1290', '91695', '3361854');
INSERT INTO `label_res` VALUES ('1291', '380352', '3361854');
INSERT INTO `label_res` VALUES ('1292', '29869', '3361854');
INSERT INTO `label_res` VALUES ('1293', '140383', '3371294');
INSERT INTO `label_res` VALUES ('1294', '26895', '3371294');
INSERT INTO `label_res` VALUES ('1295', '345954', '3371294');
INSERT INTO `label_res` VALUES ('1296', '66157', '3374907');
INSERT INTO `label_res` VALUES ('1297', '1119652', '3374907');
INSERT INTO `label_res` VALUES ('1298', '138941', '3375549');
INSERT INTO `label_res` VALUES ('1299', '5312', '3375549');
INSERT INTO `label_res` VALUES ('1300', '29870', '3375549');
INSERT INTO `label_res` VALUES ('1301', '54952', '3375549');
INSERT INTO `label_res` VALUES ('1302', '1908', '3375549');
INSERT INTO `label_res` VALUES ('1303', '3203', '3375549');
INSERT INTO `label_res` VALUES ('1304', '237', '3375549');
INSERT INTO `label_res` VALUES ('1305', '1119453', '3375608');
INSERT INTO `label_res` VALUES ('1306', '3825', '3375596');
INSERT INTO `label_res` VALUES ('1307', '331735', '3375596');
INSERT INTO `label_res` VALUES ('1308', '5301', '3375596');
INSERT INTO `label_res` VALUES ('1309', '3592', '3375596');
INSERT INTO `label_res` VALUES ('1310', '533', '3375596');
INSERT INTO `label_res` VALUES ('1311', '33', '3375596');
INSERT INTO `label_res` VALUES ('1312', '2705', '3375596');
INSERT INTO `label_res` VALUES ('1313', '5835', '3375596');
INSERT INTO `label_res` VALUES ('1314', '1908', '3377004');
INSERT INTO `label_res` VALUES ('1315', '6982', '3377004');
INSERT INTO `label_res` VALUES ('1316', '2595', '3377004');
INSERT INTO `label_res` VALUES ('1317', '221', '3377239');
INSERT INTO `label_res` VALUES ('1318', '1908', '3377239');
INSERT INTO `label_res` VALUES ('1319', '74235', '3376589');
INSERT INTO `label_res` VALUES ('1320', '706892', '3376589');
INSERT INTO `label_res` VALUES ('1321', '1060361', '3376589');
INSERT INTO `label_res` VALUES ('1322', '14743', '3376589');
INSERT INTO `label_res` VALUES ('1323', '1060344', '3376589');
INSERT INTO `label_res` VALUES ('1324', '934695', '3376589');
INSERT INTO `label_res` VALUES ('1325', '1179', '3377037');
INSERT INTO `label_res` VALUES ('1326', '4776', '3377037');
INSERT INTO `label_res` VALUES ('1327', '6286', '3377037');
INSERT INTO `label_res` VALUES ('1328', '43974', '3377037');
INSERT INTO `label_res` VALUES ('1329', '192605', '3377037');
INSERT INTO `label_res` VALUES ('1330', '27765', '3377037');
INSERT INTO `label_res` VALUES ('1331', '4561', '3377037');
INSERT INTO `label_res` VALUES ('1332', '632', '3377037');
INSERT INTO `label_res` VALUES ('1333', '20751', '3375616');
INSERT INTO `label_res` VALUES ('1334', '6103', '3375616');
INSERT INTO `label_res` VALUES ('1335', '5836', '3375616');
INSERT INTO `label_res` VALUES ('1336', '18710', '3375616');
INSERT INTO `label_res` VALUES ('1337', '1119911', '3375616');
INSERT INTO `label_res` VALUES ('1338', '1119912', '3375616');
INSERT INTO `label_res` VALUES ('1339', '4678', '3375616');
INSERT INTO `label_res` VALUES ('1340', '244124', '3376542');
INSERT INTO `label_res` VALUES ('1341', '6103', '3376542');
INSERT INTO `label_res` VALUES ('1342', '1027012', '3375227');
INSERT INTO `label_res` VALUES ('1343', '159279', '3375227');
INSERT INTO `label_res` VALUES ('1344', '1414', '3375227');
INSERT INTO `label_res` VALUES ('1345', '2459', '3375227');
INSERT INTO `label_res` VALUES ('1346', '25654', '3375227');
INSERT INTO `label_res` VALUES ('1347', '712', '3375227');
INSERT INTO `label_res` VALUES ('1348', '330', '3375227');
INSERT INTO `label_res` VALUES ('1349', '1119942', '3375249');
INSERT INTO `label_res` VALUES ('1350', '273821', '3375249');
INSERT INTO `label_res` VALUES ('1351', '1119790', '3375249');
INSERT INTO `label_res` VALUES ('1352', '1119789', '3375249');
INSERT INTO `label_res` VALUES ('1353', '153789', '3364705');
INSERT INTO `label_res` VALUES ('1354', '1083190', '3364705');
INSERT INTO `label_res` VALUES ('1355', '858703', '3364705');
INSERT INTO `label_res` VALUES ('1356', '1064281', '3364705');
INSERT INTO `label_res` VALUES ('1357', '664067', '3366082');
INSERT INTO `label_res` VALUES ('1358', '662804', '3366082');
INSERT INTO `label_res` VALUES ('1359', '858703', '3366082');
INSERT INTO `label_res` VALUES ('1360', '1116205', '3366082');
INSERT INTO `label_res` VALUES ('1361', '457792', '3366082');
INSERT INTO `label_res` VALUES ('1362', '1064281', '3366082');
INSERT INTO `label_res` VALUES ('1363', '1116814', '3363968');
INSERT INTO `label_res` VALUES ('1364', '1115949', '3363968');
INSERT INTO `label_res` VALUES ('1365', '46112', '3363968');
INSERT INTO `label_res` VALUES ('1366', '523229', '3363968');
INSERT INTO `label_res` VALUES ('1367', '1662', '3353792');
INSERT INTO `label_res` VALUES ('1368', '30301', '3353792');
INSERT INTO `label_res` VALUES ('1369', '315030', '3353792');
INSERT INTO `label_res` VALUES ('1370', '150189', '3353792');
INSERT INTO `label_res` VALUES ('1371', '25771', '3353792');
INSERT INTO `label_res` VALUES ('1372', '14937', '3353792');
INSERT INTO `label_res` VALUES ('1373', '9841', '3353792');
INSERT INTO `label_res` VALUES ('1374', '116742', '3353792');
INSERT INTO `label_res` VALUES ('1375', '1179', '3353792');
INSERT INTO `label_res` VALUES ('1376', '2132', '3353792');
INSERT INTO `label_res` VALUES ('1377', '1111887', '3355633');
INSERT INTO `label_res` VALUES ('1378', '867689', '3355633');
INSERT INTO `label_res` VALUES ('1379', '1111886', '3355633');
INSERT INTO `label_res` VALUES ('1380', '418411', '3338485');
INSERT INTO `label_res` VALUES ('1381', '79338', '3338485');
INSERT INTO `label_res` VALUES ('1382', '1097640', '3338485');
INSERT INTO `label_res` VALUES ('1383', '1098114', '3338485');
INSERT INTO `label_res` VALUES ('1384', '886846', '3338773');
INSERT INTO `label_res` VALUES ('1385', '1105154', '3338773');
INSERT INTO `label_res` VALUES ('1386', '61770', '3338773');
INSERT INTO `label_res` VALUES ('1387', '24398', '3338773');
INSERT INTO `label_res` VALUES ('1388', '1105124', '3338678');
INSERT INTO `label_res` VALUES ('1389', '1098114', '3338678');
INSERT INTO `label_res` VALUES ('1390', '99923', '3338678');
INSERT INTO `label_res` VALUES ('1391', '1105123', '3338678');
INSERT INTO `label_res` VALUES ('1392', '67629', '3375928');
INSERT INTO `label_res` VALUES ('1393', '210954', '3375928');
INSERT INTO `label_res` VALUES ('1394', '190373', '3375928');
INSERT INTO `label_res` VALUES ('1395', '12314', '3375928');
INSERT INTO `label_res` VALUES ('1396', '36020', '3375928');
INSERT INTO `label_res` VALUES ('1397', '817', '3375928');
INSERT INTO `label_res` VALUES ('1398', '117388', '3376079');
INSERT INTO `label_res` VALUES ('1399', '1120080', '3376079');
INSERT INTO `label_res` VALUES ('1400', '1120079', '3376079');
INSERT INTO `label_res` VALUES ('1401', '947091', '3376079');
INSERT INTO `label_res` VALUES ('1402', '451088', '3376079');
INSERT INTO `label_res` VALUES ('1403', '1065567', '3376079');
INSERT INTO `label_res` VALUES ('1404', '1041585', '3376079');
INSERT INTO `label_res` VALUES ('1405', '117941', '3376348');
INSERT INTO `label_res` VALUES ('1406', '150189', '3377395');
INSERT INTO `label_res` VALUES ('1407', '243834', '3377395');
INSERT INTO `label_res` VALUES ('1408', '79793', '3377395');
INSERT INTO `label_res` VALUES ('1409', '1120620', '3377395');
INSERT INTO `label_res` VALUES ('1410', '24275', '3376817');
INSERT INTO `label_res` VALUES ('1411', '7481', '3376817');
INSERT INTO `label_res` VALUES ('1412', '103686', '3376817');
INSERT INTO `label_res` VALUES ('1413', '414870', '3376817');
INSERT INTO `label_res` VALUES ('1414', '1119854', '3375475');
INSERT INTO `label_res` VALUES ('1415', '148270', '3375475');
INSERT INTO `label_res` VALUES ('1416', '1119853', '3375475');
INSERT INTO `label_res` VALUES ('1417', '298527', '3375475');
INSERT INTO `label_res` VALUES ('1418', '951989', '3375475');
INSERT INTO `label_res` VALUES ('1419', '20656', '3375506');
INSERT INTO `label_res` VALUES ('1420', '969567', '3375506');
INSERT INTO `label_res` VALUES ('1421', '735886', '3375506');
INSERT INTO `label_res` VALUES ('1422', '52468', '3375506');
INSERT INTO `label_res` VALUES ('1423', '869402', '3375238');
INSERT INTO `label_res` VALUES ('1424', '52468', '3375238');
INSERT INTO `label_res` VALUES ('1425', '121968', '3375278');
INSERT INTO `label_res` VALUES ('1426', '1119800', '3375278');
INSERT INTO `label_res` VALUES ('1427', '1047283', '3375278');
INSERT INTO `label_res` VALUES ('1428', '130192', '3372054');
INSERT INTO `label_res` VALUES ('1429', '427119', '3372054');
INSERT INTO `label_res` VALUES ('1430', '211090', '3372054');
INSERT INTO `label_res` VALUES ('1431', '1118604', '3372054');
INSERT INTO `label_res` VALUES ('1432', '159377', '3365029');
INSERT INTO `label_res` VALUES ('1433', '166309', '3365029');
INSERT INTO `label_res` VALUES ('1434', '439480', '3365029');
INSERT INTO `label_res` VALUES ('1435', '2132', '3365029');
INSERT INTO `label_res` VALUES ('1436', '267830', '3365029');
INSERT INTO `label_res` VALUES ('1437', '430287', '3365029');
INSERT INTO `label_res` VALUES ('1438', '103686', '3365029');
INSERT INTO `label_res` VALUES ('1439', '9841', '3365661');
INSERT INTO `label_res` VALUES ('1440', '2132', '3365661');
INSERT INTO `label_res` VALUES ('1441', '117466', '3365661');
INSERT INTO `label_res` VALUES ('1442', '18805', '3365661');
INSERT INTO `label_res` VALUES ('1443', '117730', '3365661');
INSERT INTO `label_res` VALUES ('1444', '1114562', '3365661');
INSERT INTO `label_res` VALUES ('1445', '19817', '3369199');
INSERT INTO `label_res` VALUES ('1446', '150189', '3369199');
INSERT INTO `label_res` VALUES ('1447', '245007', '3369199');
INSERT INTO `label_res` VALUES ('1448', '245008', '3369199');
INSERT INTO `label_res` VALUES ('1449', '5002', '3369199');
INSERT INTO `label_res` VALUES ('1450', '262840', '3369199');
INSERT INTO `label_res` VALUES ('1451', '1102812', '3369199');
INSERT INTO `label_res` VALUES ('1452', '88614', '3369199');
INSERT INTO `label_res` VALUES ('1453', '52468', '3371523');
INSERT INTO `label_res` VALUES ('1454', '940391', '3371523');
INSERT INTO `label_res` VALUES ('1455', '940390', '3371523');
INSERT INTO `label_res` VALUES ('1456', '101825', '3374384');
INSERT INTO `label_res` VALUES ('1457', '100569', '3368449');
INSERT INTO `label_res` VALUES ('1458', '27508', '3368449');
INSERT INTO `label_res` VALUES ('1459', '39764', '3368449');
INSERT INTO `label_res` VALUES ('1460', '1002130', '3368449');
INSERT INTO `label_res` VALUES ('1461', '41611', '3375400');
INSERT INTO `label_res` VALUES ('1462', '4910', '3375400');
INSERT INTO `label_res` VALUES ('1463', '72012', '3375400');
INSERT INTO `label_res` VALUES ('1464', '11886', '3377234');
INSERT INTO `label_res` VALUES ('1465', '2068', '3375356');
INSERT INTO `label_res` VALUES ('1466', '166', '3375450');
INSERT INTO `label_res` VALUES ('1467', '983305', '3375826');
INSERT INTO `label_res` VALUES ('1468', '866346', '3375826');
INSERT INTO `label_res` VALUES ('1469', '934988', '3375826');
INSERT INTO `label_res` VALUES ('1470', '97558', '3375826');
INSERT INTO `label_res` VALUES ('1471', '77057', '3375822');
INSERT INTO `label_res` VALUES ('1472', '5281', '3375822');
INSERT INTO `label_res` VALUES ('1473', '19787', '3375822');
INSERT INTO `label_res` VALUES ('1474', '632', '3375822');
INSERT INTO `label_res` VALUES ('1475', '3225', '3375822');
INSERT INTO `label_res` VALUES ('1476', '1355', '3375822');
INSERT INTO `label_res` VALUES ('1477', '938004', '3361801');
INSERT INTO `label_res` VALUES ('1478', '335318', '3361801');
INSERT INTO `label_res` VALUES ('1479', '164193', '3361801');
INSERT INTO `label_res` VALUES ('1480', '135487', '3361801');
INSERT INTO `label_res` VALUES ('1481', '32302', '3361801');
INSERT INTO `label_res` VALUES ('1482', '4120', '3361801');
INSERT INTO `label_res` VALUES ('1483', '335318', '3364527');
INSERT INTO `label_res` VALUES ('1484', '164193', '3364527');
INSERT INTO `label_res` VALUES ('1485', '135487', '3364527');
INSERT INTO `label_res` VALUES ('1486', '32302', '3364527');
INSERT INTO `label_res` VALUES ('1487', '4120', '3364527');
INSERT INTO `label_res` VALUES ('1488', '335318', '3367124');
INSERT INTO `label_res` VALUES ('1489', '164193', '3367124');
INSERT INTO `label_res` VALUES ('1490', '135487', '3367124');
INSERT INTO `label_res` VALUES ('1491', '32302', '3367124');
INSERT INTO `label_res` VALUES ('1492', '4120', '3367124');
INSERT INTO `label_res` VALUES ('1493', '1118877', '3372857');
INSERT INTO `label_res` VALUES ('1494', '97218', '3372857');
INSERT INTO `label_res` VALUES ('1495', '970979', '3349995');
INSERT INTO `label_res` VALUES ('1496', '1098797', '3321143');
INSERT INTO `label_res` VALUES ('1497', '122560', '3321143');
INSERT INTO `label_res` VALUES ('1498', '72769', '3321143');
INSERT INTO `label_res` VALUES ('1499', '45422', '3321143');
INSERT INTO `label_res` VALUES ('1500', '237', '3368525');
INSERT INTO `label_res` VALUES ('1501', '925137', '3368525');
INSERT INTO `label_res` VALUES ('1502', '25552', '3368525');
INSERT INTO `label_res` VALUES ('1503', '160003', '3368525');
INSERT INTO `label_res` VALUES ('1504', '3534', '3368525');
INSERT INTO `label_res` VALUES ('1505', '210473', '3372402');
INSERT INTO `label_res` VALUES ('1506', '96606', '3372402');
INSERT INTO `label_res` VALUES ('1507', '385161', '3372402');
INSERT INTO `label_res` VALUES ('1508', '373083', '3372402');
INSERT INTO `label_res` VALUES ('1509', '977342', '3372402');
INSERT INTO `label_res` VALUES ('1510', '258871', '3376810');
INSERT INTO `label_res` VALUES ('1511', '25540', '3376810');
INSERT INTO `label_res` VALUES ('1512', '39597', '3376810');
INSERT INTO `label_res` VALUES ('1513', '12286', '3376810');
INSERT INTO `label_res` VALUES ('1514', '5464', '3376810');
INSERT INTO `label_res` VALUES ('1515', '1116964', '3367862');
INSERT INTO `label_res` VALUES ('1516', '23420', '3367862');
INSERT INTO `label_res` VALUES ('1517', '1116963', '3367862');
INSERT INTO `label_res` VALUES ('1518', '1116962', '3367862');
INSERT INTO `label_res` VALUES ('1519', '1116961', '3367862');
INSERT INTO `label_res` VALUES ('1520', '1116960', '3367862');
INSERT INTO `label_res` VALUES ('1521', '1116959', '3367862');
INSERT INTO `label_res` VALUES ('1522', '1116958', '3367862');
INSERT INTO `label_res` VALUES ('1523', '1116957', '3367862');
INSERT INTO `label_res` VALUES ('1524', '1116956', '3367862');
INSERT INTO `label_res` VALUES ('1525', '1045273', '3375252');
INSERT INTO `label_res` VALUES ('1526', '1006763', '3375252');
INSERT INTO `label_res` VALUES ('1527', '1024138', '3375252');
INSERT INTO `label_res` VALUES ('1528', '1018624', '3375252');
INSERT INTO `label_res` VALUES ('1529', '295022', '3375252');
INSERT INTO `label_res` VALUES ('1530', '1055781', '3375252');
INSERT INTO `label_res` VALUES ('1531', '1013004', '3375252');
INSERT INTO `label_res` VALUES ('1532', '994807', '3375252');
INSERT INTO `label_res` VALUES ('1533', '996627', '3375252');
INSERT INTO `label_res` VALUES ('1534', '1018623', '3375252');
INSERT INTO `label_res` VALUES ('1535', '1119876', '3375519');
INSERT INTO `label_res` VALUES ('1536', '1056443', '3375519');
INSERT INTO `label_res` VALUES ('1537', '1119875', '3375519');
INSERT INTO `label_res` VALUES ('1538', '967659', '3375519');
INSERT INTO `label_res` VALUES ('1539', '1119874', '3375519');
INSERT INTO `label_res` VALUES ('1540', '1119873', '3375519');
INSERT INTO `label_res` VALUES ('1541', '1119872', '3375519');
INSERT INTO `label_res` VALUES ('1542', '17559', '3375519');
INSERT INTO `label_res` VALUES ('1543', '1119855', '3375476');
INSERT INTO `label_res` VALUES ('1544', '383921', '3370405');
INSERT INTO `label_res` VALUES ('1545', '1055847', '3370405');
INSERT INTO `label_res` VALUES ('1546', '693797', '3370405');
INSERT INTO `label_res` VALUES ('1547', '1024907', '3375611');
INSERT INTO `label_res` VALUES ('1548', '1050538', '3375611');
INSERT INTO `label_res` VALUES ('1549', '700981', '3375611');
INSERT INTO `label_res` VALUES ('1550', '453817', '3375611');
INSERT INTO `label_res` VALUES ('1551', '1119907', '3375611');
INSERT INTO `label_res` VALUES ('1552', '245066', '3375611');
INSERT INTO `label_res` VALUES ('1553', '1057147', '3375561');
INSERT INTO `label_res` VALUES ('1554', '380728', '3375561');
INSERT INTO `label_res` VALUES ('1555', '508665', '3375561');
INSERT INTO `label_res` VALUES ('1556', '995841', '3375561');
INSERT INTO `label_res` VALUES ('1557', '508666', '3375561');
INSERT INTO `label_res` VALUES ('1558', '295022', '3375561');
INSERT INTO `label_res` VALUES ('1559', '1119844', '3375423');
INSERT INTO `label_res` VALUES ('1560', '31682', '3375514');
INSERT INTO `label_res` VALUES ('1561', '1119833', '3375368');
INSERT INTO `label_res` VALUES ('1562', '761084', '3375368');
INSERT INTO `label_res` VALUES ('1563', '746639', '3375368');
INSERT INTO `label_res` VALUES ('1564', '120667', '3375368');
INSERT INTO `label_res` VALUES ('1565', '312545', '3375498');
INSERT INTO `label_res` VALUES ('1566', '1094764', '3375498');
INSERT INTO `label_res` VALUES ('1567', '251135', '3375498');
INSERT INTO `label_res` VALUES ('1568', '1094768', '3375498');
INSERT INTO `label_res` VALUES ('1569', '12276', '3375498');
INSERT INTO `label_res` VALUES ('1570', '72280', '3375498');
INSERT INTO `label_res` VALUES ('1571', '970979', '3375326');
INSERT INTO `label_res` VALUES ('1572', '1114678', '3362456');
INSERT INTO `label_res` VALUES ('1573', '452396', '3362456');
INSERT INTO `label_res` VALUES ('1574', '948468', '3362456');
INSERT INTO `label_res` VALUES ('1575', '1029769', '3362456');
INSERT INTO `label_res` VALUES ('1576', '981423', '3362456');
INSERT INTO `label_res` VALUES ('1577', '924221', '3364929');
INSERT INTO `label_res` VALUES ('1578', '391968', '3364929');
INSERT INTO `label_res` VALUES ('1579', '44858', '3369869');
INSERT INTO `label_res` VALUES ('1580', '36751', '3369869');
INSERT INTO `label_res` VALUES ('1581', '562', '3369869');
INSERT INTO `label_res` VALUES ('1582', '44858', '3369869');
INSERT INTO `label_res` VALUES ('1583', '36751', '3369869');
INSERT INTO `label_res` VALUES ('1584', '562', '3369869');
INSERT INTO `label_res` VALUES ('1585', '41795', '3369869');
INSERT INTO `label_res` VALUES ('1586', '30338', '3369869');
INSERT INTO `label_res` VALUES ('1587', '350028', '3369869');
INSERT INTO `label_res` VALUES ('1588', '121040', '3369869');
INSERT INTO `label_res` VALUES ('1589', '265366', '3369869');
INSERT INTO `label_res` VALUES ('1590', '1117867', '3370281');
INSERT INTO `label_res` VALUES ('1591', '8488', '3366197');
INSERT INTO `label_res` VALUES ('1592', '1008627', '3044828');
INSERT INTO `label_res` VALUES ('1593', '881256', '3044828');
INSERT INTO `label_res` VALUES ('1594', '126694', '3044828');
INSERT INTO `label_res` VALUES ('1595', '1007709', '3044828');
INSERT INTO `label_res` VALUES ('1596', '329492', '3044828');
INSERT INTO `label_res` VALUES ('1597', '3970', '3044828');
INSERT INTO `label_res` VALUES ('1598', '269012', '3044828');
INSERT INTO `label_res` VALUES ('1599', '9243', '3373265');
INSERT INTO `label_res` VALUES ('1600', '951579', '3373265');
INSERT INTO `label_res` VALUES ('1601', '187580', '3373265');
INSERT INTO `label_res` VALUES ('1602', '12314', '3368421');
INSERT INTO `label_res` VALUES ('1603', '1117143', '3368421');
INSERT INTO `label_res` VALUES ('1604', '16753', '3373925');
INSERT INTO `label_res` VALUES ('1605', '43420', '3373925');
INSERT INTO `label_res` VALUES ('1606', '1119288', '3373925');
INSERT INTO `label_res` VALUES ('1607', '1119287', '3373925');
INSERT INTO `label_res` VALUES ('1608', '1119286', '3373925');
INSERT INTO `label_res` VALUES ('1609', '1119285', '3373925');
INSERT INTO `label_res` VALUES ('1610', '1119284', '3373925');
INSERT INTO `label_res` VALUES ('1611', '1118597', '3373925');
INSERT INTO `label_res` VALUES ('1612', '16304', '3375936');
INSERT INTO `label_res` VALUES ('1613', '88257', '3375936');
INSERT INTO `label_res` VALUES ('1614', '243', '3375936');
INSERT INTO `label_res` VALUES ('1615', '13887', '3375936');
INSERT INTO `label_res` VALUES ('1616', '92102', '3375445');
INSERT INTO `label_res` VALUES ('1617', '13887', '3375445');
INSERT INTO `label_res` VALUES ('1618', '825652', '3375445');
INSERT INTO `label_res` VALUES ('1619', '15078', '3376729');
INSERT INTO `label_res` VALUES ('1620', '61367', '3376729');
INSERT INTO `label_res` VALUES ('1621', '12313', '3376729');
INSERT INTO `label_res` VALUES ('1622', '15078', '3376002');
INSERT INTO `label_res` VALUES ('1623', '12313', '3376002');
INSERT INTO `label_res` VALUES ('1624', '869585', '3375931');
INSERT INTO `label_res` VALUES ('1625', '68589', '3375931');
INSERT INTO `label_res` VALUES ('1626', '86184', '3375931');
INSERT INTO `label_res` VALUES ('1627', '243', '3375931');
INSERT INTO `label_res` VALUES ('1628', '13887', '3375931');
INSERT INTO `label_res` VALUES ('1629', '46973', '3376907');
INSERT INTO `label_res` VALUES ('1630', '163565', '3365230');
INSERT INTO `label_res` VALUES ('1631', '4994', '3365230');
INSERT INTO `label_res` VALUES ('1632', '10005', '3365230');
INSERT INTO `label_res` VALUES ('1633', '72042', '3365230');
INSERT INTO `label_res` VALUES ('1634', '1117419', '3369191');
INSERT INTO `label_res` VALUES ('1635', '5839', '3369191');
INSERT INTO `label_res` VALUES ('1636', '1117418', '3369191');
INSERT INTO `label_res` VALUES ('1637', '1117417', '3369191');
INSERT INTO `label_res` VALUES ('1638', '2991', '3369191');
INSERT INTO `label_res` VALUES ('1639', '12086', '3369191');
INSERT INTO `label_res` VALUES ('1640', '303660', '3367489');
INSERT INTO `label_res` VALUES ('1641', '155299', '3367489');
INSERT INTO `label_res` VALUES ('1642', '880', '3367489');
INSERT INTO `label_res` VALUES ('1643', '39131', '3367489');
INSERT INTO `label_res` VALUES ('1644', '1117718', '3369806');
INSERT INTO `label_res` VALUES ('1645', '1117717', '3369806');
INSERT INTO `label_res` VALUES ('1646', '1117716', '3369806');
INSERT INTO `label_res` VALUES ('1647', '359319', '3369806');
INSERT INTO `label_res` VALUES ('1648', '1117715', '3369806');
INSERT INTO `label_res` VALUES ('1649', '1117714', '3369806');
INSERT INTO `label_res` VALUES ('1650', '551013', '3369806');
INSERT INTO `label_res` VALUES ('1651', '1116665', '3367194');
INSERT INTO `label_res` VALUES ('1652', '1099263', '3367194');
INSERT INTO `label_res` VALUES ('1653', '1116664', '3367194');
INSERT INTO `label_res` VALUES ('1654', '1116663', '3367194');
INSERT INTO `label_res` VALUES ('1655', '369', '3367194');
INSERT INTO `label_res` VALUES ('1656', '559116', '3367194');
INSERT INTO `label_res` VALUES ('1657', '2629', '3367194');
INSERT INTO `label_res` VALUES ('1658', '1142646', '3482481');
INSERT INTO `label_res` VALUES ('1659', '1142647', '3482481');
INSERT INTO `label_res` VALUES ('1660', '1142653', '3482481');
INSERT INTO `label_res` VALUES ('1661', '1142654', '3482481');
INSERT INTO `label_res` VALUES ('1664', '1142657', '3482483');
INSERT INTO `label_res` VALUES ('1665', '1142658', '3482484');
INSERT INTO `label_res` VALUES ('1666', '1142659', '3482485');
INSERT INTO `label_res` VALUES ('1667', '1142660', '3482486');
INSERT INTO `label_res` VALUES ('1668', '1142661', '3482487');

-- ----------------------------
-- Table structure for `message`
-- ----------------------------
DROP TABLE IF EXISTS `message`;
CREATE TABLE `message` (
  `message_id` int(50) NOT NULL,
  `message_content` varchar(300) DEFAULT NULL,
  `message_time` datetime DEFAULT NULL,
  `message_state` int(10) DEFAULT NULL,
  `receive_id` int(50) DEFAULT NULL,
  `send_id` int(50) DEFAULT NULL,
  PRIMARY KEY (`message_id`)
) ENGINE=InnoDB DEFAULT CHARSET=utf8mb4;

-- ----------------------------
-- Records of message
-- ----------------------------

-- ----------------------------
-- Table structure for `partition`
-- ----------------------------
DROP TABLE IF EXISTS `partition`;
CREATE TABLE `partition` (
  `partition_id` int(10) NOT NULL,
  `partition_first_id` int(10) DEFAULT NULL,
  `partition_name` varchar(50) DEFAULT NULL,
  PRIMARY KEY (`partition_id`)
) ENGINE=InnoDB DEFAULT CHARSET=utf8mb4;

-- ----------------------------
-- Records of partition
-- ----------------------------
INSERT INTO `partition` VALUES ('0', null, '未知频道');
INSERT INTO `partition` VALUES ('1', null, '动画');
INSERT INTO `partition` VALUES ('58', null, '音乐');
INSERT INTO `partition` VALUES ('59', null, '游戏');
INSERT INTO `partition` VALUES ('60', null, '娱乐');
INSERT INTO `partition` VALUES ('68', null, '影视');
INSERT INTO `partition` VALUES ('69', null, '体育');
INSERT INTO `partition` VALUES ('70', null, '科技');
INSERT INTO `partition` VALUES ('73', '110', '工作·情感');
INSERT INTO `partition` VALUES ('74', '110', '动漫文化');
INSERT INTO `partition` VALUES ('75', '110', '漫画·小说');
INSERT INTO `partition` VALUES ('83', '59', '游戏集锦');
INSERT INTO `partition` VALUES ('84', '59', '主机单机');
INSERT INTO `partition` VALUES ('85', '59', '英雄联盟');
INSERT INTO `partition` VALUES ('86', '60', '生活娱乐');
INSERT INTO `partition` VALUES ('87', '60', '鬼畜调教');
INSERT INTO `partition` VALUES ('88', '60', '萌宠');
INSERT INTO `partition` VALUES ('89', '60', '美食');
INSERT INTO `partition` VALUES ('91', '70', '数码');
INSERT INTO `partition` VALUES ('92', '125', '军事');
INSERT INTO `partition` VALUES ('94', '69', '足球');
INSERT INTO `partition` VALUES ('95', '69', '篮球');
INSERT INTO `partition` VALUES ('96', '68', '电影');
INSERT INTO `partition` VALUES ('106', '1', '动画短片');
INSERT INTO `partition` VALUES ('107', '1', 'MAD·AMV');
INSERT INTO `partition` VALUES ('108', '1', 'MMD·3D');
INSERT INTO `partition` VALUES ('109', '155', '旧番补档');
INSERT INTO `partition` VALUES ('110', null, '文章');
INSERT INTO `partition` VALUES ('120', '1', '国产动画');
INSERT INTO `partition` VALUES ('122', '70', '汽车');
INSERT INTO `partition` VALUES ('123', null, '舞蹈');
INSERT INTO `partition` VALUES ('124', null, '彼♀女');
INSERT INTO `partition` VALUES ('125', null, '鱼♂塘');
INSERT INTO `partition` VALUES ('127', '124', '造型');
INSERT INTO `partition` VALUES ('128', '124', '西皮');
INSERT INTO `partition` VALUES ('129', '124', '爱豆');
INSERT INTO `partition` VALUES ('131', '125', '历史');
INSERT INTO `partition` VALUES ('132', '125', '焦点');
INSERT INTO `partition` VALUES ('133', '1', '2.5次元');
INSERT INTO `partition` VALUES ('134', '123', '宅舞');
INSERT INTO `partition` VALUES ('135', '123', '综合舞蹈');
INSERT INTO `partition` VALUES ('136', '58', '原创·翻唱');
INSERT INTO `partition` VALUES ('137', '58', '演奏');
INSERT INTO `partition` VALUES ('138', '58', '日系音乐');
INSERT INTO `partition` VALUES ('139', '58', '综合音乐');
INSERT INTO `partition` VALUES ('140', '58', '演唱会');
INSERT INTO `partition` VALUES ('142', '68', '韩剧');
INSERT INTO `partition` VALUES ('143', '68', '其他');
INSERT INTO `partition` VALUES ('147', '70', '科学幻想');
INSERT INTO `partition` VALUES ('151', '70', '自我发电');
INSERT INTO `partition` VALUES ('152', '69', '综合体育');
INSERT INTO `partition` VALUES ('153', '69', '搏击');
INSERT INTO `partition` VALUES ('155', null, '番剧');
INSERT INTO `partition` VALUES ('163', '68', '美剧');
INSERT INTO `partition` VALUES ('164', '110', '游戏');
INSERT INTO `partition` VALUES ('165', '59', '桌游卡牌');
INSERT INTO `partition` VALUES ('170', '59', '守望先锋');
INSERT INTO `partition` VALUES ('180', '110', '文章综合');

-- ----------------------------
-- Table structure for `recommend`
-- ----------------------------
DROP TABLE IF EXISTS `recommend`;
CREATE TABLE `recommend` (
  `resource_id` int(50) DEFAULT NULL
) ENGINE=InnoDB DEFAULT CHARSET=utf8mb4;

-- ----------------------------
-- Records of recommend
-- ----------------------------

-- ----------------------------
-- Table structure for `resource`
-- ----------------------------
DROP TABLE IF EXISTS `resource`;
CREATE TABLE `resource` (
  `user_id` int(50) DEFAULT NULL,
  `resource_id` bigint(20) NOT NULL AUTO_INCREMENT,
  `resource_title` varchar(100) NOT NULL,
  `partition_id` int(50) DEFAULT NULL,
  `resource_cover` varchar(200) DEFAULT NULL,
  `resource_introduce` varchar(1000) DEFAULT NULL,
  `resource_content` longtext,
  `resource_state` int(10) DEFAULT NULL,
  `resource_time` datetime DEFAULT NULL,
  `resource_click` int(255) DEFAULT NULL,
  `resource_good` int(255) DEFAULT NULL,
  `resource_type` int(1) DEFAULT NULL,
  `resource_duration` bigint(20) DEFAULT NULL,
  `resource_commentCount` int(11) DEFAULT NULL,
  `resource_favoriteCount` int(11) DEFAULT NULL,
  PRIMARY KEY (`resource_id`)
) ENGINE=InnoDB AUTO_INCREMENT=3482489 DEFAULT CHARSET=utf8mb4;

-- ----------------------------
-- Records of resource
-- ----------------------------
INSERT INTO `resource` VALUES ('1049095', '1927813', '新海诚作品合集：秒5、她和她的猫、星之声、言叶之庭、云之彼端、追逐繁星的孩子、某人的目光', '109', '/acfun/images/covers/ac1927813.jpg', '你总会在这里看到曾经的你亦或现在正在悄然改变的你。c\'est la vie..', '/acfun/videos/ac1927813.mp4', '1', '2017-02-23 21:04:34', '0', '0', '1', '3757', '0', '0');
INSERT INTO `resource` VALUES ('656398', '1930468', '【补档】【吉卜力工作室】萤火虫之墓 BD高清中字', '109', '/acfun/images/covers/ac1930468.jpg', '《萤火虫之墓》是一部描写战争受害者孤儿的故事。影片对饥饿的描写非常生动。这是战败的日本才能得到的稀有的挫折和教训。作品出色地再现了由饥饿萌生的各样的爱憎感情和对人的不信任。再现了那种在现在已看不到了的那个时代的氛围。由饥饿的眼睛看到的大米、蔬菜、西瓜都是崇高的。电影采用动画片形式，给了这些小道具以充分的表现。这是一部以“死”为主题的作品，它没有政治说教，而是对“死”进行了正面进攻，认真地正视它。这', '/acfun/videos/ac1930468.mp4', '1', '2017-02-23 21:03:41', '0', '0', '1', '5299', '0', '0');
INSERT INTO `resource` VALUES ('308725', '2771392', 'CS:GO[熟肉]动画系列-EP1 标准的路人局', '106', '/acfun/images/covers/ac2771392.png', '<br/>作者:Nickbunyun(油土不) 非常不错的动画系列, 打算一直做到完结.', '/acfun/videos/ac2771392.mp4', '1', '2017-02-23 21:04:35', '0', '0', '1', '154', '0', '0');
INSERT INTO `resource` VALUES ('723102', '3044828', '体坛独家专访刘国梁：男单难度最大 张继科会“打人”', '152', '/acfun/images/covers/ac3044828.jpg', '体坛独家专访刘国梁：男单难度最大 张继科会“打人”', '/acfun/videos/ac3044828.mp4', '1', '2017-02-23 21:06:15', '0', '0', '1', '781', '0', '0');
INSERT INTO `resource` VALUES ('2403238', '3128005', '【椭奇x小缘喵】♪ 坚定的eye ♪ 一周年，坚定的爱', '134', '/acfun/images/covers/ac3128005.jpg', '参考振付：sm26493316<br/> \r\n<br/>感谢摄影/后期；fox\r\n<br/>这个真的是自己超喜欢的一首歌啊！这次录舞计划了好多想法但是没有全部实现，而且要赶在晚上公园熄灯之前录完，快要搞定保安告诉我们不能拍照，又换了一个场景拍qaq因为自己的原因跳的也不是很满意...哭qaq。\r\n<br/>为了方便跳舞<br/>穿了制服鞋miku不太还原见谅...\r\n<br/>从最初的神随到现在坚定的爱，已经不知不', '/acfun/videos/ac3128005.mp4', '1', '2017-02-23 21:05:08', '0', '0', '1', '237', '0', '0');
INSERT INTO `resource` VALUES ('1139787', '3321143', '【扯扯车】7万多起的大众三厢车 竟有中控大屏和座椅加热', '122', '/acfun/images/covers/ac3321143.jpg', '在中国卖了25年的捷达，3年前完成了第一次换代，现在换代之后的它又迎来了中期改款。虽然新款还是那个水桶腰车身，但是前脸已经焕然一新，配置也大幅升级，它值得买么？', '/acfun/videos/ac3321143.mp4', '1', '2017-02-23 21:06:01', '0', '0', '1', '273', '0', '0');
INSERT INTO `resource` VALUES ('3168127', '3322926', '【AcFun舞蹈月刊】2016年 第⑩期', '134', '/acfun/images/covers/ac3322926.jpg', '严格按照“强行”提取的服务器数据制作的呦！话说各位温柔的ACer们这个圣诞节有人和你一起度过吗？', '/acfun/videos/ac3322926.mp4', '1', '2017-02-23 21:05:07', '0', '0', '1', '916', '0', '0');
INSERT INTO `resource` VALUES ('6249161', '3338485', '【孤单又灿烂的神－鬼怪】两个百岁老人的智障日常（死鬼cp）', '128', '/acfun/images/covers/ac3338485.png', '两位的小甜饼合集\r\n<br/>微博关注@山楂夫人，私信回复“鬼怪”，同步更新影视资源。', '/acfun/videos/ac3338485.mp4', '1', '2017-02-23 21:05:35', '0', '0', '1', '189', '0', '0');
INSERT INTO `resource` VALUES ('8932012', '3338678', '【孤独又灿烂的神-鬼怪】【死鬼CP】祝星', '128', '/acfun/images/covers/ac3338678.jpg', '上一世，你是王，我是死在你刀下的将军\r\n<br/>这一世，你是失忆的地狱使者，我是待你收割的鬼怪\r\n<br/>上一世我无能为力，这一世哪怕结局已注定\r\n<br/>我还是想问你，我们有没有可能在一起\r\n<br/>视频很短不到一分钟，当作预告吧，正片等我考试完再剪！', '/acfun/videos/ac3338678.mp4', '1', '2017-02-23 21:05:36', '0', '0', '1', '59', '0', '0');
INSERT INTO `resource` VALUES ('1530508', '3338765', '【GTA】你™的名字。your fucking name.【你的名字】预告片正确打开方式', '83', '/acfun/images/covers/ac3338765.jpg', '很惭愧，只是个蹭热度的辣鸡视频。', '/acfun/videos/ac3338765.mp4', '1', '2017-02-23 21:03:38', '0', '0', '1', '91', '0', '0');
INSERT INTO `resource` VALUES ('4393532', '3338773', '【冬至】汉服妆发', '127', '/acfun/images/covers/ac3338773.jpg', '<br/>冬至快到了，特意出了一个适合冬季出游的汉服妆发视频。\r<br/>因为是冬季所以用的腮红和眼影都是橘色系的，看着很温暖啊。\r<br/>要记得吃饺子哟 \\(^o^)/', '/acfun/videos/ac3338773.mp4', '1', '2017-02-23 21:05:36', '0', '0', '1', '696', '0', '0');
INSERT INTO `resource` VALUES ('370314', '3344638', '2016世界上最最疯狂的人们__BEST OF THE BEST', '86', '/acfun/images/covers/ac3344638.jpg', '(￣︶￣)︽(￣︶￣)︿ 我只是个搬运工', '/acfun/videos/ac3344638.mp4', '1', '2017-02-23 21:03:58', '0', '0', '1', '2332', '0', '0');
INSERT INTO `resource` VALUES ('2912434', '3349995', '【转发送耳机】千元神器？魅蓝NOTE5测评', '91', '/acfun/images/covers/ac3349995.jpg', '淘宝搜索店铺：科技曼曼谈，正品苹果耳机89.9包邮到火星！搞机群：366862921（科技曼曼谈）', '/acfun/videos/ac3349995.mp4', '1', '2017-02-23 21:06:01', '0', '0', '1', '579', '0', '0');
INSERT INTO `resource` VALUES ('335261', '3350935', '2016年度鬼畜调教作品精选', '87', '/acfun/images/covers/ac3350935.jpg', '2016年度鬼畜调教作品精选     往期作品推荐 <a href=\'/v/ac2107627\'>[ac2107627]</a>', '/acfun/videos/ac3350935.mp4', '1', '2017-02-23 21:03:43', '0', '0', '1', '209', '0', '0');
INSERT INTO `resource` VALUES ('5925976', '3353792', '圣诞节脱单，斩男神约会妆！~圣诞节快乐！平安夜快乐！考研都通过哦！~', '127', '/acfun/images/covers/ac3353792.JPG', '新浪微博@路遥姑娘Queenie, 微信公众号@路遥姑娘', '/acfun/videos/ac3353792.mp4', '1', '2017-02-23 21:05:34', '0', '0', '1', '196', '0', '0');
INSERT INTO `resource` VALUES ('2809139', '3355633', '【日剧日影.父女】你背后留下的脚印，是我前进的方向', '128', '/acfun/images/covers/ac3355633.JPG', '谢谢微博私信我的旁友，你们真的很有爱', '/acfun/videos/ac3355633.mp4', '1', '2017-02-23 21:05:35', '0', '0', '1', '271', '0', '0');
INSERT INTO `resource` VALUES ('348627', '3361775', '年代盘点新篇3---周刊Sunday，magazine历代卷均销量总榜NO.30', '106', '/acfun/images/covers/ac3361775.jpg', '卷均销量还有三期，分别是少女漫画卷均销量榜，青年漫画卷均销量榜和其他小杂志社和月刊少年漫画的综合榜【钢炼会在这里，钢炼是月刊】尽请期待\r<br/>本期开始也会多一些介绍，让大家能看的明白', '/acfun/videos/ac3361775.mp4', '1', '2017-02-23 21:04:51', '0', '0', '1', '1395', '0', '0');
INSERT INTO `resource` VALUES ('1155262', '3361789', '起小点TOP10 VOL261 AD卡牌新势力鬼畜流！', '85', '/acfun/images/covers/ac3361789.jpg', '由是大腿出品的《起小点TOP10》每周三，周日更新。新浪微博@起小点@长歌是大腿获取更多精彩内容。', '/acfun/videos/ac3361789.mp4', '1', '2017-02-23 21:04:30', '0', '0', '1', '361', '0', '0');
INSERT INTO `resource` VALUES ('4075269', '3361801', '中国交通事故合集20161227：每天10分钟最新的国内外事故实例，助你提高安全意识。', '132', '/acfun/images/covers/ac3361801.jpg', '每天10分钟最新的国内外事故实例，助你提高安全意识。\r<br/>感谢聪明机智的你关注本频道，坚持观看，出行安全系数将会增加N倍，（每天更新哦，敬请订阅观看！）\r<br/>有拍到交通事故视频的伙伴们，请用格式工具截取关键内容20秒左右转换压缩成MP4文件，上传到网盘或者视频网站，然后发分享链接给我，谢谢！\r<br/>投稿地址：http://i.youku.com/monitorearth', '/acfun/videos/ac3361801.mp4', '1', '2017-02-23 21:05:58', '0', '0', '1', '630', '0', '0');
INSERT INTO `resource` VALUES ('1133449', '3361854', '【皇冠T-ara】圣诞演唱会大皇冠现场 - 161228（甜恩静的TIAMO，看了心情一级棒！）', '135', '/acfun/images/covers/ac3361854.jpg', '当有新资源的时候，每日一套那个先暂停一下\r<br/>看了静静的TIAMO，真的感觉心情一级棒！孝敏红色那套服装美得我受不了啦', '/acfun/videos/ac3361854.mp4', '1', '2017-02-23 21:05:20', '0', '0', '1', '204', '0', '0');
INSERT INTO `resource` VALUES ('804325', '3362051', '陈一发儿，女屌丝网红涉黄被抓啦！！', '86', '/acfun/images/covers/ac3362051.jpg', '新浪微博：陈一发儿，网易云音乐：陈一发儿，斗鱼房间：67373。录像网盘地址：http://yun.baidu.com/share/home?uk=2958108051#category/type=0', '/acfun/videos/ac3362051.mp4', '1', '2017-02-23 21:04:11', '0', '0', '1', '1724', '0', '0');
INSERT INTO `resource` VALUES ('199029', '3362165', '2016世界最美的100张面孔！', '86', '/acfun/images/covers/ac3362165.png', '今年百美出来啦~~看看你们的男神女神上线没~~~', '/acfun/videos/ac3362165.mp4', '1', '2017-02-23 21:03:57', '0', '0', '1', '508', '0', '0');
INSERT INTO `resource` VALUES ('5929475', '3362238', '【xx说漫画】死侍大战屠杀，满屏的鲜血和杀戮【漫威】', '106', '/acfun/images/covers/ac3362238.jpg', '在之前的纽约大屠杀中，屠杀暂时消失了，世人都以为他扑街了。几年后死侍在电视看到了屠杀又开始肆意杀戮的消息，于是死侍觉得是什么在暗示他去击败死侍，所以他开始寻找屠杀，开启了死侍vs屠杀1.0.【让漫画动起来，让动画活起来，XX带你看漫画，回忆经典，吐槽现在，解密未来。】【xx说漫画】', '/acfun/videos/ac3362238.mp4', '1', '2017-02-23 21:04:53', '0', '0', '1', '449', '0', '0');
INSERT INTO `resource` VALUES ('4124627', '3362456', '玩儿点不一样的！ 爱尔威（Airwheel）S8Mini平衡车体验', '147', '/acfun/images/covers/ac3362456.jpg', '玩儿点不一样的！ 爱尔威（Airwheel）S8Mini平衡车体验', '/acfun/videos/ac3362456.mp4', '1', '2017-02-23 21:06:12', '0', '0', '1', '349', '0', '0');
INSERT INTO `resource` VALUES ('988165', '3362563', '中国风动画短片：《相思》', '106', '/acfun/images/covers/ac3362563.png', '红豆生南国，春来发几枝。愿君多采撷，此物最相思。\r<br/>视频搬运于秒拍：V电影', '/acfun/videos/ac3362563.mp4', '1', '2017-02-23 21:04:49', '0', '0', '1', '584', '0', '0');
INSERT INTO `resource` VALUES ('877045', '3362683', '2016十大华语车祸现场', '139', '/acfun/images/covers/ac3362683.jpg', '搬运微博@耳帝 点评见评论 。', '/acfun/videos/ac3362683.mp4', '1', '2017-02-23 21:05:05', '0', '0', '1', '1126', '0', '0');
INSERT INTO `resource` VALUES ('205257', '3363140', '看上去像在做援交的动画角色2016排行', '106', '/acfun/images/covers/ac3363140.JPG', 'sm30290412东山文化', '/acfun/videos/ac3363140.mp4', '1', '2017-02-23 21:04:54', '0', '0', '1', '1365', '0', '0');
INSERT INTO `resource` VALUES ('4471111', '3363968', '电影最TOP 40: 年终盘点！2016国产电影十大佳片', '96', '/acfun/images/covers/ac3363968.jpg', '这一年的院线电影从票房总量到作品品质，双双未达到预期。各大电影公司卯足了劲儿，但叫好又叫座的作品依然不是很多。本期，我就选出我心中的国产院线十大佳片，与各位分享一些个人的意见。', '/acfun/videos/ac3363968.mp4', '1', '2017-02-23 21:05:34', '0', '0', '1', '1729', '0', '0');
INSERT INTO `resource` VALUES ('1350082', '3364284', '极乐净土kiana无字幕版1080p 搬运', '108', '/acfun/images/covers/ac3364284.jpg', '1080 高清 60FPS 第一次投稿', '/acfun/videos/ac3364284.mp4', '1', '2017-02-23 21:04:51', '0', '0', '1', '264', '0', '0');
INSERT INTO `resource` VALUES ('4075269', '3364527', '中国交通事故合集20161228：每天10分钟最新的国内外事故实例，助你提高安全意识。', '132', '/acfun/images/covers/ac3364527.jpg', '每天10分钟最新的国内外事故实例，助你提高安全意识。\r<br/>感谢聪明机智的你关注本频道，坚持观看，出行安全系数将会增加N倍，（每天更新哦，敬请订阅观看！）\r<br/>有拍到交通事故视频的伙伴们，请用格式工具截取关键内容20秒左右转换压缩成MP4文件，上传到网盘或者视频网站，然后发分享链接给我，谢谢！\r<br/>投稿地址：http://i.youku.com/monitorearth', '/acfun/videos/ac3364527.mp4', '1', '2017-02-23 21:05:59', '0', '0', '1', '658', '0', '0');
INSERT INTO `resource` VALUES ('1155262', '3364612', '青铜修炼手册44：快让开，我刹不住了', '85', '/acfun/images/covers/ac3364612.jpg', '由是大腿出品的《青铜修炼手册》每周四更新！新浪微博@长歌是大腿 获取更多精彩内容。', '/acfun/videos/ac3364612.mp4', '1', '2017-02-23 21:04:30', '0', '0', '1', '536', '0', '0');
INSERT INTO `resource` VALUES ('1108815', '3364705', '【韩剧】举重妖精金福珠 13  李圣经 阿婆南票南柱赫 720P【TSKS】', '142', '/acfun/images/covers/ac3364705.jpg', 'SB百度云！！！限制我下载速度！！！！', '/acfun/videos/ac3364705.mp4', '1', '2017-02-23 21:05:33', '0', '0', '1', '3522', '0', '0');
INSERT INTO `resource` VALUES ('1377942', '3364718', '【宇宙大新闻】我们2016', '86', '/acfun/images/covers/ac3364718.gif', '年度大新闻盘点：我们2016', '/acfun/videos/ac3364718.mp4', '1', '2017-02-23 21:03:50', '0', '0', '1', '485', '0', '0');
INSERT INTO `resource` VALUES ('804325', '3364753', '陈一发儿，斗鱼F4再聚首！（大表姐、冯提莫、陈一发儿、周二珂）', '86', '/acfun/images/covers/ac3364753.jpg', '直接传的全集，因为是在KTV，所以噪音略大，好好看4个美少女就好了！！！\r<br/>新浪微博：陈一发儿，网易云音乐：陈一发儿，斗鱼房间：67373。录像网盘地址：http://yun.baidu.com/share/home?uk=2958108051#category/type=0', '/acfun/videos/ac3364753.mp4', '1', '2017-02-23 21:04:12', '0', '0', '1', '5510', '0', '0');
INSERT INTO `resource` VALUES ('3688143', '3364929', '车TT - 最强中级车对比-迈锐宝XL vs 迈腾（一）', '122', '/acfun/images/covers/ac3364929.JPG', '车TT - 最强中级车对比-迈锐宝XL vs 迈腾（一）', '/acfun/videos/ac3364929.mp4', '1', '2017-02-23 21:06:13', '0', '0', '1', '600', '0', '0');
INSERT INTO `resource` VALUES ('199029', '3365029', '满屏大白腿~王牌美颜AOA Excuse Me回归预告', '129', '/acfun/images/covers/ac3365029.png', '-v -嗯，你们最爱的王牌大腿AOA~~', '/acfun/videos/ac3365029.mp4', '1', '2017-02-23 21:05:45', '0', '0', '1', '37', '0', '0');
INSERT INTO `resource` VALUES ('33588', '3365121', 'JUMP流！空知英秋猩猩《银魂》现场作画', '133', '/acfun/images/covers/ac3365121.jpg', '搬自youtube，噢噢噢~这次银魂的也来了~12月31号还有发售荒木的jump流，期待！！', '/acfun/videos/ac3365121.mp4', '1', '2017-02-23 21:04:48', '0', '0', '1', '1661', '0', '0');
INSERT INTO `resource` VALUES ('86145', '3365230', '诸君，来亲眼见识一下真正的威尔特张伯伦吧。', '95', '/acfun/images/covers/ac3365230.gif', '因为看到有弹幕说张伯伦放在今天无法在nba立足，我便做了这个视频，旨在让大家在更加了解张伯伦之后，再下断言。', '/acfun/videos/ac3365230.mp4', '1', '2017-02-23 21:06:26', '0', '0', '1', '473', '0', '0');
INSERT INTO `resource` VALUES ('199029', '3365234', '泰国小姐姐（小哥哥？）跳Apink的 Cause you‘’re my star', '135', '/acfun/images/covers/ac3365234.png', '这是小姐姐还是小哥哥呢？', '/acfun/videos/ac3365234.mp4', '1', '2017-02-23 21:05:20', '0', '0', '1', '208', '0', '0');
INSERT INTO `resource` VALUES ('1733545', '3365434', '【科普】钢铁侠的10部经典装甲（上篇）', '106', '/acfun/images/covers/ac3365434.jpg', '视频更新，请关注微信公众号：努力的Lorre', '/acfun/videos/ac3365434.mp4', '1', '2017-02-23 21:04:47', '0', '0', '1', '477', '0', '0');
INSERT INTO `resource` VALUES ('199029', '3365661', '宇宙美颜林允儿没有入选2016世界百美的原因是？', '129', '/acfun/images/covers/ac3365661.png', '嗯。。。。。。。。。。。。', '/acfun/videos/ac3365661.mp4', '1', '2017-02-23 21:05:46', '0', '0', '1', '41', '0', '0');
INSERT INTO `resource` VALUES ('8235128', '3365770', '聊一聊神奇的百度戒色吧', '86', '/acfun/images/covers/ac3365770.gif', '一定是我心中还残留着杂念所以才没人看我的节目，嗯', '/acfun/videos/ac3365770.mp4', '1', '2017-02-23 21:04:14', '0', '0', '1', '1283', '0', '0');
INSERT INTO `resource` VALUES ('1258636', '3366082', '【韩剧】举重妖精金福珠（역도요정 김복주）EP13【神叨字幕组】', '142', '/acfun/images/covers/ac3366082.jpg', '韩国周三周四晚间播出，我们隔天更新中字。勿催、《举重妖精金福珠》是一部讲述了21岁的举重选手金福珠的初恋故事的浪漫喜剧。南柱赫将在剧中饰演不太走运的体育大学游泳天才郑俊亨（音译），李圣经则饰演同一个体育大学的举重部学生金福珠，虽然看起来非常轻率，但却有一颗柔软的玻璃心。除二人之外，演员景收真、组合N.Flying成员金宰铉也将出演该剧。', '/acfun/videos/ac3366082.mp4', '1', '2017-02-23 21:05:33', '0', '0', '1', '3568', '0', '0');
INSERT INTO `resource` VALUES ('370314', '3366197', '10000mW激光_VS可口可乐__iPhone_6s等等', '147', '/acfun/images/covers/ac3366197.jpg', '(￣︶￣)︽(￣︶￣)︿ 我只是个搬运工', '/acfun/videos/ac3366197.mp4', '1', '2017-02-23 21:06:15', '0', '0', '1', '794', '0', '0');
INSERT INTO `resource` VALUES ('1059146', '3367002', '【逗鱼时刻】逗鱼时刻2016 TOP50', '165', '/acfun/images/covers/ac3367002.jpg', '盘点2016逗鱼时刻精彩瞬间。祝大家鸡年大吉吧！', '/acfun/videos/ac3367002.mp4', '1', '2017-02-23 21:03:56', '0', '0', '1', '4601', '0', '0');
INSERT INTO `resource` VALUES ('4075269', '3367124', '中国交通事故合集20161229：每天10分钟最新的国内外事故实例，助你提高安全意识。', '132', '/acfun/images/covers/ac3367124.jpg', '每天10分钟最新的国内外事故实例，助你提高安全意识。\r\n<br/>感谢聪明机智的你关注本频道，坚持观看，出行安全系数将会增加N倍，（每天更新哦，敬请订阅观看！）\r\n<br/>有拍到交通事故视频的伙伴们，请用格式工具截取关键内容20秒左右转换压缩成MP4文件，上传到网盘或者视频网站，然后发分享链接给我，谢谢！\r\n<br/>投稿地址：http://i.youku.com/monitorearth', '/acfun/videos/ac3367124.mp4', '1', '2017-02-23 21:06:00', '0', '0', '1', '639', '0', '0');
INSERT INTO `resource` VALUES ('4105783', '3367194', '教授再次变身蜘蛛侠狠虐无辜路人，COS上瘾就去扫场！', '95', '/acfun/images/covers/ac3367194.gif', 'Grayson Boucher就是被许多篮球迷称为教授，这次变身蜘蛛侠，去街头篮球场各种虐路人，可怜的路人到最后才知道这是大名鼎鼎滴教授.....', '/acfun/videos/ac3367194.mp4', '1', '2017-02-23 21:06:30', '0', '0', '1', '174', '0', '0');
INSERT INTO `resource` VALUES ('534377', '3367200', '【主播真会玩】71：嫖老师大跳极乐净土？！', '85', '/acfun/images/covers/ac3367200.jpg', '我PDD就是腿被打断！也不会跳什么极乐净土的！\r<br/>新浪微博：@起小点\r<br/>封面素材出处：@小忍的凛果酱', '/acfun/videos/ac3367200.mp4', '1', '2017-02-23 21:04:31', '0', '0', '1', '1036', '0', '0');
INSERT INTO `resource` VALUES ('268722', '3367268', '【暴走大事件第四季】76  曹操领众老铁引燃三国直播大战', '86', '/acfun/images/covers/ac3367268.jpg', '快手并非国人专利，同一个世界，同一个666；雾霾天停课老师在家直播教学，刷波火箭大家就下课；欧美惊现“自然恋”者，真正的实力草粉；陕西农民手榴弹砸核桃，毛子听了会沉默；年幼小司机带你探索主题按摩店的秘密；曹操领众老铁引燃三国直播大战.', '/acfun/videos/ac3367268.mp4', '1', '2017-02-23 21:03:52', '0', '0', '1', '1415', '0', '0');
INSERT INTO `resource` VALUES ('208236', '3367414', '【片头年榜】【依旧是电音第100期】', '139', '/acfun/images/covers/ac3367414.gif', '不知不觉在A站更新已经2年了，给大家分享了近千首歌曲，依旧电音系列也迎来了第100期，在这辞旧迎新之际，特此给大家放出年终福利【片头Top20】，感谢大家长久以来的支持，祝大家新年快乐！【本期留言的朋友将会收到无水印无音频的视频原文件哟^_^】2017年我也会继续努力分享的！', '/acfun/videos/ac3367414.mp4', '1', '2017-02-23 21:05:07', '0', '0', '1', '1658', '0', '0');
INSERT INTO `resource` VALUES ('602412', '3367489', '【top】足坛年终50佳球', '94', '/acfun/images/covers/ac3367489.JPEG', '转眼间已是2016年底，这一年有哪些精彩进球呢？', '/acfun/videos/ac3367489.mp4', '1', '2017-02-23 21:06:29', '0', '0', '1', '329', '0', '0');
INSERT INTO `resource` VALUES ('877049', '3367743', '这可能是2016最牛逼的游戏混剪 | 机核', '84', '/acfun/images/covers/ac3367743.jpg', '这可能是2016最牛逼的游戏混剪 | 机核', '/acfun/videos/ac3367743.mp4', '1', '2017-02-23 21:04:32', '0', '0', '1', '159', '0', '0');
INSERT INTO `resource` VALUES ('2713909', '3367809', '【冷敬热槽】一次就看完，NHK神之脑洞一分钟', '106', '/acfun/images/covers/ac3367809.gif', '自制，下期预告不是1月新番介绍就是FLCL，明年见~~', '/acfun/videos/ac3367809.mp4', '1', '2017-02-23 21:04:50', '0', '0', '1', '338', '0', '0');
INSERT INTO `resource` VALUES ('4068990', '3367862', '武装后的黑武士：弓箭手M2与重炮手M4', '122', '/acfun/images/covers/ac3367862.jpg', '宝马M2，一台追求极致驾驶乐趣的弓箭手；宝马M4，则是车主精心打造的重炮手……当这两台体现速度与操控的M Car一起出现的时候，你根本无法抗拒！今天一起跟随车主来感受黑武士的速度与激情！要想看到我们更燃的一面，请关注官方微信公众号“jsfamily520”。JSFamily集视家，给你最燃的汽车文化。', '/acfun/videos/ac3367862.mp4', '1', '2017-02-23 21:06:03', '0', '0', '1', '1038', '0', '0');
INSERT INTO `resource` VALUES ('415742', '3368181', '《十万个冷笑话》第3季 25-菊花女篇', '120', '/acfun/images/covers/ac3368181.jpg', '<br/>男主生活的妖气小镇发生异变，每个人的食物癖暴露无遗，唯一没有暴露的是外表看似个学姐，内心却不像萝莉的“植物人”。神秘角色压轴片尾，一定有不可告人的……\r<br/>动画每月1日、15日更新~【微博@十万个冷笑话<br/>微信号：u17_10w 漫画链接：http://www.u17.com/comic/5553.html】', '/acfun/videos/ac3368181.mp4', '1', '2017-02-23 21:04:51', '0', '0', '1', '322', '0', '0');
INSERT INTO `resource` VALUES ('3766729', '3368188', '【柒仔x子清x小白】恋爱裁判【那些年冻掉的暖宝宝www】', '134', '/acfun/images/covers/ac3368188.jpg', '<br/>翻跳的是大小姐他们的振幅。不过大冬天的不仅冻掉了我们的同步率，连暖宝宝的冻掉了2333\r<br/>舞见：@子清雨后冒头打地鼠\r<br/> <br/>          @小白酱99_妖的48 \r<br/>            @一番卡哇伊的柒仔 \r<br/>摄&amp;amp;后：@引路明其实是小明\r<br/>后勤小天使：一大堆凑热闹的和爱我的老舅2333', '/acfun/videos/ac3368188.mp4', '1', '2017-02-23 21:05:10', '0', '0', '1', '257', '0', '0');
INSERT INTO `resource` VALUES ('73200', '3368325', '【敖厂长】美国无良游戏', '84', '/acfun/images/covers/ac3368325.jpg', '【美国无良游戏】囧的呼唤212期', '/acfun/videos/ac3368325.mp4', '1', '2017-02-23 21:04:33', '0', '0', '1', '785', '0', '0');
INSERT INTO `resource` VALUES ('3640776', '3368421', '【虎扑JRs字幕】深入了解拜厄斯：文能中投胜乔丹，武能暴扣头平筐', '95', '/acfun/images/covers/ac3368421.jpg', '【虎扑JRs字幕】深入了解拜厄斯：文能中投胜乔丹，武能暴扣头平筐', '/acfun/videos/ac3368421.mp4', '1', '2017-02-23 21:06:18', '0', '0', '1', '468', '0', '0');
INSERT INTO `resource` VALUES ('5952999', '3368449', '历史有今天【1.3】闻名世界的另类武士——坂本龙马', '131', '/acfun/images/covers/ac3368449.jpg', '他其实也称得上是日本近代海军之父', '/acfun/videos/ac3368449.mp4', '1', '2017-02-23 21:05:48', '0', '0', '1', '123', '0', '0');
INSERT INTO `resource` VALUES ('9234754', '3368525', '《汽车百年第二季》第五集 奇点汽车', '122', '/acfun/images/covers/ac3368525.jpeg', '电动化、智能化、网联化\r<br/>百年汽车，进入到巨变的”奇点“\r<br/>这样一个时代里，奇点汽车“破壁”而生\r<br/>虽然在《汽车百年》里的角色是辆未来之车\r<br/>但奇点汽车希望告诉世界：\r<br/>更蓝的天空、更安全的出行、更顺畅的交通\r<br/>每次出行都能成为美好的记忆\r<br/>这一切，并非在遥远的未来\r<br/>万物互联、自我成长、“懂你”所需\r<br/>“奇点”属于每一个年轻的你\r<br/>“奇点”即将在你的时代降临', '/acfun/videos/ac3368525.mp4', '1', '2017-02-23 21:06:02', '0', '0', '1', '220', '0', '0');
INSERT INTO `resource` VALUES ('3024659', '3368736', '【年度混剪】5分钟看完2016年让我们期待的游戏大作', '83', '/acfun/images/covers/ac3368736.jpg', 'BGM:《White Wall - The Guardian》《April Rain - empty space odyssey》《Two<br/>Steps From Hell - Archangel》《Epic Score - Freedom Is Ours》祝大家新年快乐~', '/acfun/videos/ac3368736.mp4', '1', '2017-02-23 21:04:15', '0', '0', '1', '289', '0', '0');
INSERT INTO `resource` VALUES ('2090487', '3368808', '黑小哥：非得逼我用中文骂你', '86', '/acfun/images/covers/ac3368808.jpg', '这中文说得实在是厉害……黑小哥：非得逼我用中文骂你', '/acfun/videos/ac3368808.mp4', '1', '2017-02-23 21:04:13', '0', '0', '1', '0', '0', '0');
INSERT INTO `resource` VALUES ('606168', '3368891', '【STN快报02】steam的竞争对手出现了！', '83', '/acfun/images/covers/ac3368891.jpg', '给大家拜个早年，祝大家鸡年大吉吧', '/acfun/videos/ac3368891.mp4', '1', '2017-02-23 21:03:53', '0', '0', '1', '884', '0', '0');
INSERT INTO `resource` VALUES ('335261', '3368899', 'AcFun音乐区2016原创作品精选', '136', '/acfun/images/covers/ac3368899.jpg', '猴子私藏的一年的歌单，现在直接分享给各位acer们啦！新的一年也希望acer们能继续支持A站音乐区，支持给大家带来如此多动听音乐的UP主们~', '/acfun/videos/ac3368899.mp4', '1', '2017-02-23 21:04:55', '0', '0', '1', '279', '0', '0');
INSERT INTO `resource` VALUES ('8363393', '3369120', '冰箱上贴的食物相克表，其实是一场百年骗局', '86', '/acfun/images/covers/ac3369120.png', '八方互助谣言粉碎机，粉碎你朋友圈里的各种谣言！！！', '/acfun/videos/ac3369120.mp4', '1', '2017-02-23 21:04:14', '0', '0', '1', '238', '0', '0');
INSERT INTO `resource` VALUES ('283995', '3369150', '【弹幕过千的】毁(ni)歌(neng)年(guo)末(ji)合(guan)集', '136', '/acfun/images/covers/ac3369150.jpg', '猴子求过，过关合集让我去娱乐区吧٩(๑òωó๑)۶  粉丝群 144959059 (*/ω＼*) 微博@一大碗雪橇 ( ‵▽′)ψ 大家可能也发现了，我大概每周五六更新，这次开始，筹备rap，改词量超大，接下来可能直到2018年我都要一直发合集骗香蕉骗粉了哈哈哈哈哈哈哈哈哈哈', '/acfun/videos/ac3369150.mp4', '1', '2017-02-23 21:03:41', '0', '0', '1', '494', '0', '0');
INSERT INTO `resource` VALUES ('1117694', '3369191', '来来来，围观一下170cm及以下扣篮者（黄种人，白人，黑人 ）扣篮对比', '95', '/acfun/images/covers/ac3369191.jpg', '从youtube上搬过来的，别人能扣篮，为什么你不能呢！想要啥视频，up帮你搬过来。', '/acfun/videos/ac3369191.mp4', '1', '2017-02-23 21:06:27', '0', '0', '1', '62', '0', '0');
INSERT INTO `resource` VALUES ('8815659', '3369199', '【JackieBeauty】年末诡异画风-恶魔养成记', '127', '/acfun/images/covers/ac3369199.jpg', '微博：@JackieBeauty \r<br/>微信公众号：NYCOM_ENT', '/acfun/videos/ac3369199.mp4', '1', '2017-02-23 21:05:47', '0', '0', '1', '297', '0', '0');
INSERT INTO `resource` VALUES ('534377', '3369349', '主播真会玩女神篇13：女司机的车说翻就翻！', '86', '/acfun/images/covers/ac3369349.jpg', '新浪微博：@起小点\r<br/>我元旦只想安静的做主播真会玩女神篇！', '/acfun/videos/ac3369349.mp4', '1', '2017-02-23 21:04:12', '0', '0', '1', '754', '0', '0');
INSERT INTO `resource` VALUES ('6009125', '3369559', '【社长说】那些经典格斗游戏给我们带来了哪些熟悉的玩法？', '84', '/acfun/images/covers/ac3369559.gif', '格斗游戏在过去拥有广泛的受众，但现在已经成了夕阳产业，玩家规模大不如前，导致这个类型在漫长30多年积累下来的制作经验，到如今仿佛成为屠龙之技，十分可惜。我们制作了这个视频，带你系统地看一看，格斗游戏是如何从你拍一我拍一的单调玩法，进化成现在这个复杂庞大的系统的。', '/acfun/videos/ac3369559.mp4', '1', '2017-02-23 21:04:15', '0', '0', '1', '1081', '0', '0');
INSERT INTO `resource` VALUES ('4105783', '3369806', '这才叫扣篮！历年最残暴的篮球视觉盛宴，不好看你打我！', '95', '/acfun/images/covers/ac3369806.gif', '快来打我呀n_n，关注小球新浪微博@打球么', '/acfun/videos/ac3369806.mp4', '1', '2017-02-23 21:06:30', '0', '0', '1', '345', '0', '0');
INSERT INTO `resource` VALUES ('2750864', '3369824', '听歌，喝酒过元旦！网易云上3W+评论电音，元旦你并不孤单~听说投5蕉明年就能脱单，真的！', '139', '/acfun/images/covers/ac3369824.gif', '<br/>3P授权转载自草地有尼玛，元旦将至，如果你是一个人，请不用气馁，我在你身边。\r<br/>感谢各位的支持，明年我会继续努力的！\r<br/>要歌单请网易云音乐搜：下个路口大地<br/>网易云歌单：自用，锻炼跑步电音 前11首', '/acfun/videos/ac3369824.mp4', '1', '2017-02-23 21:03:38', '0', '0', '1', '2872', '0', '0');
INSERT INTO `resource` VALUES ('8427986', '3369869', '【66熟肉】伟大的旅程 The Grand Tour S01E07 纳米比亚特辑上', '122', '/acfun/images/covers/ac3369869.jpg', '打赏请到支付宝：samuelfanchen$hotmail.com  $换成@。【66熟肉】伟大的旅程 The Grand Tour<br/>S01E07 纳米比亚特辑上 双语字幕。版权属于亚马逊。请到prime.amazon.com购买正版会员。中文字幕仅供学习参考。翻译：无语/傲滥/DavonCream/陈提芬/FAUX，校对/注解：山姆饭老湿。请关注我们的微信/微博@66车讯，您的海外汽车猛料速递。', '/acfun/videos/ac3369869.mp4', '1', '2017-02-23 21:06:13', '0', '0', '1', '2670', '0', '0');
INSERT INTO `resource` VALUES ('2090487', '3370281', '秒速换胎 2016年F1最快进站换胎TOP 10', '122', '/acfun/images/covers/ac3370281.jpg', 'Youtube 眨眼功夫，四胎全换', '/acfun/videos/ac3370281.mp4', '1', '2017-02-23 21:06:14', '0', '0', '1', '162', '0', '0');
INSERT INTO `resource` VALUES ('7077283', '3370405', '《涡轮时间》雪地测试新Q7，我更感兴趣的还是quattro！', '122', '/acfun/images/covers/ac3370405.jpg', '森哥全新侃车，尽在涡轮时间  新浪微博@徐珞森', '/acfun/videos/ac3370405.mp4', '1', '2017-02-23 21:06:07', '0', '0', '1', '324', '0', '0');
INSERT INTO `resource` VALUES ('2303631', '3370409', '【娜娜】music music 不曾间断地演奏我对你的思念❤ 生日作&amp;新年作', '134', '/acfun/images/covers/ac3370409.jpg', '又有投稿啦~\r<br/>今天娜娜生日明天元旦，所以生日作和新年作一块发啦~\r<br/>谢谢大家长期以来的支持~比哈特❤\r<br/>希望大家以后的每一天都有一个好心情(～￣▽￣)～\r<br/>音源本家：sm24333080（とあ様）\r<br/>振付本家：sm27976321（七河みこ様）', '/acfun/videos/ac3370409.mp4', '1', '2017-02-23 21:05:08', '0', '0', '1', '231', '0', '0');
INSERT INTO `resource` VALUES ('1172505', '3370648', '北美票房排行榜 第五十二期 (2016.12.23~2016.12.29)', '96', '/acfun/images/covers/ac3370648.png', '首先祝大家新年快乐！新的一年存款越来越多。然后，白色相簿的季节快要过去了！感觉一到这个季节自己就会变渣！(PS：排名第二的最后有一个裤带系老高的帅哥！你说是不是苟福。。。。）', '/acfun/videos/ac3370648.mp4', '1', '2017-02-23 21:03:36', '0', '0', '1', '1145', '0', '0');
INSERT INTO `resource` VALUES ('1469754', '3370730', '【2017年1月】新番动画推荐', '106', '/acfun/images/covers/ac3370730.jpg', '做个动画评论人，微博@少年带码菌', '/acfun/videos/ac3370730.mp4', '1', '2017-02-23 21:04:36', '0', '0', '1', '500', '0', '0');
INSERT INTO `resource` VALUES ('1379664', '3370824', '清纯or性感，2016韩国女团舞蹈MV完整收录大合集！', '135', '/acfun/images/covers/ac3370824.gif', '2016年韩国女团舞蹈版MV合集，包括日单的MV', '/acfun/videos/ac3370824.mp4', '1', '2017-02-23 21:05:19', '0', '0', '1', '230', '0', '0');
INSERT INTO `resource` VALUES ('1161851', '3371294', '【紫嘉儿*小珑（夜莺Dynasty）】14岁混血萝莉~Black Pink-玩火', '135', '/acfun/images/covers/ac3371294.jpg', '<br/>摄影：小幽\r<br/>后勤：智熙，康康\r<br/>后期：猫不\r<br/>本来是四个人的，结果发生一些状况，最后只有我们两个了，有点遗憾。\r<br/>小珑的妈妈来自罗马尼亚，头发是天生的自然卷~真人超级软萌可爱，这次为了配合歌曲装扮比较成熟，我第一次知道她年纪的时候也是吃了一惊，但是小妹妹本身的确就很努力，因此也更爱她拉！请叫我迷姐~\r<br/>未经允许请勿二次上传\r<br/>新浪微博：@紫嘉儿0618  @JUIY_J', '/acfun/videos/ac3371294.mp4', '1', '2017-02-23 21:05:21', '0', '0', '1', '135', '0', '0');
INSERT INTO `resource` VALUES ('52009', '3371445', '天使的栖息地【歌声与月光】第十期《蒂德莉特的花园》第四章《静语花园》高音质320K史诗级音乐选集', '139', '/acfun/images/covers/ac3371445.jpg', '高品质音乐分享选集，需要更新歌单的朋友，关注往期视频系列。 \r<br/>求好心美工给做个片头。大家支援点香蕉，想要个AC娘抱枕。。<br/> \r<br/>素材投稿地址3043527552@qq.com。Q群：54465629。  \r<br/>网易云音乐： 歌声与月光', '/acfun/videos/ac3371445.mp4', '1', '2017-02-23 21:05:06', '0', '0', '1', '2598', '0', '0');
INSERT INTO `resource` VALUES ('955324', '3371523', 'SNH48Group 2017跨年演唱会表演cut合集', '129', '/acfun/images/covers/ac3371523.jpg', 'SNH48Group 2017跨年演唱会表演cut合集', '/acfun/videos/ac3371523.mp4', '1', '2017-02-23 21:05:47', '0', '0', '1', '133', '0', '0');
INSERT INTO `resource` VALUES ('348627', '3371666', '年代盘点新篇4——烧酒漫画卷均销量榜NO.30', '106', '/acfun/images/covers/ac3371666.gif', '这个月最后一期了，希望大家喜欢\r<br/>再来卷均销量只是单指漫画自身的影响力，像足球小将的漫画卷均不足百万，但是其国际影响力，两三百万的漫画里也没几部比的上的，由于这个是漫画专题，所有单说漫画\r<br/>求香蕉哦', '/acfun/videos/ac3371666.mp4', '1', '2017-02-23 21:04:35', '0', '0', '1', '1418', '0', '0');
INSERT INTO `resource` VALUES ('6029276', '3371737', '【瞎看什么】2016你实现了哪些......算了，反正新年计划可以洗洗再用的', '86', '/acfun/images/covers/ac3371737.jpg', '明眼人，来年干一番大事业！\r<br/>\r<br/>12月31日。\r<br/>\r<br/>对有跨年癖的人来说，2016还剩一天。\r<br/>对你来说2017还剩一年......\r<br/>要到明年这个时候才能懊悔噢。\r<br/>\r<br/>是不是突然感觉把自己从跨年的浪潮里解放出来了？仿佛那些实现不了的计划又有机会实现了？对嘛，解放完思想才能解放自己......\r<br/>\r<br/>\r<br/>祝大家新年快乐！\r<br/>\r<br/>电影：《钢的琴》（2010）\r<br/>导演/编剧：张猛\r<br/>获奖:\r<br/>第2', '/acfun/videos/ac3371737.mp4', '1', '2017-02-23 21:03:51', '0', '0', '1', '1123', '0', '0');
INSERT INTO `resource` VALUES ('1223055', '3371932', '《野人来了》vol.001 这是一部企图连载5年的3D动画！ 2017年良心国产动画的第一炮！', '120', '/acfun/images/covers/ac3371932.gif', '2025年，地球被不明生物攻占，人类节节败退藏身地下。经过了长时间的整顿，他们中最后的王牌站了出来，他们的强悍足以让世界颤抖！人类由他们拯救！', '/acfun/videos/ac3371932.mp4', '1', '2017-02-23 21:04:52', '0', '0', '1', '89', '0', '0');
INSERT INTO `resource` VALUES ('48683', '3372020', '【LOVE LIVE!】波利花菜园—《梦想之门》', '134', '/acfun/images/covers/ac3372020.jpg', '一眨眼2016就过去 感谢各位在过去的一年中对我们的喜爱<br/>在新的一年里我们会继续努力个大家呈现更多不一样的精彩内容\r<br/>也希望大家一如既往的支持我们\r<br/>果：小旻\r<br/>海：小祭\r<br/>鸟：灰灰\r<br/>凛：弯弯\r<br/>花：起司\r<br/>姬：青描\r<br/>绘：飞机\r<br/>妮：泡弗\r<br/>希：七七\r<br/>摄像：比比嘻\r<br/>乌鸦<br/>吱吱熊\r<br/>后期：比比嘻\r<br/>后勤：大黄 眯眯眼 牛牛<br/>小白龙\r<br/>封面：瑞恩\r<br/>桂子\r<br/>\r<br/>最后 专场终宣 \r<br/>1月8号 下', '/acfun/videos/ac3372020.mp4', '1', '2017-02-23 21:05:08', '0', '0', '1', '403', '0', '0');
INSERT INTO `resource` VALUES ('510671', '3372050', '2017年第1期世界各国冠军单曲盘点【年度盘点】', '139', '/acfun/images/covers/ac3372050.gif', '新年快乐！年终盘点正式出炉，2016年哪些歌曲能称作世界热单？与去年相比，断网更猛烈，歌曲更分散，也更有悬念。新一年中希望大家多多指教，多多发弹幕，多多宣传下节目。微博端转发有福利，详见2P. 传送门：去年年度盘点<a href=\'/v/ac2417142\'>[ac2417142]</a> B榜<a href=\'/v/ac3364312\'>[ac3364312]</a> UK榜<a href=\'/v/ac3358266\'>[ac3358266]</a> 世单<a href=\'/v/ac3370817\'>[ac3370817]</a> 公信<a href=\'/v/ac3361291\'>[ac3361291]</a> 电音<a href=\'/v/ac3370417\'>[ac3370417]</a> 以色列、芬兰、爱沙尼亚<a href=\'/v/ac3361466\'>[ac3361466]</a>', '/acfun/videos/ac3372050.mp4', '1', '2017-02-23 21:03:35', '0', '0', '1', '1826', '0', '0');
INSERT INTO `resource` VALUES ('3028290', '3372054', '❤新年快乐❤irene小姐姐  太美啦', '129', '/acfun/images/covers/ac3372054.gif', 'irene美的不要不要的', '/acfun/videos/ac3372054.mp4', '1', '2017-02-23 21:05:44', '0', '0', '1', '292', '0', '0');
INSERT INTO `resource` VALUES ('1155262', '3372091', '起小点TOP10 VOL262 瑞兹绝境五杀救世', '85', '/acfun/images/covers/ac3372091.jpg', '由是大腿出品的《起小点TOP10》每周三，周日更新。新浪微博@起小点@长歌是大腿获取更多精彩内容。', '/acfun/videos/ac3372091.mp4', '1', '2017-02-23 21:04:29', '0', '0', '1', '363', '0', '0');
INSERT INTO `resource` VALUES ('4295944', '3372111', '27【怪异君毁经典】《大宋提刑官》 第六回', '86', '/acfun/images/covers/ac3372111.jpg', '大宋提刑官 第六回\r<br/>失官银袁通判以逸待劳\r<br/>追元凶宋提刑欲擒故纵\r<br/>大宋提刑官篇终于开始进入完结倒计时了，紧赶慢赶还是到了新的一年。本次和下一回我取消了rap部分，一是这两集不适合鬼畜，二是我和非桥段准备全心策划最后一回的rap。期待吧。这期过后再有两回，大宋就完结了，毁经典第一季也在暂时告一段落，新计划将在毁经典的第30期公布，由衷感谢你们这一年的支持，并希望大家将每一个节目的片尾都坚持看完，', '/acfun/videos/ac3372111.mp4', '1', '2017-02-23 21:03:52', '0', '0', '1', '905', '0', '0');
INSERT INTO `resource` VALUES ('1108815', '3372129', '江苏卫视2017年跨年演唱会 好听音乐一次听个爽', '139', '/acfun/images/covers/ac3372129.jpg', '今年的荔枝跨年以“聚17更Happy”为主题，力邀华语乐坛的高水准唱将，继续延续白金演唱会的卓越品质。江苏卫视跨年公布首批阵容，导演组力邀《蒙面唱将猜猜猜》人气歌手谭晶、刘美麟、张碧晨加盟。', '/acfun/videos/ac3372129.mp4', '1', '2017-02-23 21:05:05', '0', '0', '1', '132', '0', '0');
INSERT INTO `resource` VALUES ('2552603', '3372204', '【元旦沒有福利.只有火柴人】隨心所欲Mercy', '108', '/acfun/images/covers/ac3372204.jpg', '【元旦沒有福利.只有火柴人】隨心所欲Mercy\r<br/>深夜網吧滑水', '/acfun/videos/ac3372204.mp4', '1', '2017-02-23 21:04:40', '0', '0', '1', '200', '0', '0');
INSERT INTO `resource` VALUES ('1139787', '3372402', '【扯扯车】有面有里还实惠？过年买车就选它们！', '122', '/acfun/images/covers/ac3372402.jpg', '元旦到了，春节也已经不远了！在外奔波打拼的你，是不是已经准备好买一部属于自己的车呢？扯扯车元旦特别篇，褥子给你推荐几款适合过年开回家的车！', '/acfun/videos/ac3372402.mp4', '1', '2017-02-23 21:06:03', '0', '0', '1', '256', '0', '0');
INSERT INTO `resource` VALUES ('8300519', '3372412', '【木易苏野趣】— 唉', '89', '/acfun/images/covers/ac3372412.png', '微博：木易苏野趣\r<br/>\r<br/>QQ：260033120\r<br/>\r<br/>QQ群：227497849', '/acfun/videos/ac3372412.mp4', '1', '2017-02-23 21:03:55', '0', '0', '1', '675', '0', '0');
INSERT INTO `resource` VALUES ('8300519', '3372460', '【木易苏野趣】— 啤酒焖田鼠、椒盐泥鳅', '89', '/acfun/images/covers/ac3372460.png', '微博：木易苏野趣\r<br/>\r<br/>QQ：260033120\r<br/>\r<br/>QQ群：227497849', '/acfun/videos/ac3372460.mp4', '1', '2017-02-23 21:03:54', '0', '0', '1', '811', '0', '0');
INSERT INTO `resource` VALUES ('1381832', '3372857', '台湾爱国民众的新年升旗仪式：升，中华人民共和国国旗～', '132', '/acfun/images/covers/ac3372857.jpg', '2017年的第一天，台湾南投人魏明仁先生在彰化县举行中华人民共和国国旗和中国共产党党旗升旗典礼，并奏中华人民共和国国歌', '/acfun/videos/ac3372857.mp4', '1', '2017-02-23 21:06:01', '0', '0', '1', '308', '0', '0');
INSERT INTO `resource` VALUES ('2275302', '3373265', '日摔.2016.12.22.Stardom.Year.End.Climax（年末高潮）', '153', '/acfun/images/covers/ac3373265.gif', '日摔.2016.12.22.Stardom.Year.End.Climax.（年末高潮）', '/acfun/videos/ac3373265.mp4', '1', '2017-02-23 21:06:16', '0', '0', '1', '6859', '0', '0');
INSERT INTO `resource` VALUES ('414363', '3373407', '【搬运】2016年那些看得过瘾的KPOP特别舞台盘点', '135', '/acfun/images/covers/ac3373407.jpg', '搬运自油管~2016年可谓是KPOP圈特殊舞台层出不穷~看看视频里有木有大家喜欢的~【盘点向，非完整舞台】', '/acfun/videos/ac3373407.mp4', '1', '2017-02-23 21:05:12', '0', '0', '1', '277', '0', '0');
INSERT INTO `resource` VALUES ('4472348', '3373475', '青青世界广场舞 本人口令教学 《别让我痛苦》 动感32步国际排舞', '123', '/acfun/images/covers/ac3373475.jpg', '2017到了，希望新的一年里 酷友继续支持我关注我，青青感激不尽，特此福利视频送给大家，祝大家新年快乐！真心喜欢加微信2587795488发红包吧，哈哈！', '/acfun/videos/ac3373475.mp4', '1', '2017-02-23 21:05:14', '0', '0', '1', '0', '0', '0');
INSERT INTO `resource` VALUES ('620462', '3373659', '【抗韩中年人】104期 暴伤小丑一刀千血 团战2V5连斩3人一波带走', '85', '/acfun/images/covers/ac3373659.jpg', '<br/>新版小丑，一刀千血，神出鬼没杀人无形，小丑+露露演技高超配合到位，真真假假虚实难辩，玩弄敌人于股掌。七号外设店：lol7m.taobao.com；七号零食店：7haoLSD.taobao.com；七号潮装店：7haochao.taobao.com；七号健康店：7haoJK.taobao.com；七号3C店 7haoccc.taobao.com', '/acfun/videos/ac3373659.mp4', '1', '2017-02-23 21:04:32', '0', '0', '1', '2297', '0', '0');
INSERT INTO `resource` VALUES ('2062107', '3373775', '【悬疑/惊悚】 国土安全 S06E01 【Orange字幕组】', '163', '/acfun/images/covers/ac3373775.jpg', '故事围绕在伊拉克被俘8年的美国海军中士Nicholas<br/>Brody展开，美军在对敌方基地展开袭击时意外发现并救回了Nicholas。荣归故里的Nicholas受到英雄般的礼遇，妻子Jessica和两个小孩更因能与他团聚倍感幸福，然而8年战犯生涯留下的创伤和折磨依然没有消逝。与此同时中情局女特工Carrie<br/>Anderson掌握了证据表明Brody已经变节，并为基地组织效力在美国本土策划发动恐怖袭击', '/acfun/videos/ac3373775.mp4', '1', '2017-02-23 21:03:41', '0', '0', '1', '3124', '0', '0');
INSERT INTO `resource` VALUES ('4105783', '3373925', '10大最令人失望超级球队盘点，勇士登顶湖人两度上榜！', '95', '/acfun/images/covers/ac3373925.png', '打球么为你盘NBA点史上10大最令人失望超级球队：2016勇士排第一、湖人两度上榜...更多精彩请戳视频！', '/acfun/videos/ac3373925.mp4', '1', '2017-02-23 21:06:18', '0', '0', '1', '377', '0', '0');
INSERT INTO `resource` VALUES ('6015530', '3373931', '【北美报哥】点50巴雷特手炮S&W500', '92', '/acfun/images/covers/ac3373931.png', '报哥又打手炮了，这次是手枪世界的最高境界--M500点50左轮枪，还有比这个牛逼吗？哈哈哈！', '/acfun/videos/ac3373931.mp4', '1', '2017-02-23 21:03:36', '0', '0', '1', '1468', '0', '0');
INSERT INTO `resource` VALUES ('1070113', '3374108', '一周游戏100%人品镜头【第15期】', '83', '/acfun/images/covers/ac3374108.jpg', '转自：YouTube \r<br/>出自：GameSprout', '/acfun/videos/ac3374108.mp4', '1', '2017-02-23 21:04:18', '0', '0', '1', '303', '0', '0');
INSERT INTO `resource` VALUES ('370314', '3374311', '假扮书呆子打篮球被人嘲讽，下场虐翻全场!', '86', '/acfun/images/covers/ac3374311.jpg', '(￣︶￣)︽(￣︶￣)︿ 我只是个搬运工', '/acfun/videos/ac3374311.mp4', '1', '2017-02-23 21:04:13', '0', '0', '1', '248', '0', '0');
INSERT INTO `resource` VALUES ('3835720', '3374361', '【撸SIR谨制】当二次元撞上中文歌曲会发生什么第五期', '106', '/acfun/images/covers/ac3374361.jpg', '大家元旦快乐\r<br/>新浪微博@请亲切的称呼我为撸SIR', '/acfun/videos/ac3374361.mp4', '1', '2017-02-23 21:03:38', '0', '0', '1', '495', '0', '0');
INSERT INTO `resource` VALUES ('744722', '3374384', '两环卫工被撞死拖行百米 肇事司机母亲:喝了点酒', '132', '/acfun/images/covers/ac3374384.png', '两环卫工被撞死拖行百米 肇事司机母亲:喝了点酒', '/acfun/videos/ac3374384.mp4', '1', '2017-02-23 21:05:48', '0', '0', '1', '125', '0', '0');
INSERT INTO `resource` VALUES ('5810877', '3374479', '【LOL】短动画', '106', '/acfun/images/covers/ac3374479.gif', 'By tyoutube Konporer W.\r<br/>https://www.youtube.com/watch?v=VrZMlFg_AAg\r<br/>日常搬运工 \r<br/>喜欢的点下关注呗\r<br/>侵删', '/acfun/videos/ac3374479.mp4', '1', '2017-02-23 21:04:40', '0', '0', '1', '137', '0', '0');
INSERT INTO `resource` VALUES ('21636', '3374486', '【第67届NHK红白歌合战】歌唱梦想 全场字幕，2016.12.31【东京不够热】', '138', '/acfun/images/covers/ac3374486.jpg', '161231 第67届 NHK红白歌合战 全场字幕\r<br/>大家新年快乐！！！一边嗑瓜子，一边愉快的欣赏吧~~\r<br/>2017年~请继续多多指教~\r<br/>感谢字幕组小伙伴们的努力！！大家连续2个月的爆肝！都辛苦了！', '/acfun/videos/ac3374486.mp4', '1', '2017-02-23 21:03:34', '0', '0', '1', '3655', '0', '0');
INSERT INTO `resource` VALUES ('606168', '3374494', '【屎O说】那些在国内死去活来的网游', '83', '/acfun/images/covers/ac3374494.jpg', '中国网游市场不少曾经风光无限的游戏都经历过潮涨潮落，各种死去活来，这背后原因几何？我们今天就来看看几个比较典型的例子。另外，泰坦（下）年前一定更', '/acfun/videos/ac3374494.mp4', '1', '2017-02-23 21:04:17', '0', '0', '1', '521', '0', '0');
INSERT INTO `resource` VALUES ('199029', '3374775', '开年礼物！王牌大腿AOA双主打回归~Excuse Me+Bing Bing', '139', '/acfun/images/covers/ac3374775.gif', '-v -高清版来啦~~各位，不来支持一下嘛', '/acfun/videos/ac3374775.mp4', '1', '2017-02-23 21:04:56', '0', '0', '1', '253', '0', '0');
INSERT INTO `resource` VALUES ('934542', '3374818', 'STEAM销量周榜2016年第53期 STEAM大奖篇', '83', '/acfun/images/covers/ac3374818.gif', '感谢哔菌、提供的制片厂素材~《DOOM Remix》音频下载：http://pan.baidu.com/s/1i5OCDmd', '/acfun/videos/ac3374818.mp4', '1', '2017-02-23 21:03:35', '0', '0', '1', '981', '0', '0');
INSERT INTO `resource` VALUES ('1108815', '3374907', '【英剧】神探夏洛克 第4季 02 预告 不可描述的马脸【AllForBC-字幕组】', '163', '/acfun/images/covers/ac3374907.jpg', '<br/>在线：http://v.youku.com/v_show/id_XMTg5NDUxNDYyNA\r<br/>\r<br/>咳咳花絮：http://pan.baidu.com/s/1miflpLu 密码：uz9h', '/acfun/videos/ac3374907.mp4', '1', '2017-02-23 21:05:22', '0', '0', '1', '25', '0', '0');
INSERT INTO `resource` VALUES ('868333', '3374954', 'TOP10 拆除建筑失败合集', '86', '/acfun/images/covers/ac3374954.gif', '各P里面重复的有些多。\r<br/>https://www.youtube.com/watch?v=XHcCbY2wY38\r<br/>https://www.youtube.com/watch?v=f8VjFBPQm2k\r<br/>https://www.youtube.com/watch?v=DDuUR7l3bgc', '/acfun/videos/ac3374954.mp4', '1', '2017-02-23 21:03:43', '0', '0', '1', '207', '0', '0');
INSERT INTO `resource` VALUES ('7287127', '3375071', '【咋了净土】新人初投稿~元旦晚会', '134', '/acfun/images/covers/ac3375071.jpg', '学院内部的元旦晚会，音乐自剪，舞蹈简化，不喜勿喷~', '/acfun/videos/ac3375071.mp4', '1', '2017-02-23 21:05:15', '0', '0', '1', '151', '0', '0');
INSERT INTO `resource` VALUES ('1659081', '3375132', '【魔法少女☆凛】倫敦凍霧中為你吟唱愛之詩【新年快乐】', '134', '/acfun/images/covers/ac3375132.jpg', '<br/>2016年錄製的最後一支舞，2017年投稿的第一支舞！\r<br/>倫敦的大霧夾雜著凜冽的寒風，然而這也阻止不了時鐘塔的魔法使~☆\r<br/>為你吟唱一首愛的詩篇❤今年也請多多指教啦ww\r<br/>攝影及後期：凜。\r<br/>楽曲本家sm22151787. 振付参考動画sm22969451.', '/acfun/videos/ac3375132.mp4', '1', '2017-02-23 21:05:12', '0', '0', '1', '378', '0', '0');
INSERT INTO `resource` VALUES ('999520', '3375178', '2017跨年 最佳演唱 周华健 《难念的经》', '139', '/acfun/images/covers/ac3375178.png', '这个最佳是 微博@梁欢 评的......评论如下：跨年最佳演唱，周华健《难念的经》，Smooth Jazz 编曲 + 神级唱功 +<br/>竟然没忘词。周华健老师在我当年的体系里打 85<br/>分，原因是较之排在前面的陈奕迅和哈林，他的歌路风格略窄，但如果拼一首歌的现场精度和稳定度，陈奕迅和哈林也是唱不过他的，谁也唱不过。', '/acfun/videos/ac3375178.mp4', '1', '2017-02-23 21:04:56', '0', '0', '1', '291', '0', '0');
INSERT INTO `resource` VALUES ('878702', '3375215', '【奥雷】杀人娃娃再度来袭《鬼娃回魂2》讲解', '86', '/acfun/images/covers/ac3375215.jpg', '《鬼娃回魂2》是约翰·拉菲亚导演，珍妮·艾加特主演的美国恐怖电影，1990年上映。', '/acfun/videos/ac3375215.mp4', '1', '2017-02-23 21:03:46', '0', '0', '1', '274', '0', '0');
INSERT INTO `resource` VALUES ('855258', '3375223', 'ORNX 雷电5游戏测评,xboxones游戏评测', '84', '/acfun/images/covers/ac3375223.jpg', '微博：奥尼克斯ORNX 官网：WWW.ORNXCLUB.COM', '/acfun/videos/ac3375223.mp4', '1', '2017-02-23 21:04:22', '0', '0', '1', '355', '0', '0');
INSERT INTO `resource` VALUES ('6337532', '3375227', '【必须看】2017年科幻大片推荐', '96', '/acfun/images/covers/ac3375227.jpg', '新年到，振宇整理了几部2017年科幻电影大片，希望大家能够喜欢，也欢迎大家关注我的新浪微博：振宇有话说', '/acfun/videos/ac3375227.mp4', '1', '2017-02-23 21:05:30', '0', '0', '1', '186', '0', '0');
INSERT INTO `resource` VALUES ('3805153', '3375238', '【安利向】SNH48许杨玉琢《告白气球》自制MV', '129', '/acfun/images/covers/ac3375238.jpg', 'SNH48许杨玉琢《告白气球》自制MV，全世界最好的许杨玉琢', '/acfun/videos/ac3375238.mp4', '1', '2017-02-23 21:05:42', '0', '0', '1', '216', '0', '0');
INSERT INTO `resource` VALUES ('4771950', '3375249', '[佳片/百合]无人知晓的七月十日Olga Hepnarová/我是欧嘉[2016][720P捷克语中字]', '96', '/acfun/images/covers/ac3375249.jpg', '你叼着烟的美，女演员个个美得不像话，一部被80%的人喜欢和广为人知的电影绝对不是一部好电影，所以有争议的灰色电影才是人生电影！', '/acfun/videos/ac3375249.mp4', '1', '2017-02-23 21:05:31', '0', '0', '1', '5786', '0', '0');
INSERT INTO `resource` VALUES ('6938092', '3375252', '见到exo肿么办1/韩语交流/韩语语法/标准韩国语/韩语口语/韩语翻译/韩语发音/韩语入门学习', '151', '/acfun/images/covers/ac3375252.jpg', '喜欢韩语的伙伴可以加我进行学习，我的Q：2307796936', '/acfun/videos/ac3375252.mp4', '1', '2017-02-23 21:06:04', '0', '0', '1', '454', '0', '0');
INSERT INTO `resource` VALUES ('1373412', '3375254', '【岚折悦馊宅】D （ATY × それ女 ver.) 【斑马巨人搞事联盟】', '134', '/acfun/images/covers/ac3375254.jpg', '<br/>阿宅：加油，我是最胖的\r<br/>折折：大家好我身高152cm，新年快乐(//∇//)\r<br/>岚夏：新年快乐新的一年希望自己瘦十公斤…By踩了增高鞋垫才跟得上我们155小分队的岚夏\r<br/>悦悦：冷冷冷<br/>新年快乐鸡年大吉 下次冬天拒绝卖肉 \r<br/>馊馊：人生中第一次感受到了身高的压制\r<br/>\r<br/>原创振付：ATY×それ女<br/>（sm29072152）\r<br/>元音源: 梅とら（sm28084871）', '/acfun/videos/ac3375254.mp4', '1', '2017-02-23 21:05:19', '0', '0', '1', '189', '0', '0');
INSERT INTO `resource` VALUES ('4308912', '3375259', '每日撸报1.2：拳师七号这波打脸您老人家服不服', '85', '/acfun/images/covers/ac3375259.jpg', '每日撸报1.2：拳师七号这波打脸您老人家服不服', '/acfun/videos/ac3375259.mp4', '1', '2017-02-23 21:04:27', '0', '0', '1', '644', '0', '0');
INSERT INTO `resource` VALUES ('3977831', '3375266', '【你的名字MAD】前前前世《中日字幕》', '107', '/acfun/images/covers/ac3375266.jpg', '搬运:https://www.youtube.com/watch?v=R0zid8kt3yA\r<br/>BGM:<br/>RADWIMPS\r<br/>(cover) 前前前世<br/>by\r<br/>粉ミルク\r<br/>https://www.youtube.com/watch?v=QvzLPjLwmNI\r<br/>\r<br/>►素材全部取自新海誠動畫\r<br/>►素材:\r<br/>你的名字,<br/>秒速5厘米, 言叶之庭, 十字路口, eden', '/acfun/videos/ac3375266.mp4', '1', '2017-02-23 21:04:46', '0', '0', '1', '285', '0', '0');
INSERT INTO `resource` VALUES ('9191654', '3375278', '【方廷皓X长安】我好想你', '128', '/acfun/images/covers/ac3375278.jpg', '自制皓安MV，不喜勿喷，高虐慎入', '/acfun/videos/ac3375278.mp4', '1', '2017-02-23 21:05:43', '0', '0', '1', '335', '0', '0');
INSERT INTO `resource` VALUES ('2912434', '3375326', '小米无扬声器旗舰亮相CES展，三星本月公布note7爆炸原因，乐视汽车100万起售—「科技BB秀」', '91', '/acfun/images/covers/ac3375326.jpg', '淘宝搜索店铺：科技曼曼谈，正品苹果耳机89.9包邮到火星！搞机群：366862921（科技曼曼谈）', '/acfun/videos/ac3375326.mp4', '1', '2017-02-23 21:06:11', '0', '0', '1', '147', '0', '0');
INSERT INTO `resource` VALUES ('411570', '3375333', '女儿在班级里和同学观看表演', '86', '/acfun/images/covers/ac3375333.gif', '记录女儿学校生活的点点滴滴。', '/acfun/videos/ac3375333.mp4', '1', '2017-02-23 21:04:06', '0', '0', '1', '235', '0', '0');
INSERT INTO `resource` VALUES ('1237461', '3375336', 'DNF国服被脚本工作室攻占，延迟3秒', '84', '/acfun/images/covers/ac3375336.png', 'UP最近沉迷毒奶粉，最近两天咱区卡的不行（湖南6）不知道怎么回事 结果今天有人发现某些频道的银色村长已经被工作室攻占了- -<br/>跑去一看那叫一个牛批，各种升级光环闪闪闪 吓宝宝一跳 让大家看看这场面 不知道别的区是不是这样 年糕活动有毒~想去投诉客服<br/>发现根本没有在线客服选项只有留言按钮了 嗨呀好气啊什么时候国服变的和体验服一样了 打他妈的棒棒糖！', '/acfun/videos/ac3375336.mp4', '1', '2017-02-23 21:04:23', '0', '0', '1', '214', '0', '0');
INSERT INTO `resource` VALUES ('370314', '3375356', 'TOP10_全球最好的战斗机_2017', '92', '/acfun/images/covers/ac3375356.jpg', '(￣︶￣)︽(￣︶￣)︿ 我只是个搬运工', '/acfun/videos/ac3375356.mp4', '1', '2017-02-23 21:05:52', '0', '0', '1', '631', '0', '0');
INSERT INTO `resource` VALUES ('1238291', '3375358', '【图包/收藏级】2016年P站日榜第一汇总', '106', '/acfun/images/covers/ac3375358.png', '本质推荐向。收入了2016年P站插图日榜全部首位，左下为P站ID和画师，有喜欢的画师可以去P站支持一下哦\r<br/>【图包、BGM曲目见评论区】有爱就扔个蕉把=w=', '/acfun/videos/ac3375358.mp4', '1', '2017-02-23 21:04:46', '0', '0', '1', '1843', '0', '0');
INSERT INTO `resource` VALUES ('811776', '3375360', '一想到你呀(live) by林慧萍', '140', '/acfun/images/covers/ac3375360.jpg', '林慧萍 2003年 萍水相逢演唱会', '/acfun/videos/ac3375360.mp4', '1', '2017-02-23 21:04:59', '0', '0', '1', '275', '0', '0');
INSERT INTO `resource` VALUES ('1673098', '3375368', '【官方双语】#电子速谈 无限放大还能保持清晰的矢量图是啥？', '91', '/acfun/images/covers/ac3375368.jpg', '图片放大经常模糊？来试试矢量图吧，高清无码\r<br/>招募有偿翻译nixiesubs.com/?p=67<br/>\r<br/>买衣服teespring.com/stores/linusmediagroup \r<br/>How Do Vector<br/>Graphics Work?   youtube.com/watch?v=W2xknX3k6FY', '/acfun/videos/ac3375368.mp4', '1', '2017-02-23 21:06:10', '0', '0', '1', '281', '0', '0');
INSERT INTO `resource` VALUES ('7255692', '3375370', '墨鸦&amp;白凤【锦鲤抄】', '120', '/acfun/images/covers/ac3375370.jpg', '看完空山鸟语，忍不住手痒剪了白凤和墨鸦，墨鸦太美了，白凤那时还像个不成熟的孩子，那么信任墨鸦，依赖墨鸦，墨鸦也超级宠白凤', '/acfun/videos/ac3375370.mp4', '1', '2017-02-23 21:04:46', '0', '0', '1', '261', '0', '0');
INSERT INTO `resource` VALUES ('370314', '3375382', '历年世界排名前5的歌曲（2000-2015）', '139', '/acfun/images/covers/ac3375382.png', '(￣︶￣)︽(￣︶￣)︿ 我只是个搬运工', '/acfun/videos/ac3375382.mp4', '1', '2017-02-23 21:05:03', '0', '0', '1', '1348', '0', '0');
INSERT INTO `resource` VALUES ('8853414', '3375386', '[MAD][虐心]万水千山你愿意陪我一起看吗丨妖狐小红娘。', '107', '/acfun/images/covers/ac3375386.png', '自制  歌曲名-千年泪\r<br/>音乐人-董贞\r<br/>素材-狐妖小红娘\r<br/>问世间情为何物，直教人生死相许，早已耳熟能详。在这部漫画中也同样体现了这一点。当爱情面临着世事沧桑，世易时移，不老不死的妖与寿元有限的人之间一样能拥有着纯美的爱。也许，时间并不会让爱情腐朽，而会让爱情如美酒一般，越是久远，越是馥郁醇香。\r<br/>喜欢的话交出你的香蕉关注我吧~谢谢啦~谢谢各位老爷~', '/acfun/videos/ac3375386.mp4', '1', '2017-02-23 21:04:47', '0', '0', '1', '235', '0', '0');
INSERT INTO `resource` VALUES ('4297207', '3375395', '【不务正业】能干的妹妹才是好妹妹~', '106', '/acfun/images/covers/ac3375395.jpg', 'o✪ω✪o这是除五贤妹以外其他的一些真能干的妹妹~那些能干但是不能干的妹妹就下次再说好啦๑乛◡乛๑你们懂的~\r<br/>视频左上角都有作品介绍哦~小伙伴们还有其他喜欢的真能干的妹妹也请务必留言分享一下哦~', '/acfun/videos/ac3375395.mp4', '1', '2017-02-23 21:04:36', '0', '0', '1', '1019', '0', '0');
INSERT INTO `resource` VALUES ('713751', '3375400', '天安门2017第一个升旗仪式', '132', '/acfun/images/covers/ac3375400.jpg', '原地址：http://www.youtube.com/watch?v=0U-eVJ_ZdN4', '/acfun/videos/ac3375400.mp4', '1', '2017-02-23 21:05:50', '0', '0', '1', '94', '0', '0');
INSERT INTO `resource` VALUES ('1144801', '3375418', '舞法天女  看标题知UP系列  （上次求香蕉  300根不到  托更····）', '86', '/acfun/images/covers/ac3375418.jpg', '妈呀  求香蕉都不给  被你们气死了！', '/acfun/videos/ac3375418.mp4', '1', '2017-02-23 21:03:46', '0', '0', '1', '176', '0', '0');
INSERT INTO `resource` VALUES ('1377942', '3375419', '【九筒封神榜】西部世界：一个教机器人怎么做人的故事', '86', '/acfun/images/covers/ac3375419.jpg', '15分钟看完脑洞机器人美剧《西部世界》', '/acfun/videos/ac3375419.mp4', '1', '2017-02-23 21:03:44', '0', '0', '1', '927', '0', '0');
INSERT INTO `resource` VALUES ('370314', '3375423', '2016_HYPERCARS和一些难得一见的经典超跑~', '122', '/acfun/images/covers/ac3375423.jpg', '(￣︶￣)︽(￣︶￣)︿ 我只是个搬运工', '/acfun/videos/ac3375423.mp4', '1', '2017-02-23 21:06:08', '0', '0', '1', '1103', '0', '0');
INSERT INTO `resource` VALUES ('8545644', '3375425', '【锦笑翻唱】可惜没如果', '139', '/acfun/images/covers/ac3375425.jpeg', '希望大家喜欢哦。素颜哇哇哇真的素颜！！！！！', '/acfun/videos/ac3375425.mp4', '1', '2017-02-23 21:05:02', '0', '0', '1', '298', '0', '0');
INSERT INTO `resource` VALUES ('199029', '3375427', '史记：美颜盛世——韩国第三代女团列传（上）', '139', '/acfun/images/covers/ac3375427.jpg', '-v -韩国第三代女团（2010-2013）回顾与展望~本篇为上部，记载了2010-2011年间出道的女团~下部正在制作中。我就问你们给多少香蕉？', '/acfun/videos/ac3375427.mp4', '1', '2017-02-23 21:03:45', '0', '0', '1', '5125', '0', '0');
INSERT INTO `resource` VALUES ('2574283', '3375434', 'WOW（魔兽世界）N服开场动画', '83', '/acfun/images/covers/ac3375434.png', 'WOW新N服开场动画', '/acfun/videos/ac3375434.mp4', '1', '2017-02-23 21:04:20', '0', '0', '1', '200', '0', '0');
INSERT INTO `resource` VALUES ('1369264', '3375445', '[FTR字幕组]1月1日 16/17赛季英超第19轮《当日比赛》MOTD 曼联2比1米德尔斯堡', '94', '/acfun/images/covers/ac3375445.png', '[FTR字幕组]1月1日 16/17赛季英超第19轮《当日比赛》MOTD 曼联2比1米德尔斯堡', '/acfun/videos/ac3375445.mp4', '1', '2017-02-23 21:06:19', '0', '0', '1', '866', '0', '0');
INSERT INTO `resource` VALUES ('877470', '3375448', '【毒舌老外系列】2016年的日本动画【Part 2】【夏+秋】', '106', '/acfun/images/covers/ac3375448.jpg', 'A的上传，真是，分段合集视频只会转码成功第一段，以后这种大视频，必须要转码以后上传', '/acfun/videos/ac3375448.mp4', '1', '2017-02-23 21:04:38', '0', '0', '1', '909', '0', '0');
INSERT INTO `resource` VALUES ('890010', '3375450', '美国官员称歼-20偷的，其实美国自己偷别人的更没节操', '92', '/acfun/images/covers/ac3375450.jpg', '美国官员称歼-20偷的，其实美国自己偷别人的更没节操', '/acfun/videos/ac3375450.mp4', '1', '2017-02-23 21:05:53', '0', '0', '1', '164', '0', '0');
INSERT INTO `resource` VALUES ('750324', '3375460', '【愉悦MMD】我家MIKU可爱吗 拿着狼牙棒的up主看着你 《有本事说个不试下》', '108', '/acfun/images/covers/ac3375460.gif', '模型 机动战士牛肉 zijitutu\r<br/>渲染 ray MoePus&amp;amp;Suven 加上各种随意搭配 \r<br/>动作<br/>Miky-Rei\r<br/>场景 知道的可说下乱码了\r<br/>作者 神隐Angel\r<br/>喜欢的话<br/>可以点击订阅以后第一时间通知哦   \r<br/>链接http://pan.baidu.com/s/1gfwVlyN', '/acfun/videos/ac3375460.mp4', '1', '2017-02-23 21:04:47', '0', '0', '1', '278', '0', '0');
INSERT INTO `resource` VALUES ('3411078', '3375464', '【Calc】女儿，你不是说过年要带贤婿回来吗？在哪里？我怎么没看到', '108', '/acfun/images/covers/ac3375464.png', '<br/>借物表\r<br/>model：SEGA/TDA/aga/samsink/iRon0129/kooooi/金子卵黄/0oSoulSistero0\r<br/>stage：にくきゅー\r<br/>music：96猫\r<br/>动<br/>作：sm29443133\r<br/>镜 头：空KB白\r<br/>m m e：Ray/Diffusion7/AutoLuminous4/SelfBlend/ikBokeh/MotionBlur/Water2/空中に漂う埃', '/acfun/videos/ac3375464.mp4', '1', '2017-02-23 21:04:45', '0', '0', '1', '248', '0', '0');
INSERT INTO `resource` VALUES ('2809139', '3375475', '【年下组&amp;初恋组】我的年下与初恋应该没这么虐', '128', '/acfun/images/covers/ac3375475.jpeg', '二传 老粉丝应该都看过了 之前的视频因为上次a站服务器崩溃被删除了  一直没恢复 之前的香蕉弹幕自然是没有了<br/>怎么说呢这两个作品一直是自己比较喜欢的（尤其是初恋组）  我有空的时候也会经常看看  所以我闲着没事又传了  大家别见怪', '/acfun/videos/ac3375475.mp4', '1', '2017-02-23 21:05:40', '0', '0', '1', '259', '0', '0');
INSERT INTO `resource` VALUES ('8417237', '3375476', 'Excel种数据透视表视频教程操作案例：日期组合操作实战', '151', '/acfun/images/covers/ac3375476.jpg', '本文的Excel数据透视表视频教程为大家分享了Excel种数据透视表视频日期组合实战案例和常见问题分析。', '/acfun/videos/ac3375476.mp4', '1', '2017-02-23 21:06:06', '0', '0', '1', '597', '0', '0');
INSERT INTO `resource` VALUES ('8634316', '3375498', '1050守望先锋实测', '91', '/acfun/images/covers/ac3375498.jpg', '1050守望先锋实测', '/acfun/videos/ac3375498.mp4', '1', '2017-02-23 21:06:11', '0', '0', '1', '0', '0', '0');
INSERT INTO `resource` VALUES ('8985288', '3375502', '野孩子-苏永康', '139', '/acfun/images/covers/ac3375502.jpg', '野孩子-苏永康    小叶429463074', '/acfun/videos/ac3375502.mp4', '1', '2017-02-23 21:04:58', '0', '0', '1', '211', '0', '0');
INSERT INTO `resource` VALUES ('157542', '3375506', '【SNH48】20170102 TeamSⅡ《心的旅程》公演弹幕版', '129', '/acfun/images/covers/ac3375506.jpg', '2017年TeamSⅡ第一场公演，教练好久不见。', '/acfun/videos/ac3375506.mp4', '1', '2017-02-23 21:05:41', '0', '0', '1', '1422', '0', '0');
INSERT INTO `resource` VALUES ('370314', '3375514', '最新的电加热到1千度炽热的日本武士刀切割中国鞭炮的反映', '147', '/acfun/images/covers/ac3375514.png', '(￣︶￣)︽(￣︶￣)︿ 我只是个搬运工', '/acfun/videos/ac3375514.mp4', '1', '2017-02-23 21:06:10', '0', '0', '1', '424', '0', '0');
INSERT INTO `resource` VALUES ('3987589', '3375519', '第100期中文字幕翻译教程《Logo标志设计原理训练视频教程》', '151', '/acfun/images/covers/ac3375519.JPG', '教程合计6P，获取完整教程以及工程文件入群联系我！避免版权教程每月首日定期删除！如有能力我请支持正版！\r<br/>QQ交流群150358798(群里有大量干货，火星时代人人素材大合集，可以向我求助最新的人人素材的教程)\r<br/>所有视频工程文件进群询问求助，基本都有！\r<br/>群里有所有，最新人人素材中文字幕翻译教程！！', '/acfun/videos/ac3375519.mp4', '1', '2017-02-23 21:06:05', '0', '0', '1', '250', '0', '0');
INSERT INTO `resource` VALUES ('370314', '3375545', '法国作死大帝2016年爆笑恶作剧精华集锦！', '86', '/acfun/images/covers/ac3375545.png', '(￣︶￣)︽(￣︶￣)︿ 我只是个搬运工', '/acfun/videos/ac3375545.mp4', '1', '2017-02-23 21:03:39', '0', '0', '1', '492', '0', '0');
INSERT INTO `resource` VALUES ('1441801', '3375549', '［刘老师说电影］《摆渡人》遭恶意低分差评 真的是受了委屈？', '96', '/acfun/images/covers/ac3375549.jpg', '《摆渡人》3.8分的得分的确是太低了，4分还是可以拿到的，不过不能再多了。\r<br/>我的微博、微信、美拍、秒拍：哎呀我去刘老师', '/acfun/videos/ac3375549.mp4', '1', '2017-02-23 21:05:23', '0', '0', '1', '301', '0', '0');
INSERT INTO `resource` VALUES ('6108433', '3375561', '【韩语学习】韩语零基础入门/韩语学习/韩语教学视频/自学韩语/韩语发音/看韩剧学韩语/韩剧台词', '151', '/acfun/images/covers/ac3375561.png', '想学韩语的宝宝可以加QQ群：489159866', '/acfun/videos/ac3375561.mp4', '1', '2017-02-23 21:06:08', '0', '0', '1', '559', '0', '0');
INSERT INTO `resource` VALUES ('6894185', '3375596', '生化危机的罪与罚', '96', '/acfun/images/covers/ac3375596.jpg', '这次带来生化危机的盘点，生化危机我们儿时的回忆，也是我们潜藏在内心深处的恐惧，小时候我们都会胆战心惊的打开这个让我们又爱又恨的东西，电影真的能让我们再次感受那样的激动人心吗', '/acfun/videos/ac3375596.mp4', '1', '2017-02-23 21:05:24', '0', '0', '1', '1003', '0', '0');
INSERT INTO `resource` VALUES ('688179', '3375608', '【美剧】衰女翻身 The Mick 第一季 01【双语·字幕组】', '163', '/acfun/images/covers/ac3375608.jpg', '麦肯齐·摩菲是个生活拮据、为人粗俗、以诈骗维生的女人。她从来不愿承担任何责任。但有一天，她被迫从罗德岛搬到富人云集的格林尼治为富有的姐姐和姐夫带孩子。问题是：第一，姐姐和姐夫犯了法，为逃避联邦政府的拘捕已经离开美国；第二，他们的三个孩子从小娇生惯养，根本不把她放在眼里！虽然她在姐姐和姐夫家里能过上衣食无忧的生活，但她很快明白了一个真理：别人家的孩子太可恶。', '/acfun/videos/ac3375608.mp4', '1', '2017-02-23 21:05:23', '0', '0', '1', '1376', '0', '0');
INSERT INTO `resource` VALUES ('3138036', '3375611', '英菲尼迪发布QX50官图，全新Q3或推混动版&amp;奇瑞瑞虎2谍照曝光「七车资讯0102」', '122', '/acfun/images/covers/ac3375611.jpg', '英菲尼迪发布QX50官图，新款长安CS35的谍照曝光，奥迪全新Q3或推混动版，奇瑞瑞虎2谍照曝光，海马S3最新谍照「七车资讯0102」', '/acfun/videos/ac3375611.mp4', '1', '2017-02-23 21:06:07', '0', '0', '1', '0', '0', '0');
INSERT INTO `resource` VALUES ('3028290', '3375614', '【CF】2016韩国广告 - 女团篇', '86', '/acfun/images/covers/ac3375614.gif', 'AOA 金雪炫 Gfriends 权娜拉 girlsday 李惠利 IOI redvelvet irene IU 金泰妍 林允儿<br/>林珍娜nana\r<br/>秀智 金泫雅 朴景丽', '/acfun/videos/ac3375614.mp4', '1', '2017-02-23 21:04:08', '0', '0', '1', '1697', '0', '0');
INSERT INTO `resource` VALUES ('6334916', '3375616', '堕落.The.Fall.S02.第二季全六集.中英字幕【人人影视】', '163', '/acfun/images/covers/ac3375616.jpg', '讲述了因对一系列谋杀案的调查而牵扯出的相关人物的生活，包括凶手和受害者的家庭成员。片中Jamie在白天是个帅气慈爱的人父，但到了夜晚却成为一个冷血连环杀手，并与Gillian扮演的女警探展开角力。北爱尔兰发生连环凶杀案，北爱警局经过28天调查后无果，伦敦警局侦查警司Stella Gibson前往北爱调查本案。', '/acfun/videos/ac3375616.mp4', '1', '2017-02-23 21:05:28', '0', '0', '1', '3552', '0', '0');
INSERT INTO `resource` VALUES ('955324', '3375625', '【SNH48】20170102 Team SII《心的旅程》公演', '140', '/acfun/images/covers/ac3375625.jpg', '【SNH48】20170102 Team SII《心的旅程》公演', '/acfun/videos/ac3375625.mp4', '1', '2017-02-23 21:05:01', '0', '0', '1', '3779', '0', '0');
INSERT INTO `resource` VALUES ('1142342', '3375653', '阿三的10年特效', '86', '/acfun/images/covers/ac3375653.gif', '【CGI &amp;amp; VFX Showreels HD׃ “10 Years of Redchillies VFX“ -<br/>by\r<br/>Redchillies VFX】', '/acfun/videos/ac3375653.mp4', '1', '2017-02-23 21:03:37', '0', '0', '1', '345', '0', '0');
INSERT INTO `resource` VALUES ('2475250', '3375701', '坦克世界老炮15期，恶棍义奥', '83', '/acfun/images/covers/ac3375701.png', 'BGM歌单都整理好了，在公众号好里查找。\r<br/>\r<br/>\r<br/>\r<br/>\r<br/>公众号：GOBOOKOO', '/acfun/videos/ac3375701.mp4', '1', '2017-02-23 21:04:17', '0', '0', '1', '459', '0', '0');
INSERT INTO `resource` VALUES ('1133449', '3375736', '【皇冠T-ara】每日一套大皇冠现场 - 170103', '135', '/acfun/images/covers/ac3375736.jpg', '开个新坑，每日一套，不知道能坚持多久！ \r<br/>希望技术猴开个定时投稿的功能！', '/acfun/videos/ac3375736.mp4', '1', '2017-02-23 21:05:16', '0', '0', '1', '284', '0', '0');
INSERT INTO `resource` VALUES ('942159', '3375750', '【LIVE/生肉】2016-2017CDTV跨年演唱会', '140', '/acfun/images/covers/ac3375750.JPG', '全场生肉！！！！！！！！！！！！！！！！！！！！！！！！！！！！！！！！！！！！！！！！！！！！！！！！！！！！！！！！！！！！！！！！！！！！', '/acfun/videos/ac3375750.mp4', '1', '2017-02-23 21:04:55', '0', '0', '1', '4666', '0', '0');
INSERT INTO `resource` VALUES ('3082975', '3375767', '努巴尼欢乐秀57：我们并不在乎车在哪', '170', '/acfun/images/covers/ac3375767.png', '努巴尼欢乐秀第57期，转自youtube当红守望先锋主播Rapida。原作者rapida已经给我们授权，同意我们在保留原视频完整的情况下，添加自己的封面，水印，片尾并转载发布。', '/acfun/videos/ac3375767.mp4', '1', '2017-02-23 21:03:39', '0', '0', '1', '349', '0', '0');
INSERT INTO `resource` VALUES ('1772987', '3375779', '【刘醒 梁非凡】Ya for you', '87', '/acfun/images/covers/ac3375779.png', '新年快乐哟诸位！新年快乐哟诸位！', '/acfun/videos/ac3375779.mp4', '1', '2017-02-23 21:03:45', '0', '0', '1', '99', '0', '0');
INSERT INTO `resource` VALUES ('7073202', '3375822', '韩国网友关于《Super China》纪录片的观后感，  KBS，修正版！', '92', '/acfun/images/covers/ac3375822.jpg', '韩国网友关于《Super China》纪录片的观后感， 修正版\r<br/>KBS \r<br/>BGM：I knew you were<br/>trouble+Love Story+Red \r<br/>订阅or关注我吧，这里有最精彩的各国对“种花家”的评论，经常更新哦！', '/acfun/videos/ac3375822.mp4', '1', '2017-02-23 21:05:55', '0', '0', '1', '675', '0', '0');
INSERT INTO `resource` VALUES ('2784498', '3375826', '【欧肯视线】精英出动！伊快速反应师和反恐服务（CTS）联合突击行动', '92', '/acfun/images/covers/ac3375826.gif', '欧肯视线尽心搬运、修剪及发布。欢迎关注欧肯视线公众号：oookncn', '/acfun/videos/ac3375826.mp4', '1', '2017-02-23 21:05:53', '0', '0', '1', '283', '0', '0');
INSERT INTO `resource` VALUES ('3915952', '3375842', '【莲碧石】你干嘛【新年第一作=自黑？】', '135', '/acfun/images/covers/ac3375842.jpg', '大家好，我是勇于自黑的新儿（莲碧石），很高兴新年第一作就可以如此不正经【泥垢了！\r<br/>别的就不多说了，感谢亲爱的姐姐这么冷给我录舞，辛苦了！\r<br/>原作：罗志祥（朱碧石）-你干嘛\r<br/>翻跳：新儿（莲碧石）@新酱要环游世界\r<br/>最后祝大家新年快乐！！！', '/acfun/videos/ac3375842.mp4', '1', '2017-02-23 21:05:15', '0', '0', '1', '147', '0', '0');
INSERT INTO `resource` VALUES ('1221767', '3375872', '笑笑西卡德云色 17.1.2 以后七点开播', '85', '/acfun/images/covers/ac3375872.jpg', '欢迎关注德云色贴吧以及微博    @笑笑_孙亚龙   @西卡_李浩宇<br/>@H-ax_慧慧\r<br/>每周直播时间1246晚上8点，斗鱼直播间 http://www.douyu.com/154537\r<br/>\r<br/>另外七叔也来斗鱼直播了，具体直播时间和房间号请见德云色吧置顶帖。', '/acfun/videos/ac3375872.mp4', '1', '2017-02-23 21:04:27', '0', '0', '1', '7597', '0', '0');
INSERT INTO `resource` VALUES ('3713239', '3375928', '女生爱球鞋也疯狂，我的14双收藏！', '127', '/acfun/images/covers/ac3375928.png', '<br/>从2013年第一双AJ5葡萄开始，踏入球鞋深坑，受史提芬影响开始买买买。\r\n<br/>我的球鞋大部分都是史提芬买的，抢的，\r\n<br/>鞋带也是史提芬绑的。\r\n<br/>', '/acfun/videos/ac3375928.mp4', '1', '2017-02-23 21:05:37', '0', '0', '1', '1079', '0', '0');
INSERT INTO `resource` VALUES ('303310', '3375931', '英超第20轮 桑德兰vs利物浦【全场集锦】', '94', '/acfun/images/covers/ac3375931.png', '。。。。。。。。。。', '/acfun/videos/ac3375931.mp4', '1', '2017-02-23 21:06:21', '0', '0', '1', '298', '0', '0');
INSERT INTO `resource` VALUES ('303310', '3375936', '英超第20轮 西汉姆联vs曼彻斯特联【全场集锦】', '94', '/acfun/images/covers/ac3375936.jpg', '666，233333', '/acfun/videos/ac3375936.mp4', '1', '2017-02-23 21:06:19', '0', '0', '1', '267', '0', '0');
INSERT INTO `resource` VALUES ('4075269', '3375962', '中国交通事故合集20170102：每天10分钟最新的国内外事故实例，助你提高安全意识。', '132', '/acfun/images/covers/ac3375962.jpg', '每天10分钟最新的国内外事故实例，助你提高安全意识。\r<br/>感谢聪明机智的你关注本频道，坚持观看，出行安全系数将会增加N倍，（每天更新哦，敬请订阅观看！）\r<br/>有拍到交通事故视频的伙伴们，请用格式工具截取关键内容20秒左右转换压缩成MP4文件，上传到网盘或者视频网站，然后发分享链接给我，谢谢！\r<br/>投稿地址：http://i.youku.com/monitorearth', '/acfun/videos/ac3375962.mp4', '1', '2017-02-23 21:03:48', '0', '0', '1', '657', '0', '0');
INSERT INTO `resource` VALUES ('3640776', '3376002', '【虎扑JRs字幕】科比导演处女作：如何防守勒布朗詹姆斯|蜗壳亲自配音美滋滋', '95', '/acfun/images/covers/ac3376002.jpg', '【虎扑JRs字幕】科比导演处女作：如何防守勒布朗詹姆斯|蜗壳亲自配音美滋滋', '/acfun/videos/ac3376002.mp4', '1', '2017-02-23 21:06:20', '0', '0', '1', '346', '0', '0');
INSERT INTO `resource` VALUES ('6716524', '3376079', '【叨叨喵】头发护理小tips，无秀发何以秀恩爱', '127', '/acfun/images/covers/ac3376079.jpg', '这期纯干货护理流程，没有产品安利，想吃安利的等下次啦。', '/acfun/videos/ac3376079.mp4', '1', '2017-02-23 21:05:37', '0', '0', '1', '569', '0', '0');
INSERT INTO `resource` VALUES ('208236', '3376082', '【Hardwell2016年年度混音】', '139', '/acfun/images/covers/ac3376082.png', '来自硬好Hardwell On Aie 2016年年度Remix，全长2小时，让你抖腿停不下来~\r<br/>新浪微博：@电泥马，大家多多关注支持啦~', '/acfun/videos/ac3376082.mp4', '1', '2017-02-23 21:05:04', '0', '0', '1', '3600', '0', '0');
INSERT INTO `resource` VALUES ('1379664', '3376133', '【AOA】美颜性感的王牌天使AOA日本Summer Concert 全场', '140', '/acfun/images/covers/ac3376133.gif', '2016日本夏日演唱会全场，高清自压~', '/acfun/videos/ac3376133.mp4', '1', '2017-02-23 21:04:57', '0', '0', '1', '2559', '0', '0');
INSERT INTO `resource` VALUES ('1378726', '3376146', 'LOL一周精彩镜头#4', '85', '/acfun/images/covers/ac3376146.png', 'LOL一周精彩镜头#4 转自Ytb 랑말TV', '/acfun/videos/ac3376146.mp4', '1', '2017-02-23 21:04:28', '0', '0', '1', '872', '0', '0');
INSERT INTO `resource` VALUES ('1378726', '3376188', '快速看完一局韩服王者质量局#511Deft, Mickey, Untara, Part', '85', '/acfun/images/covers/ac3376188.png', '快速看完一局韩服王者质量局#511Deft, Mickey, Untara,<br/>Part转自ytb랑말TVBGM第一首EverFeltPt.2Otis-McDonald 第二首Otis McDonald - Fingers', '/acfun/videos/ac3376188.mp4', '1', '2017-02-23 21:04:24', '0', '0', '1', '883', '0', '0');
INSERT INTO `resource` VALUES ('280160', '3376250', '【守望老司机】IEM11京畿道站精彩团战集锦！', '170', '/acfun/images/covers/ac3376250.jpg', '本期热点：大锤也能做LYB你敢信？！76爸爸天台疯狂输出无人能当，艾兴瓦尔德天桥绕后完美演绎“进攻就是最好的防守”！\r<br/>IEM11京畿道站，精彩团战一次呈现，观众老爷喜欢请订阅牛哥视频吧！！', '/acfun/videos/ac3376250.mp4', '1', '2017-02-23 21:04:22', '0', '0', '1', '715', '0', '0');
INSERT INTO `resource` VALUES ('2272587', '3376278', '【奔波头条】我们看不到黑暗，是因为有人把黑暗阻挡在看不见的地方。', '86', '/acfun/images/covers/ac3376278.jpg', '老样子，评论抢楼送红包~！\r<br/>100楼发50,200楼发100，400楼发200！！！！200巨款啊！！！！！还不赶紧来评论！！！\r<br/>微博@奔波儿灞与灞波儿奔', '/acfun/videos/ac3376278.mp4', '1', '2017-02-23 21:03:47', '0', '0', '1', '324', '0', '0');
INSERT INTO `resource` VALUES ('4714960', '3376319', '你的儿子是我儿子的爸爸那我是你的谁？', '86', '/acfun/images/covers/ac3376319.jpg', '你的儿子是我儿子的爸爸那我是你的谁？', '/acfun/videos/ac3376319.mp4', '1', '2017-02-23 21:04:01', '0', '0', '1', '248', '0', '0');
INSERT INTO `resource` VALUES ('199029', '3376348', '可爱上进又呆萌的~景甜小姐姐', '129', '/acfun/images/covers/ac3376348.jpg', '-v -嗯。。你们的景甜小姐姐', '/acfun/videos/ac3376348.mp4', '1', '2017-02-23 21:05:38', '0', '0', '1', '241', '0', '0');
INSERT INTO `resource` VALUES ('1670101', '3376353', '2016年12月精彩作画集锦及笔记——2016年12月MAD', '107', '/acfun/images/covers/ac3376353.jpg', '虽然有点迟了，还是祝各位一直以来支持我们的各位观众老爷说声新年快乐！\r<br/>\r<br/>2016年12月精彩作画集锦及笔记详细内容：http://www.anitama.cn/article/c15041d4a0e<a href=\'/v/ac0\'>[ac0]</a>cf', '/acfun/videos/ac3376353.mp4', '1', '2017-02-23 21:04:38', '0', '0', '1', '246', '0', '0');
INSERT INTO `resource` VALUES ('1282441', '3376367', '美国一女主人因为抱了邻居的泰迪，醋坛子哈士奇回家后不断发脾气！', '88', '/acfun/images/covers/ac3376367.jpg', '甚至一度用屁股对着主人。在主银讨好下最后二哈来了一句NO....这货也是成精', '/acfun/videos/ac3376367.mp4', '1', '2017-02-23 21:04:04', '0', '0', '1', '37', '0', '0');
INSERT INTO `resource` VALUES ('1282441', '3376381', '据说，看完这个视 频的人都想养猫了', '88', '/acfun/images/covers/ac3376381.jpg', '要抱抱，要亲亲，还要举高高', '/acfun/videos/ac3376381.mp4', '1', '2017-02-23 21:04:00', '0', '0', '1', '89', '0', '0');
INSERT INTO `resource` VALUES ('199029', '3376384', '王牌美颜AOA~初雅跳Good Luck', '135', '/acfun/images/covers/ac3376384.png', '-v -你们的初雅来嘞~~~~~~~~~~', '/acfun/videos/ac3376384.mp4', '1', '2017-02-23 21:05:17', '0', '0', '1', '219', '0', '0');
INSERT INTO `resource` VALUES ('2038192', '3376398', 'Lol大事记（56）：Faker冲泉怒杀UZI 小狗为何惹恼大魔王？', '85', '/acfun/images/covers/ac3376398.jpg', '富士康组建战队想明年登上LPL，真为他们选手捏一把汗呀~国内首家电竞本科诞生，你要不要考虑一下？王思聪被虹桥一姐打脸，究竟发生了什么？Faker竟然要冲泉水杀UZI，这又是为什么？让我们一起来看看本期的LOL大事记吧~', '/acfun/videos/ac3376398.mp4', '1', '2017-02-23 21:04:29', '0', '0', '1', '541', '0', '0');
INSERT INTO `resource` VALUES ('1502471', '3376403', '伦敦街头食品--一个伟大的三明治（猪肉和香肠）！！', '89', '/acfun/images/covers/ac3376403.gif', '长期搬运国内外美食视频，喜欢可以关注我的微博微信“栋栋我试试看”\r<br/>喜欢的话记得投上你们的大香蕉哦！！！！\r<br/>过段时间会出自己做的美食教程，记得点关注哦，么么哒(づ￣3￣)づ╭?～', '/acfun/videos/ac3376403.mp4', '1', '2017-02-23 21:04:03', '0', '0', '1', '294', '0', '0');
INSERT INTO `resource` VALUES ('543461', '3376503', '【DNF】我不是故意丢错双鹰的', '83', '/acfun/images/covers/ac3376503.jpg', '娱乐向 新年快乐 娘漫槽动车 拿到仇之杀几个月之后 终于想着做个海神试试了 然后顺带就录了 药不能停 复活币从100砸到剩40个<br/>摸爬滚打之后终于能无消耗了 风暴第二赛季排位黄金1 团联白银1队友太二了 自古黄金多傻逼 ', '/acfun/videos/ac3376503.mp4', '1', '2017-02-23 21:04:21', '0', '0', '1', '384', '0', '0');
INSERT INTO `resource` VALUES ('331065', '3376504', '感动！我们身边的英雄！【第7期】', '86', '/acfun/images/covers/ac3376504.gif', '自备纸巾，向英雄们致敬！第一期：[<a href=\'/v/ac1870964\'>[ac1870964]</a>]，第二期：[<a href=\'/v/ac2117207\'>[ac2117207]</a>]，第三期：[<a href=\'/v/ac2301966\'>[ac2301966]</a>]，第四期：[<a href=\'/v/ac2743255\'>[ac2743255]</a>]，第五期：[<a href=\'/v/ac3131333\'>[ac3131333]</a>]，第六期：<a href=\'/v/ac3149422\'>[ac3149422]</a>，感动！体育界的英雄！：<a href=\'/v/ac3321989\'>[ac3321989]</a>。', '/acfun/videos/ac3376504.mp4', '1', '2017-02-23 21:04:00', '0', '0', '1', '1061', '0', '0');
INSERT INTO `resource` VALUES ('1218712', '3376530', '那些直播时发生的意外，哈哈眼泪都笑出来了，每一个都很服气！', '86', '/acfun/images/covers/ac3376530.gif', 'https://www.youtube.com/watch?v=Qg0KJCBw0ncFAILS &amp;amp; BLOOPERS EN LA TV<br/>Recopilación 2016', '/acfun/videos/ac3376530.mp4', '1', '2017-02-23 21:03:49', '0', '0', '1', '395', '0', '0');
INSERT INTO `resource` VALUES ('1229079', '3376542', '【美剧】定罪/Conviction S01E10【字幕组ZiMuZu】', '163', '/acfun/images/covers/ac3376542.jpg', '【更多剧集资源请关注新浪微博@字幕组ZiMuZu、@少年美剧派】本剧讲述一名叫Hayes&lt;br /&gt;<br/>&lt;br /&gt;<br/>Morrison（《特工卡特Marvel\'sAgenCarter》 的HayleyAtwell饰演）的女子，她是前总统的女儿，聪明但性格叛逆，被认为中看不中用。', '/acfun/videos/ac3376542.mp4', '1', '2017-02-23 21:05:29', '0', '0', '1', '2475', '0', '0');
INSERT INTO `resource` VALUES ('877058', '3376567', '卡卡直播怒喷代打', '85', '/acfun/images/covers/ac3376567.png', '卡卡直播怒喷代打。。。。', '/acfun/videos/ac3376567.mp4', '1', '2017-02-23 21:04:19', '0', '0', '1', '260', '0', '0');
INSERT INTO `resource` VALUES ('948477', '3376589', '盘点2017年即将上映的电视剧【更新至1月4日】', '143', '/acfun/images/covers/ac3376589.gif', '【源改好了，如果有问题再@up】\r<br/>汇集2017年即将上映或已经上映的电视剧片花及预告片，今年值得看《大秦帝国之崛起》《军师联盟》《海上牧云记》《白鹿原》《最后一张签证》\r<br/>相关推荐2015年值得看的小说改编剧(<a href=\'/v/ac1594042\'>[ac1594042]</a>)，为了押韵随便写的评语，不对的请多指教', '/acfun/videos/ac3376589.mp4', '1', '2017-02-23 21:05:26', '0', '0', '1', '448', '0', '0');
INSERT INTO `resource` VALUES ('4190949', '3376687', '我差点就信了2  025 职业保镖', '120', '/acfun/images/covers/ac3376687.jpg', '我找了一个太尽职的保镖！', '/acfun/videos/ac3376687.mp4', '1', '2017-02-23 21:04:44', '0', '0', '1', '102', '0', '0');
INSERT INTO `resource` VALUES ('5848699', '3376712', '主播炸了191：PDD新设定开R必死 MISS唱歌骚男伴舞若风懵逼', '85', '/acfun/images/covers/ac3376712.JPG', '主播炸了191：PDD新设定主播炸了191：PDD新设定开R必死 MISS唱歌骚男伴舞若风懵逼开R必死 MISS唱歌骚男伴舞若风懵逼', '/acfun/videos/ac3376712.mp4', '1', '2017-02-23 21:04:25', '0', '0', '1', '880', '0', '0');
INSERT INTO `resource` VALUES ('1156099', '3376728', '【张逗张花】喝醉的人到底会变多蠢？完全控几不住我记几！', '86', '/acfun/images/covers/ac3376728.png', '适量饮酒，适量饮酒，适量饮酒', '/acfun/videos/ac3376728.mp4', '1', '2017-02-23 21:03:48', '0', '0', '1', '520', '0', '0');
INSERT INTO `resource` VALUES ('2970401', '3376729', '【双语】科比和勒布朗一对一单挑谁会赢？黑曼巴亲口告诉你他的答案', '95', '/acfun/images/covers/ac3376729.JPG', '“单挑是我睡着了都在干的事。”', '/acfun/videos/ac3376729.mp4', '1', '2017-02-23 21:06:20', '0', '0', '1', '50', '0', '0');
INSERT INTO `resource` VALUES ('5905850', '3376770', '空灵美声第三弹  《Faded 淡出》 by Bolly soshy 尤拉', '139', '/acfun/images/covers/ac3376770.gif', '喜欢的话 记得关注和转发哦~想说什么可以留言给我~ 网易云电台 新浪微博@：一日歌\r<br/>《Faded 淡出》 by Bolly<br/>soshy 尤拉 ', '/acfun/videos/ac3376770.mp4', '1', '2017-02-23 21:05:03', '0', '0', '1', '179', '0', '0');
INSERT INTO `resource` VALUES ('853933', '3376810', '「科技美学」四大旗舰对决 华为Mate9/小米MIX / iPhone7P/三星S7edge', '91', '/acfun/images/covers/ac3376810.jpg', '「科技美学」四大旗舰对决 华为Mate9/小米MIX / iPhone7P/三星S7edge(第八季)上篇', '/acfun/videos/ac3376810.mp4', '1', '2017-02-23 21:06:03', '0', '0', '1', '1881', '0', '0');
INSERT INTO `resource` VALUES ('1180585', '3376817', '╰⋛⋋王牌天使⋌⋚╯ 《Bing Bing &amp; Excuse Me》拍摄花絮', '129', '/acfun/images/covers/ac3376817.jpg', '《Bing Bing &amp;amp; Excuse Me》拍摄花絮', '/acfun/videos/ac3376817.mp4', '1', '2017-02-23 21:05:39', '0', '0', '1', '249', '0', '0');
INSERT INTO `resource` VALUES ('4503562', '3376849', '技能满点的国外小哥演奏海贼王经典BGM《Luffy s Fierce Attack》', '137', '/acfun/images/covers/ac3376849.jpg', '国外网友一个人用不同的乐器演奏出的海贼王经典BGM《Luffy\'s Fierce Attack》，技能点满点，一个人抵得上一个乐队！听着听着就燃起来了！', '/acfun/videos/ac3376849.mp4', '1', '2017-02-23 21:04:59', '0', '0', '1', '67', '0', '0');
INSERT INTO `resource` VALUES ('3640776', '3376907', '【虎扑JRs字幕】罕见！威少高中纪录片，从无名小卒到MVP|场上凶猛场下柔情', '95', '/acfun/images/covers/ac3376907.jpg', '【虎扑JRs字幕】罕见！威少高中纪录片，从无名小卒到MVP|场上凶猛场下柔情', '/acfun/videos/ac3376907.mp4', '1', '2017-02-23 21:06:22', '0', '0', '1', '662', '0', '0');
INSERT INTO `resource` VALUES ('3082975', '3376995', '守望先锋国服精彩集锦32：大锤你再这样我报警了！', '170', '/acfun/images/covers/ac3376995.png', '<br/>这是玩家向努巴尼投稿的素材集合的精彩集锦。本次视频里收录的视频截止是12月19日-12月25日。我们的投稿邮箱是numbani@163.com。\r<br/>本期BGM：Voices<br/>- Jim Yosef ; Velocity - Alex Skrindo / Sperktrel ; Silver Lining - CelDro.', '/acfun/videos/ac3376995.mp4', '1', '2017-02-23 21:04:20', '0', '0', '1', '709', '0', '0');
INSERT INTO `resource` VALUES ('5843130', '3377004', '【你会在那里吗？】2016 【剧情、奇幻】生肉【韩国】', '96', '/acfun/images/covers/ac3377004.jpg', '该片改编自在全球22个国家出刊的畅销小说家纪尧姆·米索（Guillaume Musso）的同名小说。讲述的是一位医生重返过去和数十年前的自己相遇，为了拯救已逝的恋人而往返于过去和现在的故事。金允锡饰演现在的男主人公，而卞耀汉则饰演过去年轻时的男主人公。', '/acfun/videos/ac3377004.mp4', '1', '2017-02-23 21:05:24', '0', '0', '1', '6597', '0', '0');
INSERT INTO `resource` VALUES ('268017', '3377037', '【480P】清潭菩萨【2009】【韩语中字】', '96', '/acfun/images/covers/ac3377037.jpg', '<br/>泰兰是（朴艺珍饰）韩国时尚中心清潭洞的著名占卜店里的&amp;quot;清潭菩萨&amp;quot;，她拥有夺人秀色和上亿年薪，羡煞 旁人。但为了躲避厄运，泰兰要在28岁之前找到自己的真命天子。某天奇迹降临，泰兰同时遇到了毫不起眼的男子圣元（任昌丁饰）和梦寐以求的初恋情人浩俊（李俊赫饰），是告别过去的岁月，还是选择爱情，泰兰陷入无限纠结中 。', '/acfun/videos/ac3377037.mp4', '1', '2017-02-23 21:05:27', '0', '0', '1', '7137', '0', '0');
INSERT INTO `resource` VALUES ('3002923', '3377047', '【凹凸君说】2016年终大总结！——方了一整年(投稿一周年纪念~)', '135', '/acfun/images/covers/ac3377047.jpg', '投稿一周年纪念！这一年中我们也尝试了很多东西，点开了很多奇怪的技能点，做鬼畜啊，做MMD什么的，这次也是回到了一切的原点，2016年我们收获了很多，最珍贵的就是一直支持我们的大家，再次鞠躬！\r<br/>微博：weibo.com/aotujunshuo\r<br/>词曲：土司\r<br/>振付：Aoto\r<br/>后期：三天三夜的Aoto', '/acfun/videos/ac3377047.mp4', '1', '2017-02-23 21:05:13', '0', '0', '1', '492', '0', '0');
INSERT INTO `resource` VALUES ('3754157', '3377119', '【平纪沪语】十年平纪 谢谢你一家门啊', '106', '/acfun/images/covers/ac3377119.jpg', '微信公众号搜索：平纪工作室', '/acfun/videos/ac3377119.mp4', '1', '2017-02-23 21:04:39', '0', '0', '1', '926', '0', '0');
INSERT INTO `resource` VALUES ('199029', '3377159', '美颜HANI的性感椅子舞L.I.E', '135', '/acfun/images/covers/ac3377159.jpg', '-v -你们好久不见的没有哈尼~~', '/acfun/videos/ac3377159.mp4', '1', '2017-02-23 21:05:17', '0', '0', '1', '204', '0', '0');
INSERT INTO `resource` VALUES ('3237728', '3377234', '日本天皇祖先是中国汉人，名字叫高向王！', '131', '/acfun/images/covers/ac3377234.png', '据我所知日本天皇先祖和马韩、辰韩、弁韩三韩部落有关', '/acfun/videos/ac3377234.mp4', '1', '2017-02-23 21:05:51', '0', '0', '1', '145', '0', '0');
INSERT INTO `resource` VALUES ('5843130', '3377239', '【異星引力】Attraction 首波電影預告 2/17(五) 震撼登場', '96', '/acfun/images/covers/ac3377239.gif', '【異星引力】Attraction 首波電影預告 2/17(五) 震撼登場', '/acfun/videos/ac3377239.mp4', '1', '2017-02-23 21:05:25', '0', '0', '1', '108', '0', '0');
INSERT INTO `resource` VALUES ('33588', '3377250', '《JUMP流！》Vol.10 佐伯俊(tosh)【食戟之灵】现场作画', '133', '/acfun/images/covers/ac3377250.jpg', '搬自youtube，嘿？tosh老湿怎么演示的是画男人！画爆衣啊！', '/acfun/videos/ac3377250.mp4', '1', '2017-02-23 21:04:37', '0', '0', '1', '2546', '0', '0');
INSERT INTO `resource` VALUES ('323084', '3377300', '东方超现实', '108', '/acfun/images/covers/ac3377300.jpg', 'sm30291157 \r<br/>作者 長月チャカ \r<br/>东方深井病', '/acfun/videos/ac3377300.mp4', '1', '2017-02-23 21:04:41', '0', '0', '1', '410', '0', '0');
INSERT INTO `resource` VALUES ('4432131', '3377395', '【阿酱】学生党百元内化妆教程', '127', '/acfun/images/covers/ac3377395.JPG', '微博  馨仪是只大脸猫   bgm-meet me halfway', '/acfun/videos/ac3377395.mp4', '1', '2017-02-23 21:05:38', '0', '0', '1', '647', '0', '0');
INSERT INTO `resource` VALUES ('1180097', '3377460', '【三国杀】水友国战，孙尚香与甘宁的赖皮组合', '165', '/acfun/images/covers/ac3377460.png', '水友提供的素材，老规矩，依旧没有解说。\r<br/>被吓死的盖盖，心机婊嘴嘴，还有甘宁与香香的无赖组合。\r<br/>投稿邮箱：duomianke@163.com', '/acfun/videos/ac3377460.mp4', '1', '2017-02-23 21:04:21', '0', '0', '1', '474', '0', '0');
INSERT INTO `resource` VALUES ('2254065', '3377508', '天劫女气功暴走1-4', '83', '/acfun/images/covers/ac3377508.jpg', '这次算是比较顺利的啦，本来能量有个更快的，结果硬盘满了没录上TAT', '/acfun/videos/ac3377508.mp4', '1', '2017-02-23 21:04:23', '0', '0', '1', '542', '0', '0');
INSERT INTO `resource` VALUES ('483612', '3377573', '【MMD艦これ】鈴熊で極楽浄土を踊ってくれました', '108', '/acfun/images/covers/ac3377573.jpg', 'https://www.youtube.com/watch?v=GqdO9_oBK2g&amp;amp;t=22s by きくちともき様', '/acfun/videos/ac3377573.mp4', '1', '2017-02-23 21:04:42', '0', '0', '1', '233', '0', '0');
INSERT INTO `resource` VALUES (null, '3478858', '❤SKR-箜月❤-love potion-', '134', '/acfun/images/covers/ac3478858.jpg', '摄影/后期：Kira【约单可戳呆鹅：490232426】\r<br/>舞见：箜月【微博：@箜月-Tsuki】\r<br/>这里的搅基群-495550824\r<br/>唔，P2是和摄影的娱乐产物顺便看看就好23333\r<br/>【感谢场地赞助：贵山酒店旁【原佐敦道】】', '/acfun/videos/ac3478858.mp4', '1', '2017-02-21 21:24:24', '0', '0', '1', '257', '0', '0');
INSERT INTO `resource` VALUES (null, '3482316', '男子与美女聊天至凌晨 醉酒驾驶送人回去被判刑', '180', null, null, '<div id=\"noflash-alert\" style=\"display:none\" class=\"noflash-alert\">wenzhang</div><p style=\"margin-top: 15px; margin-bottom: 15px; font-size: 16px; line-height: 2em; font-family: &quot;Microsoft YaHei&quot;, u5FAEu8F6Fu96C5u9ED1, Arial, SimSun, u5B8Bu4F53; font-style: normal; font-weight: normal; white-space: normal\">原标题：男子和美女聊天至凌晨四点被判刑，因为他……</p> \r\n<p style=\"margin-top: 15px; margin-bottom: 15px; font-size: 16px; line-height: 2em; font-family: &quot;Microsoft YaHei&quot;, u5FAEu8F6Fu96C5u9ED1, Arial, SimSun, u5B8Bu4F53; font-style: normal; font-weight: normal; white-space: normal\">　　现代快报（通讯员 贺俊 记者 林清智）在KTV遇到两位美女后，男子李飞约她们共进夜宵，凌晨2点吃完夜宵后，李飞又约对方到车上继续聊天到凌晨4点，这时，他接到电话得知，有人报警称这2位女子被绑架了。随后，李飞冒雨醉驾亲自送她们回去，没想在KTV门口遇见了警察。最终，扬中市检察院以危险驾驶罪对李飞提起公诉，2月16日，李飞被法院判刑。</p> \r\n<p style=\"margin-top: 15px; margin-bottom: 15px; font-size: 16px; line-height: 2em; font-family: &quot;Microsoft YaHei&quot;, u5FAEu8F6Fu96C5u9ED1, Arial, SimSun, u5B8Bu4F53; font-style: normal; font-weight: normal; white-space: normal\">　　据扬中市检察院介绍，2016年6月的一天晚上，李飞与朋友聚餐后回到家里后，觉得还不尽兴，于是打电话给在某KTV当经理的朋友方思，表示要带几个朋友去玩玩。方思开好包间，叫上了啤酒饮料，李飞于是带着几个朋友一展歌喉。</p> \r\n<div class=\"img_wrapper\" style=\"text-align: center; padding-bottom: 5px; margin-top: 30px; font-family: &quot;Microsoft YaHei&quot;, u5FAEu8F6Fu96C5u9ED1, Arial, SimSun, u5B8Bu4F53; font-size: 16px; font-style: normal; font-weight: normal; white-space: normal\"> \r\n <img alt=\"图片来自网络\" src=\"http://n.sinaimg.cn/news/transform/20170218/E2E3-fyarref5840494.jpg\" style=\"border-style: none; display: block\"> \r\n <span class=\"img_descr\" style=\"line-height: 20px; color: rgb(102, 102, 102); padding-top: 15px; margin-top: 5px; margin-bottom: 5px; font-size: 14px\">图片来自网络</span>\r\n</div> \r\n<p>&nbsp; &nbsp; &nbsp; &nbsp;<span style=\"font-family: &quot;Microsoft YaHei&quot;, u5FAEu8F6Fu96C5u9ED1, Arial, SimSun, u5B8Bu4F53; font-size: 16px; font-style: normal; font-weight: normal\">七八瓶啤酒下肚后，李飞外出方便时，发现KTV大厅里弹钢琴的2位姑娘非常漂亮，自诩风流才子的他就通过方思与2位姑娘搭讪，并邀请她们一起吃夜宵。</span></p> \r\n<p style=\"margin-top: 15px; margin-bottom: 15px; font-size: 16px; line-height: 2em; font-family: &quot;Microsoft YaHei&quot;, u5FAEu8F6Fu96C5u9ED1, Arial, SimSun, u5B8Bu4F53; font-style: normal; font-weight: normal; white-space: normal\">　　吃完夜宵已是凌晨2点，李飞与2位姑娘越聊越投机，就带着她们回到自己停靠在深巷的车上继续聊。</p> \r\n<p style=\"margin-top: 15px; margin-bottom: 15px; font-size: 16px; line-height: 2em; font-family: &quot;Microsoft YaHei&quot;, u5FAEu8F6Fu96C5u9ED1, Arial, SimSun, u5B8Bu4F53; font-style: normal; font-weight: normal; white-space: normal\">　　凌晨4点，李飞突然接到警方电话称，KTV经理因与2位姑娘“失联”，已打电话报警称她们被绑架。李飞酒醒一大半，赶快打算送2位姑娘回去。无奈此时已是深更半夜，外面瓢泼大雨，一时也没有出租车。</p> \r\n<p style=\"margin-top: 15px; margin-bottom: 15px; font-size: 16px; line-height: 2em; font-family: &quot;Microsoft YaHei&quot;, u5FAEu8F6Fu96C5u9ED1, Arial, SimSun, u5B8Bu4F53; font-style: normal; font-weight: normal; white-space: normal\">　　见此，李飞怜香惜玉，主动要求送2位姑娘回去。刚到KTV门口，看见民警站在那里，李飞赶快下车向警察解释自己不是绑架，怎奈他一张口满身酒气，民警随即通知交警到现场，呼气检测结果显示，李飞体内酒精含量已达醉酒驾驶机动车标准。</p> \r\n<p style=\"margin-top: 15px; margin-bottom: 15px; font-size: 16px; line-height: 2em; font-family: &quot;Microsoft YaHei&quot;, u5FAEu8F6Fu96C5u9ED1, Arial, SimSun, u5B8Bu4F53; font-style: normal; font-weight: normal; white-space: normal\">　　2月16日，扬中市人民法院以危险驾驶罪判处李飞拘役1个月、缓刑3个月，罚金人民币1000元。（文中人物均为化名）</p> \r\n<p> <br></p><span class=\"clearfix\"></span>', '1', '2017-02-18 12:01:10', '0', '0', '0', null, '0', '0');
INSERT INTO `resource` VALUES (null, '3482318', '男子双眼几近失明 欲做手术1万元手术费遭窃', '180', null, null, '<div id=\"noflash-alert\" style=\"display:none\" class=\"noflash-alert\">wenzhang</div><p style=\"margin-top: 15px; margin-bottom: 15px; font-size: 16px; line-height: 2em; font-family: &quot;Microsoft YaHei&quot;, u5FAEu8F6Fu96C5u9ED1, Arial, SimSun, u5B8Bu4F53; font-style: normal; font-weight: normal; white-space: normal\">　　原标题：男子双眼几近失明 欲做眼科手术1万元手术费被盗</p> \r\n<p style=\"margin-top: 15px; margin-bottom: 15px; font-size: 16px; line-height: 2em; font-family: &quot;Microsoft YaHei&quot;, u5FAEu8F6Fu96C5u9ED1, Arial, SimSun, u5B8Bu4F53; font-style: normal; font-weight: normal; white-space: normal\">　　昨天上午，在郑大一附院，记者见到了蹲坐在墙角的刘大哥，他沮丧的告诉我们，还有几天他就要做眼科手术了，但是没想到在这个节骨眼上，自己随身携带的一万元手术费却被盗了。</p> \r\n<div class=\"img_wrapper\" style=\"text-align: center; padding-bottom: 5px; margin-top: 30px; font-family: &quot;Microsoft YaHei&quot;, u5FAEu8F6Fu96C5u9ED1, Arial, SimSun, u5B8Bu4F53; font-size: 16px; font-style: normal; font-weight: normal; white-space: normal\"> \r\n <img alt=\"\" src=\"http://n.sinaimg.cn/news/transform/20170218/5zIS-fyarref5841114.jpg\" style=\"border-style: none; display: block\">\r\n</div> \r\n<p style=\"margin-top: 15px; margin-bottom: 15px; font-size: 16px; line-height: 2em; font-family: &quot;Microsoft YaHei&quot;, u5FAEu8F6Fu96C5u9ED1, Arial, SimSun, u5B8Bu4F53; font-style: normal; font-weight: normal; white-space: normal\">　　刘大哥今年39岁，因为去年患上了糖尿病，这两年没少往医院跑，现在，糖尿病并发症导致他的双眼几近失明。</p> \r\n<div class=\"img_wrapper\" style=\"text-align: center; padding-bottom: 5px; margin-top: 30px; font-family: &quot;Microsoft YaHei&quot;, u5FAEu8F6Fu96C5u9ED1, Arial, SimSun, u5B8Bu4F53; font-size: 16px; font-style: normal; font-weight: normal; white-space: normal\"> \r\n <img alt=\"\" src=\"http://n.sinaimg.cn/news/transform/20170218/1mmz-fyarrcf4575461.jpg\" style=\"border-style: none; display: block\">\r\n</div> \r\n<p style=\"margin-top: 15px; margin-bottom: 15px; font-size: 16px; line-height: 2em; font-family: &quot;Microsoft YaHei&quot;, u5FAEu8F6Fu96C5u9ED1, Arial, SimSun, u5B8Bu4F53; font-style: normal; font-weight: normal; white-space: normal\">　　2月14日那天，他只身一人从周口家中来到郑大一附院做眼睛手术，可是，还没等刘大哥见到医生，他放在包里的1万元钱就不见了。</p> \r\n<div class=\"img_wrapper\" style=\"text-align: center; padding-bottom: 5px; margin-top: 30px; font-family: &quot;Microsoft YaHei&quot;, u5FAEu8F6Fu96C5u9ED1, Arial, SimSun, u5B8Bu4F53; font-size: 16px; font-style: normal; font-weight: normal; white-space: normal\"> \r\n <img alt=\"\" src=\"http://n.sinaimg.cn/news/crawl/20170218/PGZC-fyarrcc7799797.jpg\" style=\"border-style: none; display: block\">\r\n</div> \r\n<div class=\"img_wrapper\" style=\"text-align: center; padding-bottom: 5px; margin-top: 30px; font-family: &quot;Microsoft YaHei&quot;, u5FAEu8F6Fu96C5u9ED1, Arial, SimSun, u5B8Bu4F53; font-size: 16px; font-style: normal; font-weight: normal; white-space: normal\"> \r\n <img alt=\"\" src=\"http://n.sinaimg.cn/news/crawl/20170218/hHBL-fyarrcc7799799.jpg\" style=\"border-style: none; display: block\">\r\n</div> \r\n<p style=\"margin-top: 15px; margin-bottom: 15px; font-size: 16px; line-height: 2em; font-family: &quot;Microsoft YaHei&quot;, u5FAEu8F6Fu96C5u9ED1, Arial, SimSun, u5B8Bu4F53; font-style: normal; font-weight: normal; white-space: normal\">　　刘大哥说，这些年他看病已经欠下了不少钱，这次丢的1万块钱也是他东拼西凑好不容易才凑齐的，本来以为这次手术会给自己的生活带来转机和希望，哪知道还没来得及见到医生，就遭遇了这样的伤心事。</p> \r\n<div class=\"img_wrapper\" style=\"text-align: center; padding-bottom: 5px; margin-top: 30px; font-family: &quot;Microsoft YaHei&quot;, u5FAEu8F6Fu96C5u9ED1, Arial, SimSun, u5B8Bu4F53; font-size: 16px; font-style: normal; font-weight: normal; white-space: normal\"> \r\n <img alt=\"\" src=\"http://n.sinaimg.cn/news/transform/20170218/44G9-fyarrcf4575550.jpg\" style=\"border-style: none; display: block\">\r\n</div> \r\n<p style=\"margin-top: 15px; margin-bottom: 15px; font-size: 16px; line-height: 2em; font-family: &quot;Microsoft YaHei&quot;, u5FAEu8F6Fu96C5u9ED1, Arial, SimSun, u5B8Bu4F53; font-style: normal; font-weight: normal; white-space: normal\">　　直到记者过去采访，刘大哥也没敢把丢钱的事告诉家里人。</p> \r\n<div class=\"img_wrapper\" style=\"text-align: center; padding-bottom: 5px; margin-top: 30px; font-family: &quot;Microsoft YaHei&quot;, u5FAEu8F6Fu96C5u9ED1, Arial, SimSun, u5B8Bu4F53; font-size: 16px; font-style: normal; font-weight: normal; white-space: normal\"> \r\n <img alt=\"\" src=\"http://n.sinaimg.cn/news/crawl/20170218/27Pv-fyarzzv3080476.jpg\" style=\"border-style: none; display: block\">\r\n</div> \r\n<p style=\"margin-top: 15px; margin-bottom: 15px; font-size: 16px; line-height: 2em; font-family: &quot;Microsoft YaHei&quot;, u5FAEu8F6Fu96C5u9ED1, Arial, SimSun, u5B8Bu4F53; font-style: normal; font-weight: normal; white-space: normal\">　　目前，刘大哥已经向警方报案，不过由于不清楚具体丢钱的地点，警方调取监控也会花费不少时间，刘大哥现在最怕的就是耽误了做手术的时机。</p> \r\n<div class=\"img_wrapper\" style=\"text-align: center; padding-bottom: 5px; margin-top: 30px; font-family: &quot;Microsoft YaHei&quot;, u5FAEu8F6Fu96C5u9ED1, Arial, SimSun, u5B8Bu4F53; font-size: 16px; font-style: normal; font-weight: normal; white-space: normal\"> \r\n <img alt=\"\" src=\"http://n.sinaimg.cn/news/crawl/20170218/HTl_-fyarref5841422.jpg\" style=\"border-style: none; display: block\">\r\n</div> \r\n<div class=\"img_wrapper\" style=\"text-align: center; padding-bottom: 5px; margin-top: 30px; font-family: &quot;Microsoft YaHei&quot;, u5FAEu8F6Fu96C5u9ED1, Arial, SimSun, u5B8Bu4F53; font-size: 16px; font-style: normal; font-weight: normal; white-space: normal\"> \r\n <img alt=\"\" src=\"http://n.sinaimg.cn/news/crawl/20170218/nI8X-fyarref5841424.jpg\" style=\"border-style: none; display: block\">\r\n</div> \r\n<p style=\"margin-top: 15px; margin-bottom: 15px; font-size: 16px; line-height: 2em; font-family: &quot;Microsoft YaHei&quot;, u5FAEu8F6Fu96C5u9ED1, Arial, SimSun, u5B8Bu4F53; font-style: normal; font-weight: normal; white-space: normal\">　 &nbsp; 由于没有家人陪伴，现在刘大哥的行动十分不便，只能摸索着行走，刘大哥也希望能有好心人帮他度过这次难关，毕竟要想不失明，这次手术是他唯一的机会了。</p> \r\n<p style=\"margin-top: 15px; margin-bottom: 15px; font-size: 16px; line-height: 2em; font-family: &quot;Microsoft YaHei&quot;, u5FAEu8F6Fu96C5u9ED1, Arial, SimSun, u5B8Bu4F53; font-style: normal; font-weight: normal; white-space: normal\">　　来源：都市报道</p><span class=\"clearfix\"></span>', '1', '2017-02-18 11:51:57', '0', '0', '0', null, '0', '0');
INSERT INTO `resource` VALUES (null, '3482333', 'ACER们，来看看你的视力吧', '180', null, null, '<button id=\"btn-manga-mode\" class=\"btn primary\"> 进入漫画模式 </button><div id=\"noflash-alert\" style=\"display:none\" class=\"noflash-alert\">wenzhang</div><p>人体彩绘师莱奥妮基因约尔格和摄影师莱拉、乌韦合作了一系列作品，被称为“蜕变”，即把人体纳入自然景观...<br></p> \r\n<p> <br></p> \r\n<p>所有的照片都没有PS，而是依靠人体彩绘和自然环境的融合，来达成效果。来测测你的智商吧！</p> \r\n<p> <br></p> \r\n<p>一共18幅图，每张图里都隐藏着一位美女，你能把他们都找出来吗？</p> \r\n<p style=\"color: rgb(47, 47, 47); font-size: 16px; font-style: normal; font-weight: normal; white-space: normal\"> <strong>找到：</strong></p> \r\n<p style=\"color: rgb(47, 47, 47); font-size: 16px; font-style: normal; font-weight: normal; white-space: normal\"> <strong>4-6个正常</strong></p> \r\n<p style=\"color: rgb(47, 47, 47); font-size: 16px; font-style: normal; font-weight: normal; white-space: normal\"> <strong>7-9个聪明</strong></p> \r\n<p style=\"color: rgb(47, 47, 47); font-size: 16px; font-style: normal; font-weight: normal; white-space: normal\"> <strong>14-18高智商！</strong></p> \r\n<p style=\"color: rgb(47, 47, 47); font-size: 16px; font-style: normal; font-weight: normal; white-space: normal\">▼</p> \r\n<p style=\"color: rgb(47, 47, 47); font-size: 16px; font-style: normal; font-weight: normal; white-space: normal\"> <strong>1.</strong></p> \r\n<p style=\"color: rgb(47, 47, 47); font-size: 16px; font-style: normal; font-weight: normal; white-space: normal\"> <strong> <img src=\"http://image103.360doc.com/DownloadImg/2017/02/1405/91399874_2\" style=\"border-style: none; margin-right: 0px; margin-left: 0px; max-width: 656px\"></strong></p> \r\n<p style=\"color: rgb(47, 47, 47); font-size: 16px; font-style: normal; font-weight: normal; white-space: normal\"> <br></p> \r\n<p style=\"color: rgb(47, 47, 47); font-size: 16px; font-style: normal; font-weight: normal; white-space: normal\"> <strong>2.</strong></p> \r\n<p style=\"color: rgb(47, 47, 47); font-size: 16px; font-style: normal; font-weight: normal; white-space: normal\"> <strong> <img src=\"http://image103.360doc.com/DownloadImg/2017/02/1405/91399874_3\" style=\"border-style: none; margin-right: 0px; margin-left: 0px; max-width: 656px\"></strong></p> \r\n<p style=\"color: rgb(47, 47, 47); font-size: 16px; font-style: normal; font-weight: normal; white-space: normal\"> <br></p> \r\n<p style=\"color: rgb(47, 47, 47); font-size: 16px; font-style: normal; font-weight: normal; white-space: normal\"> <strong>3.</strong></p> \r\n<p style=\"color: rgb(47, 47, 47); font-size: 16px; font-style: normal; font-weight: normal; white-space: normal\"> <strong> <img src=\"http://image103.360doc.com/DownloadImg/2017/02/1405/91399874_4\" style=\"border-style: none; margin-right: 0px; margin-left: 0px; max-width: 656px\"></strong></p> \r\n<p style=\"color: rgb(47, 47, 47); font-size: 16px; font-style: normal; font-weight: normal; white-space: normal\"> <br></p> \r\n<p style=\"color: rgb(47, 47, 47); font-size: 16px; font-style: normal; font-weight: normal; white-space: normal\"> <strong>4.</strong></p> \r\n<p style=\"color: rgb(47, 47, 47); font-size: 16px; font-style: normal; font-weight: normal; white-space: normal\"> <strong> <img src=\"http://image103.360doc.com/DownloadImg/2017/02/1405/91399874_5\" style=\"border-style: none; margin-right: 0px; margin-left: 0px; max-width: 656px\"></strong></p> \r\n<p style=\"color: rgb(47, 47, 47); font-size: 16px; font-style: normal; font-weight: normal; white-space: normal\"> <br></p> \r\n<p style=\"color: rgb(47, 47, 47); font-size: 16px; font-style: normal; font-weight: normal; white-space: normal\"> <strong>5.</strong></p> \r\n<p style=\"color: rgb(47, 47, 47); font-size: 16px; font-style: normal; font-weight: normal; white-space: normal\"> <strong> <img src=\"http://image103.360doc.com/DownloadImg/2017/02/1405/91399874_6\" style=\"border-style: none; margin-right: 0px; margin-left: 0px; max-width: 656px\"></strong></p> \r\n<p style=\"color: rgb(47, 47, 47); font-size: 16px; font-style: normal; font-weight: normal; white-space: normal\"> <br></p> \r\n<p style=\"color: rgb(47, 47, 47); font-size: 16px; font-style: normal; font-weight: normal; white-space: normal\"> <strong>6.</strong></p> \r\n<p style=\"color: rgb(47, 47, 47); font-size: 16px; font-style: normal; font-weight: normal; white-space: normal\"> <strong> <img src=\"http://image103.360doc.com/DownloadImg/2017/02/1405/91399874_7\" style=\"border-style: none; margin-right: 0px; margin-left: 0px; max-width: 656px\"></strong></p> \r\n<p style=\"color: rgb(47, 47, 47); font-size: 16px; font-style: normal; font-weight: normal; white-space: normal\"> <br></p> \r\n<p style=\"color: rgb(47, 47, 47); font-size: 16px; font-style: normal; font-weight: normal; white-space: normal\"> <strong>7.</strong></p> \r\n<p style=\"color: rgb(47, 47, 47); font-size: 16px; font-style: normal; font-weight: normal; white-space: normal\"> <strong> <img src=\"http://image103.360doc.com/DownloadImg/2017/02/1405/91399874_8\" style=\"border-style: none; margin-right: 0px; margin-left: 0px; max-width: 656px\"></strong></p> \r\n<p style=\"color: rgb(47, 47, 47); font-size: 16px; font-style: normal; font-weight: normal; white-space: normal\"> <br></p> \r\n<p style=\"color: rgb(47, 47, 47); font-size: 16px; font-style: normal; font-weight: normal; white-space: normal\"> <strong>8.</strong></p> \r\n<p style=\"color: rgb(47, 47, 47); font-size: 16px; font-style: normal; font-weight: normal; white-space: normal\"> <strong> <img src=\"http://image103.360doc.com/DownloadImg/2017/02/1405/91399874_9\" style=\"border-style: none; margin-right: 0px; margin-left: 0px; max-width: 656px\"></strong></p> \r\n<p style=\"color: rgb(47, 47, 47); font-size: 16px; font-style: normal; font-weight: normal; white-space: normal\"> <br></p> \r\n<p style=\"color: rgb(47, 47, 47); font-size: 16px; font-style: normal; font-weight: normal; white-space: normal\"> <strong>9.</strong></p> \r\n<p style=\"color: rgb(47, 47, 47); font-size: 16px; font-style: normal; font-weight: normal; white-space: normal\"> <strong> <img src=\"http://image103.360doc.com/DownloadImg/2017/02/1405/91399874_10\" style=\"border-style: none; margin-right: 0px; margin-left: 0px; max-width: 656px\"></strong></p> \r\n<p style=\"color: rgb(47, 47, 47); font-size: 16px; font-style: normal; font-weight: normal; white-space: normal\"> <br></p> \r\n<p style=\"color: rgb(47, 47, 47); font-size: 16px; font-style: normal; font-weight: normal; white-space: normal\"> <strong>10.</strong></p> \r\n<p style=\"color: rgb(47, 47, 47); font-size: 16px; font-style: normal; font-weight: normal; white-space: normal\"> <strong> <img src=\"http://image103.360doc.com/DownloadImg/2017/02/1405/91399874_11\" style=\"border-style: none; margin-right: 0px; margin-left: 0px; max-width: 656px\"></strong></p> \r\n<p style=\"color: rgb(47, 47, 47); font-size: 16px; font-style: normal; font-weight: normal; white-space: normal\"> <br></p> \r\n<p style=\"color: rgb(47, 47, 47); font-size: 16px; font-style: normal; font-weight: normal; white-space: normal\"> <strong>11.</strong></p> \r\n<p style=\"color: rgb(47, 47, 47); font-size: 16px; font-style: normal; font-weight: normal; white-space: normal\"> <strong> <img src=\"http://image103.360doc.com/DownloadImg/2017/02/1405/91399874_12\" style=\"border-style: none; margin-right: 0px; margin-left: 0px; max-width: 656px\"></strong></p> \r\n<p style=\"color: rgb(47, 47, 47); font-size: 16px; font-style: normal; font-weight: normal; white-space: normal\"> <br></p> \r\n<p style=\"color: rgb(47, 47, 47); font-size: 16px; font-style: normal; font-weight: normal; white-space: normal\"> <strong>12.</strong></p> \r\n<p style=\"color: rgb(47, 47, 47); font-size: 16px; font-style: normal; font-weight: normal; white-space: normal\"> <strong> <img src=\"http://image103.360doc.com/DownloadImg/2017/02/1405/91399874_13\" style=\"border-style: none; margin-right: 0px; margin-left: 0px; max-width: 656px\"></strong></p> \r\n<p style=\"color: rgb(47, 47, 47); font-size: 16px; font-style: normal; font-weight: normal; white-space: normal\"> <br></p> \r\n<p style=\"color: rgb(47, 47, 47); font-size: 16px; font-style: normal; font-weight: normal; white-space: normal\"> <strong>13.</strong></p> \r\n<p style=\"color: rgb(47, 47, 47); font-size: 16px; font-style: normal; font-weight: normal; white-space: normal\"> <strong> <img src=\"http://image103.360doc.com/DownloadImg/2017/02/1405/91399874_14\" style=\"border-style: none; margin-right: 0px; margin-left: 0px; max-width: 656px\"></strong></p> \r\n<p style=\"color: rgb(47, 47, 47); font-size: 16px; font-style: normal; font-weight: normal; white-space: normal\"> <br></p> \r\n<p style=\"color: rgb(47, 47, 47); font-size: 16px; font-style: normal; font-weight: normal; white-space: normal\"> <strong>14.</strong></p> \r\n<p style=\"color: rgb(47, 47, 47); font-size: 16px; font-style: normal; font-weight: normal; white-space: normal\"> <strong> <img src=\"http://image103.360doc.com/DownloadImg/2017/02/1405/91399874_15\" style=\"border-style: none; margin-right: 0px; margin-left: 0px; max-width: 656px\"></strong></p> \r\n<p style=\"color: rgb(47, 47, 47); font-size: 16px; font-style: normal; font-weight: normal; white-space: normal\"> <br></p> \r\n<p style=\"color: rgb(47, 47, 47); font-size: 16px; font-style: normal; font-weight: normal; white-space: normal\"> <strong>15.</strong></p> \r\n<p style=\"color: rgb(47, 47, 47); font-size: 16px; font-style: normal; font-weight: normal; white-space: normal\"> <strong> <img src=\"http://image103.360doc.com/DownloadImg/2017/02/1405/91399874_16\" style=\"border-style: none; margin-right: 0px; margin-left: 0px; max-width: 656px\"></strong></p> \r\n<p style=\"color: rgb(47, 47, 47); font-size: 16px; font-style: normal; font-weight: normal; white-space: normal\"> <br></p> \r\n<p style=\"color: rgb(47, 47, 47); font-size: 16px; font-style: normal; font-weight: normal; white-space: normal\"> <strong>16.</strong></p> \r\n<p style=\"color: rgb(47, 47, 47); font-size: 16px; font-style: normal; font-weight: normal; white-space: normal\"> <strong> <img src=\"http://image103.360doc.com/DownloadImg/2017/02/1405/91399874_17\" style=\"border-style: none; margin-right: 0px; margin-left: 0px; max-width: 656px\"></strong></p> \r\n<p style=\"color: rgb(47, 47, 47); font-size: 16px; font-style: normal; font-weight: normal; white-space: normal\"> <br></p> \r\n<p style=\"color: rgb(47, 47, 47); font-size: 16px; font-style: normal; font-weight: normal; white-space: normal\"> <strong>17.</strong></p> \r\n<p style=\"color: rgb(47, 47, 47); font-size: 16px; font-style: normal; font-weight: normal; white-space: normal\"> <strong> <img src=\"http://image103.360doc.com/DownloadImg/2017/02/1405/91399874_18\" style=\"border-style: none; margin-right: 0px; margin-left: 0px; max-width: 656px\"></strong></p> \r\n<p style=\"color: rgb(47, 47, 47); font-size: 16px; font-style: normal; font-weight: normal; white-space: normal\"> <br></p> \r\n<p style=\"color: rgb(47, 47, 47); font-size: 16px; font-style: normal; font-weight: normal; white-space: normal\"> <strong>18.</strong></p> \r\n<p style=\"color: rgb(47, 47, 47); font-size: 16px; font-style: normal; font-weight: normal; white-space: normal\"> <strong> <img src=\"http://image103.360doc.com/DownloadImg/2017/02/1405/91399874_19\" style=\"border-style: none; margin-right: 0px; margin-left: 0px; max-width: 656px\"></strong></p> \r\n<p style=\"color: rgb(47, 47, 47); font-size: 16px; font-style: normal; font-weight: normal; white-space: normal\"> <strong>全找到了吗？</strong></p> \r\n<p> <br></p><span class=\"clearfix\"></span>', '1', '2017-02-18 11:50:37', '0', '0', '0', null, '0', '0');
INSERT INTO `resource` VALUES (null, '3482345', '日本票选十位“最强美少女” 00后已经开始崛起了！', '180', null, null, '<button id=\"btn-manga-mode\" class=\"btn primary\"> 进入漫画模式 </button><div id=\"noflash-alert\" style=\"display:none\" class=\"noflash-alert\">wenzhang</div><p style=\"margin-top: 10px; margin-bottom: 10px; border-style: none; font-weight: normal; font-style: normal; color: rgb(68, 68, 68); font-size: 16px; white-space: normal\">　日本网络上近日举行了一次“最强美少女”票选活动，大家投票踊跃。</p> \r\n<p style=\"margin-top: 10px; margin-bottom: 10px; border-style: none; font-weight: normal; font-style: normal; color: rgb(68, 68, 68); font-size: 16px; white-space: normal\">　　现在，最终结果出炉，以下就是排名前十的妹子们。</p> \r\n<p style=\"margin-top: 10px; margin-bottom: 10px; border-style: none; font-weight: normal; font-style: normal; color: rgb(68, 68, 68); font-size: 16px; white-space: normal\">　　这十名女生不仅外貌可人，而且还有一个非常明显的趋势，就是都是1996年之后生人，最小的一个甚至排进了2000年，00后已经开始崛起了。</p> \r\n<p style=\"margin-top: 10px; margin-bottom: 10px; border-style: none; font-weight: normal; font-style: normal; color: rgb(68, 68, 68); font-size: 16px; white-space: normal\">　　第十名：平祐奈/1998年11月12日</p> \r\n<p style=\"margin-top: 10px; margin-bottom: 10px; border-style: none; font-weight: normal; font-style: normal; color: rgb(68, 68, 68); font-size: 16px; white-space: normal; text-align: center\"> <a rel=\"nofollow\" style=\"color: rgb(68, 68, 68)\"><img alt=\"游侠网\" id=\"img0_1\" src=\"http://img2.ali213.net/picfile/News/2017/02/18/584_2017021895324916.jpg\" style=\"border-width: 0px; max-width: 650px\"></a></p> \r\n<p style=\"margin-top: 10px; margin-bottom: 10px; border-style: none; font-weight: normal; font-style: normal; color: rgb(68, 68, 68); font-size: 16px; white-space: normal\">　　第九名：武田玲奈/1997年7月27日</p> \r\n<p style=\"margin-top: 10px; margin-bottom: 10px; border-style: none; font-weight: normal; font-style: normal; color: rgb(68, 68, 68); font-size: 16px; white-space: normal; text-align: center\"> <a rel=\"nofollow\" style=\"color: rgb(68, 68, 68)\"><img alt=\"游侠网\" id=\"img1_1\" src=\"http://img2.ali213.net/picfile/News/2017/02/18/584_201702189532636.jpg\" style=\"border-width: 0px; max-width: 650px\"></a></p> \r\n<p style=\"margin-top: 10px; margin-bottom: 10px; border-style: none; font-weight: normal; font-style: normal; color: rgb(68, 68, 68); font-size: 16px; white-space: normal\">　　第八名：松井爱莉/1996年12月26日</p> \r\n<p style=\"margin-top: 10px; margin-bottom: 10px; border-style: none; font-weight: normal; font-style: normal; color: rgb(68, 68, 68); font-size: 16px; white-space: normal; text-align: center\"> <a rel=\"nofollow\" style=\"color: rgb(68, 68, 68)\"><img alt=\"游侠网\" id=\"img2_1\" src=\"http://img2.ali213.net/picfile/News/2017/02/18/584_2017021895327492.jpg\" style=\"border-width: 0px; max-width: 650px\"></a></p> \r\n<p style=\"margin-top: 10px; margin-bottom: 10px; border-style: none; font-weight: normal; font-style: normal; color: rgb(68, 68, 68); font-size: 16px; white-space: normal\">　　第七名：藤田Nicole/1998年2月20日</p> \r\n<p style=\"margin-top: 10px; margin-bottom: 10px; border-style: none; font-weight: normal; font-style: normal; color: rgb(68, 68, 68); font-size: 16px; white-space: normal; text-align: center\"> <a rel=\"nofollow\" style=\"color: rgb(68, 68, 68)\"><img alt=\"游侠网\" id=\"img3_1\" src=\"http://img2.ali213.net/picfile/News/2017/02/18/584_2017021895328418.jpg\" style=\"border-width: 0px; max-width: 650px\"></a></p> \r\n<p style=\"margin-top: 10px; margin-bottom: 10px; border-style: none; font-weight: normal; font-style: normal; color: rgb(68, 68, 68); font-size: 16px; white-space: normal\">　　第六名：樱井日奈子/1997年4月2日</p> \r\n<p style=\"margin-top: 10px; margin-bottom: 10px; border-style: none; font-weight: normal; font-style: normal; color: rgb(68, 68, 68); font-size: 16px; white-space: normal; text-align: center\"> <a rel=\"nofollow\" style=\"color: rgb(68, 68, 68)\"><img alt=\"游侠网\" id=\"img4_1\" src=\"http://img2.ali213.net/picfile/News/2017/02/18/584_2017021895329584.jpg\" style=\"border-width: 0px; max-width: 650px\"></a></p> \r\n<p style=\"margin-top: 10px; margin-bottom: 10px; border-style: none; font-weight: normal; font-style: normal; color: rgb(68, 68, 68); font-size: 16px; white-space: normal\">第五名：福原遥/1998年8月28日</p> \r\n<p style=\"margin-top: 10px; margin-bottom: 10px; border-style: none; font-weight: normal; font-style: normal; color: rgb(68, 68, 68); font-size: 16px; white-space: normal; text-align: center\"> <a rel=\"nofollow\" style=\"color: rgb(68, 68, 68)\"><img alt=\"游侠网\" id=\"img5_1\" src=\"http://img2.ali213.net/picfile/News/2017/02/18/584_201702189533088.jpg\" style=\"border-width: 0px; max-width: 650px\"></a></p> \r\n<p style=\"margin-top: 10px; margin-bottom: 10px; border-style: none; font-weight: normal; font-style: normal; color: rgb(68, 68, 68); font-size: 16px; white-space: normal\">　　第四名：冈田结实/2000年4月15日</p> \r\n<p style=\"margin-top: 10px; margin-bottom: 10px; border-style: none; font-weight: normal; font-style: normal; color: rgb(68, 68, 68); font-size: 16px; white-space: normal; text-align: center\"> <a rel=\"nofollow\" style=\"color: rgb(68, 68, 68)\"><img alt=\"游侠网\" id=\"img6_1\" src=\"http://img2.ali213.net/picfile/News/2017/02/18/584_2017021895331492.jpg\" style=\"border-width: 0px; max-width: 650px\"></a></p> \r\n<p style=\"margin-top: 10px; margin-bottom: 10px; border-style: none; font-weight: normal; font-style: normal; color: rgb(68, 68, 68); font-size: 16px; white-space: normal\">　　第三名：中条彩未/1997年2月4日</p> \r\n<p style=\"margin-top: 10px; margin-bottom: 10px; border-style: none; font-weight: normal; font-style: normal; color: rgb(68, 68, 68); font-size: 16px; white-space: normal; text-align: center\"> <a rel=\"nofollow\" style=\"color: rgb(68, 68, 68)\"><img alt=\"游侠网\" id=\"img7_1\" src=\"http://img2.ali213.net/picfile/News/2017/02/18/584_2017021895332121.jpg\" style=\"border-width: 0px; max-width: 650px\"></a></p> \r\n<p style=\"margin-top: 10px; margin-bottom: 10px; border-style: none; font-weight: normal; font-style: normal; color: rgb(68, 68, 68); font-size: 16px; white-space: normal\">　　第二名：桥本环奈/1999年2月3日</p> \r\n<p style=\"margin-top: 10px; margin-bottom: 10px; border-style: none; font-weight: normal; font-style: normal; color: rgb(68, 68, 68); font-size: 16px; white-space: normal; text-align: center\"> <a rel=\"nofollow\" style=\"color: rgb(68, 68, 68)\"><img alt=\"游侠网\" id=\"img8_1\" src=\"http://img2.ali213.net/picfile/News/2017/02/18/584_2017021895333559.jpg\" style=\"border-width: 0px; max-width: 650px\"></a></p> \r\n<p style=\"margin-top: 10px; margin-bottom: 10px; border-style: none; font-weight: normal; font-style: normal; color: rgb(68, 68, 68); font-size: 16px; white-space: normal\">　　第一名：广濑铃/1998年6月19日</p> \r\n<p style=\"margin-top: 10px; margin-bottom: 10px; border-style: none; font-weight: normal; font-style: normal; color: rgb(68, 68, 68); font-size: 16px; white-space: normal; text-align: center\"> <a rel=\"nofollow\" style=\"color: rgb(68, 68, 68)\"><img alt=\"游侠网\" id=\"img9_1\" src=\"http://img2.ali213.net/picfile/News/2017/02/18/584_201702189533451.jpg\" style=\"border-width: 0px; max-width: 650px\"></a></p> \r\n<p>&nbsp;编辑：铁柱哥&nbsp;</p><span class=\"clearfix\"></span>', '1', '2017-02-18 11:48:56', '0', '0', '0', null, '0', '0');
INSERT INTO `resource` VALUES (null, '3482354', '郑州人民公园的尬舞，比胡辣汤更有毒，没看过尬舞你就没来过郑州', '180', null, null, '<button id=\"btn-manga-mode\" class=\"btn primary\"> 进入漫画模式 </button><div id=\"noflash-alert\" style=\"display:none\" class=\"noflash-alert\">wenzhang</div><p style=\"margin-top: 0px; margin-bottom: 0px; color: rgb(34, 34, 34); font-family: PingFang SC, Hiragino Sans GB, Microsoft YaHei, WenQuanYi Micro Hei, Helvetica Neue, Arial, sans-serif; font-size: 16px; font-style: normal; white-space: normal\">如果你只是坐火车时路过，关于郑州你知道的肯定不多。</p> \r\n<p style=\"margin-top: 0px; margin-bottom: 0px; color: rgb(34, 34, 34); font-family: PingFang SC, Hiragino Sans GB, Microsoft YaHei, WenQuanYi Micro Hei, Helvetica Neue, Arial, sans-serif; font-size: 16px; font-style: normal; white-space: normal\">而那些因为某种原因来过郑州的人，只是吃了烩面、喝了胡辣汤、去了少林寺，却没有到人民公园看过尬舞，就以为自己掌握了郑州全部的秘密，那他们将在羞愧和悔恨中度过余生。</p> \r\n<p style=\"margin-top: 0px; margin-bottom: 0px; color: rgb(34, 34, 34); font-family: PingFang SC, Hiragino Sans GB, Microsoft YaHei, WenQuanYi Micro Hei, Helvetica Neue, Arial, sans-serif; font-size: 16px; font-style: normal; white-space: normal\"> <img src=\"http://p3.pstatp.com/large/16d000005fd3e7c7eea3\" style=\"max-width: 100%; display: block; margin-top: 10px; margin-bottom: 10px\"></p> \r\n<p style=\"margin-top: 0px; margin-bottom: 0px; color: rgb(34, 34, 34); font-family: PingFang SC, Hiragino Sans GB, Microsoft YaHei, WenQuanYi Micro Hei, Helvetica Neue, Arial, sans-serif; font-size: 16px; font-style: normal; white-space: normal\"> <img src=\"http://p3.pstatp.com/large/16c500069b937c66ccad\" style=\"max-width: 100%; display: block; margin-top: 10px; margin-bottom: 10px\"></p> \r\n<p style=\"margin-top: 0px; margin-bottom: 0px; color: rgb(34, 34, 34); font-family: PingFang SC, Hiragino Sans GB, Microsoft YaHei, WenQuanYi Micro Hei, Helvetica Neue, Arial, sans-serif; font-size: 16px; font-style: normal; white-space: normal\"> <img src=\"http://p3.pstatp.com/large/16c400045bee0ce58670\" style=\"max-width: 100%; display: block; margin-top: 10px; margin-bottom: 10px\"></p> \r\n<p style=\"margin-top: 0px; margin-bottom: 0px; color: rgb(34, 34, 34); font-family: PingFang SC, Hiragino Sans GB, Microsoft YaHei, WenQuanYi Micro Hei, Helvetica Neue, Arial, sans-serif; font-size: 16px; font-style: normal; white-space: normal\">小王子说：如果你说你在下午四点来，从三点钟开始，我就开始感觉很快乐，时间越临近，我就越来越感到快乐。到了四点钟的时候，我就会坐立不安，我发现了幸福的价值，但是如果你随便什么时候来，我就不知道在什么时候准备好迎接你的心情了。</p> \r\n<p style=\"margin-top: 0px; margin-bottom: 0px; color: rgb(34, 34, 34); font-family: PingFang SC, Hiragino Sans GB, Microsoft YaHei, WenQuanYi Micro Hei, Helvetica Neue, Arial, sans-serif; font-size: 16px; font-style: normal; white-space: normal\">二强从来不会辜负来看他跳尬舞的观众，每天下午三点准时出现在人民公园东边的空地上，而等待他的观众从1点就开始往人群中吃力前进，为了有一个更好的视野，他们付出的努力不比排队买春运火车的人少。</p> \r\n<p style=\"margin-top: 0px; margin-bottom: 0px; color: rgb(34, 34, 34); font-family: PingFang SC, Hiragino Sans GB, Microsoft YaHei, WenQuanYi Micro Hei, Helvetica Neue, Arial, sans-serif; font-size: 16px; font-style: normal; white-space: normal\"> <img src=\"http://p1.pstatp.com/large/16c500069b9119afe83b\" style=\"max-width: 100%; display: block; margin-top: 10px; margin-bottom: 10px\"></p> \r\n<p style=\"margin-top: 0px; margin-bottom: 0px; color: rgb(34, 34, 34); font-family: PingFang SC, Hiragino Sans GB, Microsoft YaHei, WenQuanYi Micro Hei, Helvetica Neue, Arial, sans-serif; font-size: 16px; font-style: normal; white-space: normal\">没有刻意编排的动作，没有精心选择的配乐，音乐一开始，二强就进入了自己的世界。</p> \r\n<p style=\"margin-top: 0px; margin-bottom: 0px; color: rgb(34, 34, 34); font-family: PingFang SC, Hiragino Sans GB, Microsoft YaHei, WenQuanYi Micro Hei, Helvetica Neue, Arial, sans-serif; font-size: 16px; font-style: normal; white-space: normal\">在他的世界里，他是王者。</p> \r\n<p style=\"margin-top: 0px; margin-bottom: 0px; color: rgb(34, 34, 34); font-family: PingFang SC, Hiragino Sans GB, Microsoft YaHei, WenQuanYi Micro Hei, Helvetica Neue, Arial, sans-serif; font-size: 16px; font-style: normal; white-space: normal\"> <img src=\"http://p1.pstatp.com/large/16d000005fd4dd0104ba\" style=\"max-width: 100%; display: block; margin-top: 10px; margin-bottom: 10px\"></p> \r\n<p style=\"margin-top: 0px; margin-bottom: 0px; color: rgb(34, 34, 34); font-family: PingFang SC, Hiragino Sans GB, Microsoft YaHei, WenQuanYi Micro Hei, Helvetica Neue, Arial, sans-serif; font-size: 16px; font-style: normal; white-space: normal\">“只要有时间，我每天都会来看。实在没时间就在手机上看，他们在网上有几十万的粉丝。”</p> \r\n<p style=\"margin-top: 0px; margin-bottom: 0px; color: rgb(34, 34, 34); font-family: PingFang SC, Hiragino Sans GB, Microsoft YaHei, WenQuanYi Micro Hei, Helvetica Neue, Arial, sans-serif; font-size: 16px; font-style: normal; white-space: normal\"> <img src=\"http://p3.pstatp.com/large/16c500069b902de9e379\" style=\"max-width: 100%; display: block; margin-top: 10px; margin-bottom: 10px\"></p> \r\n<p style=\"margin-top: 0px; margin-bottom: 0px; color: rgb(34, 34, 34); font-family: PingFang SC, Hiragino Sans GB, Microsoft YaHei, WenQuanYi Micro Hei, Helvetica Neue, Arial, sans-serif; font-size: 16px; font-style: normal; white-space: normal\"> <img src=\"http://p1.pstatp.com/large/16c500069b9452becdf0\" style=\"max-width: 100%; display: block; margin-top: 10px; margin-bottom: 10px\"></p> \r\n<p style=\"margin-top: 0px; margin-bottom: 0px; color: rgb(34, 34, 34); font-family: PingFang SC, Hiragino Sans GB, Microsoft YaHei, WenQuanYi Micro Hei, Helvetica Neue, Arial, sans-serif; font-size: 16px; font-style: normal; white-space: normal\">江苏来的朋友薛哥刚过了年就来郑州找我。我带他吃了烩面、饸烙面、黄河大鲤鱼，去了二七塔、少林寺，快走时他欲言又止，含糊中透露出想去那个地方玩玩的意思，我责怪自己的疏忽，马上带他到一家朋友推荐的洗浴中心。站在门口薛哥却皱起了眉头，说：“这里面也有尬舞？”</p> \r\n<p style=\"margin-top: 0px; margin-bottom: 0px; color: rgb(34, 34, 34); font-family: PingFang SC, Hiragino Sans GB, Microsoft YaHei, WenQuanYi Micro Hei, Helvetica Neue, Arial, sans-serif; font-size: 16px; font-style: normal; white-space: normal\">我才意识到，他开车十几个小时是想去人民公园看尬舞。我对自己龌龊的思想感到羞愧。</p> \r\n<p style=\"margin-top: 0px; margin-bottom: 0px; color: rgb(34, 34, 34); font-family: PingFang SC, Hiragino Sans GB, Microsoft YaHei, WenQuanYi Micro Hei, Helvetica Neue, Arial, sans-serif; font-size: 16px; font-style: normal; white-space: normal\"> <img src=\"http://p3.pstatp.com/large/16c3000447def4f6bd2d\" style=\"max-width: 100%; display: block; margin-top: 10px; margin-bottom: 10px\"></p> \r\n<p style=\"margin-top: 0px; margin-bottom: 0px; color: rgb(34, 34, 34); font-family: PingFang SC, Hiragino Sans GB, Microsoft YaHei, WenQuanYi Micro Hei, Helvetica Neue, Arial, sans-serif; font-size: 16px; font-style: normal; white-space: normal\"> <img src=\"http://p2.pstatp.com/large/16c500069b96e59e96fd\" style=\"max-width: 100%; display: block; margin-top: 10px; margin-bottom: 10px\"></p> \r\n<p style=\"margin-top: 0px; margin-bottom: 0px; color: rgb(34, 34, 34); font-family: PingFang SC, Hiragino Sans GB, Microsoft YaHei, WenQuanYi Micro Hei, Helvetica Neue, Arial, sans-serif; font-size: 16px; font-style: normal; white-space: normal\"> <img src=\"http://p2.pstatp.com/large/16c3000447df0e50a444\" style=\"max-width: 100%; display: block; margin-top: 10px; margin-bottom: 10px\"></p> \r\n<p style=\"margin-top: 0px; margin-bottom: 0px; color: rgb(34, 34, 34); font-family: PingFang SC, Hiragino Sans GB, Microsoft YaHei, WenQuanYi Micro Hei, Helvetica Neue, Arial, sans-serif; font-size: 16px; font-style: normal; white-space: normal\">“我们周六一起去看尬舞吧”成了郑州青年男女邀约时百试不爽的理由，对方不会怀疑你的动机，因为看尬舞的吸引是其他的任何活动都比拟不了的。尬舞，让人民公园恢复到了上世纪8、90年代时的辉煌。</p> \r\n<p style=\"margin-top: 0px; margin-bottom: 0px; color: rgb(34, 34, 34); font-family: PingFang SC, Hiragino Sans GB, Microsoft YaHei, WenQuanYi Micro Hei, Helvetica Neue, Arial, sans-serif; font-size: 16px; font-style: normal; white-space: normal\"> <img src=\"http://p3.pstatp.com/large/16c20000c909a0b78ab5\" style=\"max-width: 100%; display: block; margin-top: 10px; margin-bottom: 10px\"></p> \r\n<p style=\"margin-top: 0px; margin-bottom: 0px; color: rgb(34, 34, 34); font-family: PingFang SC, Hiragino Sans GB, Microsoft YaHei, WenQuanYi Micro Hei, Helvetica Neue, Arial, sans-serif; font-size: 16px; font-style: normal; white-space: normal\">1982年郑州市在人民公园第一次办时装表演，后面这哥们亮了</p> \r\n<p style=\"margin-top: 0px; margin-bottom: 0px; color: rgb(34, 34, 34); font-family: PingFang SC, Hiragino Sans GB, Microsoft YaHei, WenQuanYi Micro Hei, Helvetica Neue, Arial, sans-serif; font-size: 16px; font-style: normal; white-space: normal\"> <img src=\"http://p3.pstatp.com/large/16c400045bed36763fa9\" style=\"max-width: 100%; display: block; margin-top: 10px; margin-bottom: 10px\"></p> \r\n<p style=\"margin-top: 0px; margin-bottom: 0px; color: rgb(34, 34, 34); font-family: PingFang SC, Hiragino Sans GB, Microsoft YaHei, WenQuanYi Micro Hei, Helvetica Neue, Arial, sans-serif; font-size: 16px; font-style: normal; white-space: normal\">郑州人民公园小吃一条街（1985年）</p> \r\n<p style=\"margin-top: 0px; margin-bottom: 0px; color: rgb(34, 34, 34); font-family: PingFang SC, Hiragino Sans GB, Microsoft YaHei, WenQuanYi Micro Hei, Helvetica Neue, Arial, sans-serif; font-size: 16px; font-style: normal; white-space: normal\">周末的时候人们不再开车去外地游玩，纷纷涌进二七路。</p> \r\n<p style=\"margin-top: 0px; margin-bottom: 0px; color: rgb(34, 34, 34); font-family: PingFang SC, Hiragino Sans GB, Microsoft YaHei, WenQuanYi Micro Hei, Helvetica Neue, Arial, sans-serif; font-size: 16px; font-style: normal; white-space: normal\"> <img src=\"http://p3.pstatp.com/large/16ca0002f0890687f0bc\" style=\"max-width: 100%; display: block; margin-top: 10px; margin-bottom: 10px\"></p> \r\n<p style=\"margin-top: 0px; margin-bottom: 0px; color: rgb(34, 34, 34); font-family: PingFang SC, Hiragino Sans GB, Microsoft YaHei, WenQuanYi Micro Hei, Helvetica Neue, Arial, sans-serif; font-size: 16px; font-style: normal; white-space: normal\">对于尬舞，没有明确的标准，但那些舞者都知道，只要无法跳出刚刚才跳过的动作，那就是尬舞。</p> \r\n<p style=\"margin-top: 0px; margin-bottom: 0px; color: rgb(34, 34, 34); font-family: PingFang SC, Hiragino Sans GB, Microsoft YaHei, WenQuanYi Micro Hei, Helvetica Neue, Arial, sans-serif; font-size: 16px; font-style: normal; white-space: normal\">一切物品都可以作为跳舞时的道具，不管是玫瑰花还是化肥袋，在他们手中，都是灵魂的推手，命运的权杖。</p> \r\n<p style=\"margin-top: 0px; margin-bottom: 0px; color: rgb(34, 34, 34); font-family: PingFang SC, Hiragino Sans GB, Microsoft YaHei, WenQuanYi Micro Hei, Helvetica Neue, Arial, sans-serif; font-size: 16px; font-style: normal; white-space: normal\"> <img src=\"http://p9.pstatp.com/large/16c900060e739896b9fd\" style=\"max-width: 100%; display: block; margin-top: 10px; margin-bottom: 10px\"></p> \r\n<p style=\"margin-top: 0px; margin-bottom: 0px; color: rgb(34, 34, 34); font-family: PingFang SC, Hiragino Sans GB, Microsoft YaHei, WenQuanYi Micro Hei, Helvetica Neue, Arial, sans-serif; font-size: 16px; font-style: normal; white-space: normal\"> <img src=\"http://p1.pstatp.com/large/16c20000c90c76d28fa4\" style=\"max-width: 100%; display: block; margin-top: 10px; margin-bottom: 10px\"></p> \r\n<p style=\"margin-top: 0px; margin-bottom: 0px; color: rgb(34, 34, 34); font-family: PingFang SC, Hiragino Sans GB, Microsoft YaHei, WenQuanYi Micro Hei, Helvetica Neue, Arial, sans-serif; font-size: 16px; font-style: normal; white-space: normal\"> <img src=\"http://p1.pstatp.com/large/16c20000c90bf25aea4c\" style=\"max-width: 100%; display: block; margin-top: 10px; margin-bottom: 10px\"></p> \r\n<p style=\"margin-top: 0px; margin-bottom: 0px; color: rgb(34, 34, 34); font-family: PingFang SC, Hiragino Sans GB, Microsoft YaHei, WenQuanYi Micro Hei, Helvetica Neue, Arial, sans-serif; font-size: 16px; font-style: normal; white-space: normal\">没有人可以重复别人的舞蹈，因为连他自己也不能。每一次都是重新创作，每一个动作都不受条条框框的束缚，谁说他们不是舞蹈的革命家？</p> \r\n<p style=\"margin-top: 0px; margin-bottom: 0px; color: rgb(34, 34, 34); font-family: PingFang SC, Hiragino Sans GB, Microsoft YaHei, WenQuanYi Micro Hei, Helvetica Neue, Arial, sans-serif; font-size: 16px; font-style: normal; white-space: normal\">“谁规定跳舞就必须是芭蕾、国标、华尔兹那种？再说，我跳的一定是舞吗？我不知道。”</p> \r\n<p style=\"margin-top: 0px; margin-bottom: 0px; color: rgb(34, 34, 34); font-family: PingFang SC, Hiragino Sans GB, Microsoft YaHei, WenQuanYi Micro Hei, Helvetica Neue, Arial, sans-serif; font-size: 16px; font-style: normal; white-space: normal\"> <img src=\"http://p3.pstatp.com/large/16c3000447e0ddb9ddcc\" style=\"max-width: 100%; display: block; margin-top: 10px; margin-bottom: 10px\"></p> \r\n<p style=\"margin-top: 0px; margin-bottom: 0px; color: rgb(34, 34, 34); font-family: PingFang SC, Hiragino Sans GB, Microsoft YaHei, WenQuanYi Micro Hei, Helvetica Neue, Arial, sans-serif; font-size: 16px; font-style: normal; white-space: normal\"> <img src=\"http://p3.pstatp.com/large/16c20000c90d7b03c010\" style=\"max-width: 100%; display: block; margin-top: 10px; margin-bottom: 10px\"></p> \r\n<p style=\"margin-top: 0px; margin-bottom: 0px; color: rgb(34, 34, 34); font-family: PingFang SC, Hiragino Sans GB, Microsoft YaHei, WenQuanYi Micro Hei, Helvetica Neue, Arial, sans-serif; font-size: 16px; font-style: normal; white-space: normal\"> <img src=\"http://p3.pstatp.com/large/16c900060e7549953177\" style=\"max-width: 100%; display: block; margin-top: 10px; margin-bottom: 10px\"></p> \r\n<p style=\"margin-top: 0px; margin-bottom: 0px; color: rgb(34, 34, 34); font-family: PingFang SC, Hiragino Sans GB, Microsoft YaHei, WenQuanYi Micro Hei, Helvetica Neue, Arial, sans-serif; font-size: 16px; font-style: normal; white-space: normal\">捶你胸口</p> \r\n<p style=\"margin-top: 0px; margin-bottom: 0px; color: rgb(34, 34, 34); font-family: PingFang SC, Hiragino Sans GB, Microsoft YaHei, WenQuanYi Micro Hei, Helvetica Neue, Arial, sans-serif; font-size: 16px; font-style: normal; white-space: normal\">如果谁某次的舞步偏向了街舞或者其他任何一种舞，他都会受到其他跳尬舞者的鄙视，而且人民群众也不答应，他们第一次会善意的提醒，第二次就会离他而去。</p> \r\n<p style=\"margin-top: 0px; margin-bottom: 0px; color: rgb(34, 34, 34); font-family: PingFang SC, Hiragino Sans GB, Microsoft YaHei, WenQuanYi Micro Hei, Helvetica Neue, Arial, sans-serif; font-size: 16px; font-style: normal; white-space: normal\"> <img src=\"http://p3.pstatp.com/large/16c900060e7786ae5584\" style=\"max-width: 100%; display: block; margin-top: 10px; margin-bottom: 10px\"></p> \r\n<p style=\"margin-top: 0px; margin-bottom: 0px; color: rgb(34, 34, 34); font-family: PingFang SC, Hiragino Sans GB, Microsoft YaHei, WenQuanYi Micro Hei, Helvetica Neue, Arial, sans-serif; font-size: 16px; font-style: normal; white-space: normal\">尬舞，是他们对抗这个世界的武器。</p> \r\n<p style=\"margin-top: 0px; margin-bottom: 0px; color: rgb(34, 34, 34); font-family: PingFang SC, Hiragino Sans GB, Microsoft YaHei, WenQuanYi Micro Hei, Helvetica Neue, Arial, sans-serif; font-size: 16px; font-style: normal; white-space: normal\">但他们不对抗任何人，不管什么身份什么取向，不管你有什么癖好，他们都不会排斥你，你需要做的就是伸出你的手。</p> \r\n<p style=\"margin-top: 0px; margin-bottom: 0px; color: rgb(34, 34, 34); font-family: PingFang SC, Hiragino Sans GB, Microsoft YaHei, WenQuanYi Micro Hei, Helvetica Neue, Arial, sans-serif; font-size: 16px; font-style: normal; white-space: normal\"> <img src=\"http://p1.pstatp.com/large/16c3000447e3ce4efd22\" style=\"max-width: 100%; display: block; margin-top: 10px; margin-bottom: 10px\"></p> \r\n<p style=\"margin-top: 0px; margin-bottom: 0px; color: rgb(34, 34, 34); font-family: PingFang SC, Hiragino Sans GB, Microsoft YaHei, WenQuanYi Micro Hei, Helvetica Neue, Arial, sans-serif; font-size: 16px; font-style: normal; white-space: normal\"> <img src=\"http://p3.pstatp.com/large/16c500069b9f21c186d3\" style=\"max-width: 100%; display: block; margin-top: 10px; margin-bottom: 10px\"></p> \r\n<p style=\"margin-top: 0px; margin-bottom: 0px; color: rgb(34, 34, 34); font-family: PingFang SC, Hiragino Sans GB, Microsoft YaHei, WenQuanYi Micro Hei, Helvetica Neue, Arial, sans-serif; font-size: 16px; font-style: normal; white-space: normal\"> <img src=\"http://p3.pstatp.com/large/16c20000c90f312f980e\" style=\"max-width: 100%; display: block; margin-top: 10px; margin-bottom: 10px\"></p> \r\n<p style=\"margin-top: 0px; margin-bottom: 0px; color: rgb(34, 34, 34); font-family: PingFang SC, Hiragino Sans GB, Microsoft YaHei, WenQuanYi Micro Hei, Helvetica Neue, Arial, sans-serif; font-size: 16px; font-style: normal; white-space: normal\">要我的小心心吗？</p> \r\n<p style=\"margin-top: 0px; margin-bottom: 0px; color: rgb(34, 34, 34); font-family: PingFang SC, Hiragino Sans GB, Microsoft YaHei, WenQuanYi Micro Hei, Helvetica Neue, Arial, sans-serif; font-size: 16px; font-style: normal; white-space: normal\">一开始人们都在旁边看，身体不自觉的跟着扭动却不好意思加入。</p> \r\n<p style=\"margin-top: 0px; margin-bottom: 0px; color: rgb(34, 34, 34); font-family: PingFang SC, Hiragino Sans GB, Microsoft YaHei, WenQuanYi Micro Hei, Helvetica Neue, Arial, sans-serif; font-size: 16px; font-style: normal; white-space: normal\">传说有一天一位舞者对着想加入又害羞的人群说了一句话，后来就有越来越多的人开始一起跳。</p> \r\n<p style=\"margin-top: 0px; margin-bottom: 0px; color: rgb(34, 34, 34); font-family: PingFang SC, Hiragino Sans GB, Microsoft YaHei, WenQuanYi Micro Hei, Helvetica Neue, Arial, sans-serif; font-size: 16px; font-style: normal; white-space: normal\"> <img src=\"http://p3.pstatp.com/large/16c500069ba624619ced\" style=\"max-width: 100%; display: block; margin-top: 10px; margin-bottom: 10px\"></p> \r\n<p style=\"margin-top: 0px; margin-bottom: 0px; color: rgb(34, 34, 34); font-family: PingFang SC, Hiragino Sans GB, Microsoft YaHei, WenQuanYi Micro Hei, Helvetica Neue, Arial, sans-serif; font-size: 16px; font-style: normal; white-space: normal\">他说：尼采曾经说过，自由的保证是什么?是对自己不再感到羞耻。如果你连自己怎样跳舞都无法选择，你就无法成为一个真正自由的人。</p> \r\n<p> <br></p><span class=\"clearfix\"></span>', '1', '2017-02-18 11:47:39', '0', '0', '0', null, '0', '0');
INSERT INTO `resource` VALUES (null, '3482382', '3名女大学生欲环行河南返校 骑行1240公里\r\n3名女大学生欲环行河南返校 骑行1240公里\r\n3名女大学生欲环行河南返校 骑行1240公里', '180', null, null, '<div id=\"noflash-alert\" style=\"display:none\" class=\"noflash-alert\">wenzhang</div><p align=\"center\" style=\"margin-top: 0px; margin-bottom: 28px; font-family: &quot;Microsoft Yahei&quot;, Helvetica, sans-serif; font-size: 16px; font-style: normal; font-weight: normal; white-space: normal\"> <img src=\"http://inews.gtimg.com/newsapp_bt/0/1154342728/641\" style=\"vertical-align: middle; max-width: 640px; display: block\"></p> \r\n<p align=\"center\" class=\"text image_desc\" style=\"margin-top: 0px; margin-bottom: 28px; font-family: &quot;Microsoft Yahei&quot;, Helvetica, sans-serif; font-size: 16px; font-style: normal; font-weight: normal; white-space: normal\">骑行路线图</p> \r\n<p style=\"margin-top: 0px; margin-bottom: 28px; font-family: &quot;Microsoft Yahei&quot;, Helvetica, sans-serif; font-size: 16px; font-style: normal; font-weight: normal; white-space: normal\"></p> \r\n<p class=\"text\" style=\"margin-top: 0px; margin-bottom: 28px; font-family: &quot;Microsoft Yahei&quot;, Helvetica, sans-serif; font-size: 16px; font-style: normal; font-weight: normal; white-space: normal; text-indent: 2em\">近日， “眼遇”客户端上的一条帖子火了：河南的三名大学生要骑行一千多公里，环绕河南省一周返校。这三位河南大学生新年的“小目标”可真不小啊！</p> \r\n<p class=\"text\" style=\"margin-top: 0px; margin-bottom: 28px; font-family: &quot;Microsoft Yahei&quot;, Helvetica, sans-serif; font-size: 16px; font-style: normal; font-weight: normal; white-space: normal; text-indent: 2em\">2月17日、18日，大河网记者联系到了此次骑行的大学生。正在征途中的学生介绍，此前规划的路线全程是1316公里，现在修改后大概有1240公里。从出发到抵达目的地，历时10天。</p> \r\n<p class=\"text\" style=\"margin-top: 0px; margin-bottom: 28px; font-family: &quot;Microsoft Yahei&quot;, Helvetica, sans-serif; font-size: 16px; font-style: normal; font-weight: normal; white-space: normal; text-indent: 2em\"></p> \r\n<p align=\"center\" style=\"margin-top: 0px; margin-bottom: 28px; font-family: &quot;Microsoft Yahei&quot;, Helvetica, sans-serif; font-size: 16px; font-style: normal; font-weight: normal; white-space: normal\"> <img src=\"http://inews.gtimg.com/newsapp_bt/0/1154358102/641\" style=\"vertical-align: middle; max-width: 640px; display: block\"></p> \r\n<p style=\"margin-top: 0px; margin-bottom: 28px; font-family: &quot;Microsoft Yahei&quot;, Helvetica, sans-serif; font-size: 16px; font-style: normal; font-weight: normal; white-space: normal\"></p> \r\n<p class=\"text\" style=\"margin-top: 0px; margin-bottom: 28px; font-family: &quot;Microsoft Yahei&quot;, Helvetica, sans-serif; font-size: 16px; font-style: normal; font-weight: normal; white-space: normal; text-indent: 2em\"></p> \r\n<p class=\"text\" style=\"margin-top: 0px; margin-bottom: 28px; font-family: &quot;Microsoft Yahei&quot;, Helvetica, sans-serif; font-size: 16px; font-style: normal; font-weight: normal; white-space: normal; text-indent: 2em\"> <strong>【关注】</strong></p> \r\n<p style=\"margin-top: 0px; margin-bottom: 28px; font-family: &quot;Microsoft Yahei&quot;, Helvetica, sans-serif; font-size: 16px; font-style: normal; font-weight: normal; white-space: normal\"></p> \r\n<p> <strong style=\"font-family: &quot;Microsoft Yahei&quot;, Helvetica, sans-serif; font-size: 16px; font-style: normal; white-space: normal\">大学生骑行千余公里返校频获赞</strong></p> \r\n<p style=\"margin-top: 0px; margin-bottom: 28px; font-family: &quot;Microsoft Yahei&quot;, Helvetica, sans-serif; font-size: 16px; font-style: normal; font-weight: normal; white-space: normal\"></p> \r\n<p class=\"text\" style=\"margin-top: 0px; margin-bottom: 28px; font-family: &quot;Microsoft Yahei&quot;, Helvetica, sans-serif; font-size: 16px; font-style: normal; font-weight: normal; white-space: normal; text-indent: 2em\">近日，河南最受欢迎的、集吃喝玩乐于一体的社交平台——大河网“眼遇”客户端里的一个帖子火了，网友议论纷纷，频频点赞。这究竟一个什么样的帖子，竟然闹出了如此大的动静，吸引了众人的目光？</p> \r\n<p class=\"text\" style=\"margin-top: 0px; margin-bottom: 28px; font-family: &quot;Microsoft Yahei&quot;, Helvetica, sans-serif; font-size: 16px; font-style: normal; font-weight: normal; white-space: normal; text-indent: 2em\">大河网记者了解到，这个标题为“女汉子！郑州女大学生骑行1300多公里返校”帖子，发表于三天前。帖子中这样写道：距河南农业大学正式开学还有很长时间，不过，该校三名同学已经出发了。她们决定从家里出发，结伴骑自行车环绕河南省一周，最后到达学校所在地郑州。总行程约有1300公里。骑行成员中还包括两名女生，真女汉子！</p> \r\n<p class=\"text\" style=\"margin-top: 0px; margin-bottom: 28px; font-family: &quot;Microsoft Yahei&quot;, Helvetica, sans-serif; font-size: 16px; font-style: normal; font-weight: normal; white-space: normal; text-indent: 2em\">这个帖子中，还有很多图片，记录着他们骑行的风采和印记。</p> \r\n<p class=\"text\" style=\"margin-top: 0px; margin-bottom: 28px; font-family: &quot;Microsoft Yahei&quot;, Helvetica, sans-serif; font-size: 16px; font-style: normal; font-weight: normal; white-space: normal; text-indent: 2em\"></p> \r\n<p class=\"text\" style=\"margin-top: 0px; margin-bottom: 28px; font-family: &quot;Microsoft Yahei&quot;, Helvetica, sans-serif; font-size: 16px; font-style: normal; font-weight: normal; white-space: normal; text-indent: 2em\"> <strong>【连线】</strong></p> \r\n<p style=\"margin-top: 0px; margin-bottom: 28px; font-family: &quot;Microsoft Yahei&quot;, Helvetica, sans-serif; font-size: 16px; font-style: normal; font-weight: normal; white-space: normal\"></p> \r\n<p> <strong style=\"font-family: &quot;Microsoft Yahei&quot;, Helvetica, sans-serif; font-size: 16px; font-style: normal; white-space: normal\">正月十三，踏上征程</strong></p> \r\n<p style=\"margin-top: 0px; margin-bottom: 28px; font-family: &quot;Microsoft Yahei&quot;, Helvetica, sans-serif; font-size: 16px; font-style: normal; font-weight: normal; white-space: normal\"></p> \r\n<p class=\"text\" style=\"margin-top: 0px; margin-bottom: 28px; font-family: &quot;Microsoft Yahei&quot;, Helvetica, sans-serif; font-size: 16px; font-style: normal; font-weight: normal; white-space: normal; text-indent: 2em\">2月17日中午，记者联系到了河南农业大学的一位老师，该老师称三位学生确实是本校的学生，2名来自牧医工程学院，1名来自文法学院。这3名学生，一个大三，两个大二，均为“90后”。</p> \r\n<p class=\"text\" style=\"margin-top: 0px; margin-bottom: 28px; font-family: &quot;Microsoft Yahei&quot;, Helvetica, sans-serif; font-size: 16px; font-style: normal; font-weight: normal; white-space: normal; text-indent: 2em\">“一名是男生，两名是女生，三个学生还都是河南农业大学自行车协会的成员”老师介绍道。</p> \r\n<p class=\"text\" style=\"margin-top: 0px; margin-bottom: 28px; font-family: &quot;Microsoft Yahei&quot;, Helvetica, sans-serif; font-size: 16px; font-style: normal; font-weight: normal; white-space: normal; text-indent: 2em\">关于此次骑行活动，这位老师透露，他们正月十三（2月10日）从周口出发，至于骑行路线图，她并不是很清楚。</p> \r\n<p class=\"text\" style=\"margin-top: 0px; margin-bottom: 28px; font-family: &quot;Microsoft Yahei&quot;, Helvetica, sans-serif; font-size: 16px; font-style: normal; font-weight: normal; white-space: normal; text-indent: 2em\"></p> \r\n<p class=\"text\" style=\"margin-top: 0px; margin-bottom: 28px; font-family: &quot;Microsoft Yahei&quot;, Helvetica, sans-serif; font-size: 16px; font-style: normal; font-weight: normal; white-space: normal; text-indent: 2em\"> <strong>河南这么大，我想去转转</strong></p> \r\n<p style=\"margin-top: 0px; margin-bottom: 28px; font-family: &quot;Microsoft Yahei&quot;, Helvetica, sans-serif; font-size: 16px; font-style: normal; font-weight: normal; white-space: normal\"></p> \r\n<p class=\"text\" style=\"margin-top: 0px; margin-bottom: 28px; font-family: &quot;Microsoft Yahei&quot;, Helvetica, sans-serif; font-size: 16px; font-style: normal; font-weight: normal; white-space: normal; text-indent: 2em\">当天下午，记者与骑行活动的一位学生取得了联系。</p> \r\n<p class=\"text\" style=\"margin-top: 0px; margin-bottom: 28px; font-family: &quot;Microsoft Yahei&quot;, Helvetica, sans-serif; font-size: 16px; font-style: normal; font-weight: normal; white-space: normal; text-indent: 2em\">“就是骑一骑转一转啊，自己骑车这么久了，自己还是河南的，还没转过河南，这样想着就出发了。”谈及此次骑行的目的，这位学生总结道：河南这么大，我想去转转。</p> \r\n<p class=\"text\" style=\"margin-top: 0px; margin-bottom: 28px; font-family: &quot;Microsoft Yahei&quot;, Helvetica, sans-serif; font-size: 16px; font-style: normal; font-weight: normal; white-space: normal; text-indent: 2em\">这位学生介绍，他们三个人来自不同的地方，一个来自郑州，一个来自周口市区，一个来自郸城。</p> \r\n<p class=\"text\" style=\"margin-top: 0px; margin-bottom: 28px; font-family: &quot;Microsoft Yahei&quot;, Helvetica, sans-serif; font-size: 16px; font-style: normal; font-weight: normal; white-space: normal; text-indent: 2em\">由此看来，此前的帖子“女汉子！郑州女大学生骑行1300多公里返校”表述的并不完全准确，除了郑州的学生，还有周口的学生。</p> \r\n<p class=\"text\" style=\"margin-top: 0px; margin-bottom: 28px; font-family: &quot;Microsoft Yahei&quot;, Helvetica, sans-serif; font-size: 16px; font-style: normal; font-weight: normal; white-space: normal; text-indent: 2em\"></p> \r\n<p class=\"text\" style=\"margin-top: 0px; margin-bottom: 28px; font-family: &quot;Microsoft Yahei&quot;, Helvetica, sans-serif; font-size: 16px; font-style: normal; font-weight: normal; white-space: normal; text-indent: 2em\"> <strong>预计2月19日抵达目的地</strong></p> \r\n<p style=\"margin-top: 0px; margin-bottom: 28px; font-family: &quot;Microsoft Yahei&quot;, Helvetica, sans-serif; font-size: 16px; font-style: normal; font-weight: normal; white-space: normal\"></p> \r\n<p class=\"text\" style=\"margin-top: 0px; margin-bottom: 28px; font-family: &quot;Microsoft Yahei&quot;, Helvetica, sans-serif; font-size: 16px; font-style: normal; font-weight: normal; white-space: normal; text-indent: 2em\">“我们在项城会合，然后开始骑行。最东到达信阳潢川，最西南到达南阳西峡，最北到达焦作温县，最南到达信阳市区。”这名学生透露了此前规划的路线图。</p> \r\n<p class=\"text\" style=\"margin-top: 0px; margin-bottom: 28px; font-family: &quot;Microsoft Yahei&quot;, Helvetica, sans-serif; font-size: 16px; font-style: normal; font-weight: normal; white-space: normal; text-indent: 2em\">通过这个路线图可以看出，此行环绕大半个河南。</p> \r\n<p class=\"text\" style=\"margin-top: 0px; margin-bottom: 28px; font-family: &quot;Microsoft Yahei&quot;, Helvetica, sans-serif; font-size: 16px; font-style: normal; font-weight: normal; white-space: normal; text-indent: 2em\">“因为时间和路程的问题，汝阳之后的路线正在商量，可能有所变动。”学生补充说道。</p> \r\n<p class=\"text\" style=\"margin-top: 0px; margin-bottom: 28px; font-family: &quot;Microsoft Yahei&quot;, Helvetica, sans-serif; font-size: 16px; font-style: normal; font-weight: normal; white-space: normal; text-indent: 2em\">据了解，他们预计2月19日完成此次骑行计划，抵达位于郑州的河南农业大学。也就是说，从2月10日出发，到完成骑行，历时10天。</p> \r\n<p class=\"text\" style=\"margin-top: 0px; margin-bottom: 28px; font-family: &quot;Microsoft Yahei&quot;, Helvetica, sans-serif; font-size: 16px; font-style: normal; font-weight: normal; white-space: normal; text-indent: 2em\"></p> \r\n<p class=\"text\" style=\"margin-top: 0px; margin-bottom: 28px; font-family: &quot;Microsoft Yahei&quot;, Helvetica, sans-serif; font-size: 16px; font-style: normal; font-weight: normal; white-space: normal; text-indent: 2em\"> <strong>【数字】</strong></p> \r\n<p style=\"margin-top: 0px; margin-bottom: 28px; font-family: &quot;Microsoft Yahei&quot;, Helvetica, sans-serif; font-size: 16px; font-style: normal; font-weight: normal; white-space: normal\"></p> \r\n<p class=\"text\" style=\"margin-top: 0px; margin-bottom: 28px; font-family: &quot;Microsoft Yahei&quot;, Helvetica, sans-serif; font-size: 16px; font-style: normal; font-weight: normal; white-space: normal; text-indent: 2em\"></p> \r\n<p class=\"text\" style=\"margin-top: 0px; margin-bottom: 28px; font-family: &quot;Microsoft Yahei&quot;, Helvetica, sans-serif; font-size: 16px; font-style: normal; font-weight: normal; white-space: normal; text-indent: 2em\"> <strong>路线调整，骑行距离1240公里</strong></p> \r\n<p style=\"margin-top: 0px; margin-bottom: 28px; font-family: &quot;Microsoft Yahei&quot;, Helvetica, sans-serif; font-size: 16px; font-style: normal; font-weight: normal; white-space: normal\"></p> \r\n<p class=\"text\" style=\"margin-top: 0px; margin-bottom: 28px; font-family: &quot;Microsoft Yahei&quot;, Helvetica, sans-serif; font-size: 16px; font-style: normal; font-weight: normal; white-space: normal; text-indent: 2em\">此次骑行的距离到底是多少呢？2月18日早上7时许，记者又联系到了正在骑行的学生。该学生提供了此前绘制的路线图，并告诉记者，此前规划的路线全程是1316公里，现在修改后，大概有1240公里。</p> \r\n<p class=\"text\" style=\"margin-top: 0px; margin-bottom: 28px; font-family: &quot;Microsoft Yahei&quot;, Helvetica, sans-serif; font-size: 16px; font-style: normal; font-weight: normal; white-space: normal; text-indent: 2em\">说完这些话，这名学生便又踏上了今天的行程。</p> \r\n<p>大河网 许会增</p><span class=\"clearfix\"></span>', '1', '2017-02-18 11:46:31', '0', '0', '0', null, '0', '0');
INSERT INTO `resource` VALUES (null, '3482383', '江苏沭阳法院遇袭法官已脱离生命危险 系蓄意行凶', '180', null, null, '<div id=\"noflash-alert\" style=\"display:none\" class=\"noflash-alert\">wenzhang</div><p class=\"text\" style=\"margin-top: 0px; margin-bottom: 28px; font-family: &quot;Microsoft Yahei&quot;, Helvetica, sans-serif; font-size: 16px; font-style: normal; font-weight: normal; white-space: normal; text-indent: 2em\">中新网南京2月18日电 (记者 崔佳明)18日凌晨2时许，江苏沭阳法院就周龙法官遇袭事件的情况续报，周龙法官目前已脱离生命危险。犯罪嫌疑人胡小干，长期闹访缠访，此次蓄意行凶。</p> \r\n<p class=\"text\" style=\"margin-top: 0px; margin-bottom: 28px; font-family: &quot;Microsoft Yahei&quot;, Helvetica, sans-serif; font-size: 16px; font-style: normal; font-weight: normal; white-space: normal; text-indent: 2em\">周龙法官受伤后，立即被送至医院进行全力抢救，目前已脱离生命危险。经初步调查，犯罪嫌疑人胡小干，因对法院关于其相关债务纠纷的判决及执行心存不满，长期闹访缠访，此次蓄意行凶。</p> \r\n<p class=\"text\" style=\"margin-top: 0px; margin-bottom: 28px; font-family: &quot;Microsoft Yahei&quot;, Helvetica, sans-serif; font-size: 16px; font-style: normal; font-weight: normal; white-space: normal; text-indent: 2em\">事件发生后，2月18日零时，江苏省法官权益保障委员会就沭阳法院周龙法官遇袭事件表示强烈愤慨和强烈谴责。同时，江苏省检察院第一时间启动重大敏感案事件快速反应机制，指导宿迁市检察院、沭阳县检察院依法提前介入该案，对侦查取证工作进行引导。</p> \r\n<p class=\"text\" style=\"margin-top: 0px; margin-bottom: 28px; font-family: &quot;Microsoft Yahei&quot;, Helvetica, sans-serif; font-size: 16px; font-style: normal; font-weight: normal; white-space: normal; text-indent: 2em\">沭阳县人民法院官网显示，周龙出生于1964年，四级高级法官，现任沭阳县人民法院党组成员、副院长、审判委员会委员。1983年7月毕业于盐城商业学校财会专业，2005年7月毕业于北京大学法学本科专业。历任该院办事员、书记员、庭长、执行局局长等职务。</p> \r\n<p class=\"text\" style=\"margin-top: 0px; margin-bottom: 28px; font-family: &quot;Microsoft Yahei&quot;, Helvetica, sans-serif; font-size: 16px; font-style: normal; font-weight: normal; white-space: normal; text-indent: 2em\">此前沭阳县人民法院通报，2017年2月17日13时50分左右，沭阳县人民法院周龙法官步行上班途中至法院大门附近，一名男子开车将其撞倒，随后下车持刀对其连续刺戳。周龙法官胸腹部及双上肢多处中刀，肺穿透伤，伤及心包，当场失血性休克，目前正在医院抢救中。犯罪嫌疑人胡小干已被沭阳县公安局当场抓获。</p> \r\n<p class=\"text\" style=\"margin-top: 0px; margin-bottom: 28px; font-family: &quot;Microsoft Yahei&quot;, Helvetica, sans-serif; font-size: 16px; font-style: normal; font-weight: normal; white-space: normal; text-indent: 2em\">目前，案件正在进一步侦查之中。</p> \r\n<p> <br></p><span class=\"clearfix\"></span>', '1', '2017-02-18 11:45:34', '0', '0', '0', null, '0', '0');
INSERT INTO `resource` VALUES (null, '3482388', '一家四口火灾不幸遇难 他在临死前给女友发去告白', '180', null, null, '<button id=\"btn-manga-mode\" class=\"btn primary\"> 进入漫画模式 </button><div id=\"noflash-alert\" style=\"display:none\" class=\"noflash-alert\">wenzhang</div><p style=\"margin-top: 0px; margin-bottom: 0px; padding-top: 26px; font-size: 14px; font-style: normal; font-weight: normal; line-height: 26px; white-space: normal\">2月11日凌晨，湖南邵阳新宁县金石镇解放路一民房发生火灾，一家4口不幸遇难。火灾发生时，户主儿子王威在生命最后关头，给南京的女友连发三条信息。最后一条5点49分发布，他哭着说：“亲爱的，对不起，我不能去见你啦，我家，没啦.......”</p> \r\n<p style=\"margin-top: 0px; margin-bottom: 0px; padding-top: 26px; font-size: 14px; font-style: normal; font-weight: normal; line-height: 26px; white-space: normal\">　　很多网友听过语音瞬间泪目：</p> \r\n<p style=\"margin-top: 0px; margin-bottom: 0px; padding-top: 26px; font-size: 14px; font-style: normal; font-weight: normal; line-height: 26px; white-space: normal\">　　村民邱：如果我变成回忆，退出了这场生命，没机会白着头发，蹒跚牵着你，看晚霞落尽。</p> \r\n<p style=\"margin-top: 0px; margin-bottom: 0px; padding-top: 26px; font-size: 14px; font-style: normal; font-weight: normal; line-height: 26px; white-space: normal\">　　TiddlyBambi：我将化为人间的风和雨，陪伴在你的身边……</p> \r\n<p style=\"margin-top: 0px; margin-bottom: 0px; padding-top: 26px; font-size: 14px; font-style: normal; font-weight: normal; line-height: 26px; white-space: normal\">　　抱着小饼干不敢说话：愿无岁月可回头 且以深情共余生</p> \r\n<p style=\"margin-top: 0px; margin-bottom: 0px; padding-top: 26px; font-size: 14px; font-style: normal; font-weight: normal; line-height: 26px; white-space: normal\">　　修丽Shirley：亲爱的，我不能再见你了。你以后要看自己喜欢的风景，写自己喜欢的文字，做自己喜欢的事，不要把别人的梦想错当作自己的方向，不要活成别人的影子。 可是，这些话我都不能亲口告诉你了</p> \r\n<p style=\"margin-top: 0px; margin-bottom: 0px; padding-top: 26px; font-size: 14px; font-style: normal; font-weight: normal; line-height: 26px; white-space: normal\">　　姜嗨嗨_Mm：明天和意外哪个先来，珍惜眼前人。</p> \r\n<p style=\"margin-top: 0px; margin-bottom: 0px; padding-top: 26px; font-size: 14px; font-style: normal; font-weight: normal; line-height: 26px; white-space: normal\">　　梧贰拾：我连发语音的人都没有，扎心了</p> \r\n<p style=\"margin-top: 0px; margin-bottom: 0px; padding-top: 26px; font-size: 14px; font-style: normal; font-weight: normal; line-height: 26px; white-space: normal\">　　莫先生的笔：悲痛之余，也要感慨一番：平时得多注意，特别是在行车路上注意交通安全，在家里注意用电和防火，在人多的公共场所注意观察周围环境是否安全，前一秒还是个活人，后一秒也许就……多一个心眼就多一份安心。</p> \r\n<p style=\"margin-top: 0px; margin-bottom: 0px; padding-top: 26px; font-size: 14px; font-style: normal; font-weight: normal; line-height: 26px; white-space: normal\">　　这或许是他留在这个世界上</p> \r\n<p style=\"margin-top: 0px; margin-bottom: 0px; padding-top: 26px; font-size: 14px; font-style: normal; font-weight: normal; line-height: 26px; white-space: normal\">　　最后的印记</p> \r\n<p style=\"margin-top: 0px; margin-bottom: 0px; padding-top: 26px; font-size: 14px; font-style: normal; font-weight: normal; line-height: 26px; white-space: normal\">　　希望现代科技手段</p> \r\n<p style=\"margin-top: 0px; margin-bottom: 0px; padding-top: 26px; font-size: 14px; font-style: normal; font-weight: normal; line-height: 26px; white-space: normal\">　　能够帮助姑娘和他的家人</p> \r\n<p style=\"margin-top: 0px; margin-bottom: 0px; padding-top: 26px; font-size: 14px; font-style: normal; font-weight: normal; line-height: 26px; white-space: normal\">　　保留住这几段珍贵的语音留言</p> \r\n<p style=\"margin-top: 0px; margin-bottom: 0px; padding-top: 26px; font-size: 14px; font-style: normal; font-weight: normal; line-height: 26px; white-space: normal\">　　话说，在外网reddit上，有一个叫Last Images的栏目，收集一些很特殊的照片。</p> \r\n<p style=\"margin-top: 0px; margin-bottom: 0px; padding-top: 26px; font-size: 14px; font-style: normal; font-weight: normal; line-height: 26px; white-space: normal\">　　在照片里的人这些人有着不一样的经历，他们或开怀大笑，肆意张扬着生命的光彩，或与爱人相聚，幸福的笑容挂在脸上，但谁也想不到这却是他们留在这个世界上最后的印记！</p> \r\n<p style=\"margin-top: 0px; margin-bottom: 0px; padding-top: 26px; font-size: 14px; font-style: normal; font-weight: normal; line-height: 26px; white-space: normal\">　　这些人的亲朋好友们，把他们最后的照片上传网络，留下了他们的故事，留下网友对人生的思考。</p> \r\n<div align=\"center\" style=\"margin-right: 0px; margin-left: 0px; font-size: 14px; color: rgb(51, 51, 51); font-style: normal; font-weight: normal; line-height: 26px; white-space: normal\"> \r\n <img align=\"middle\" border=\"1\" class=\"flag_bigP\" src=\"http://photocdn.sohu.com/20170218/Img481041672.jpeg\" style=\"margin-right: 0px; margin-left: 0px; font-size: 0px\"> \r\n <div class=\"conserve-photo\" style=\"margin-right: 0px; margin-left: 0px; font-size: 14px; height: 29px; cursor: pointer; right: 20px; top: 1962.5px; left: 715px; background: url(images/saveBtn.png) no-repeat\"> \r\n  <div class=\"comCount\" style=\"margin-right: 0px; margin-left: 0px; font-size: 11px; height: 12px; top: 18px; right: 0px; font-style: normal; font-weight: normal; font-stretch: normal; line-height: 12px; color: white\">\r\n   1\r\n  </div>\r\n </div>\r\n</div> \r\n<p style=\"margin-top: 0px; margin-bottom: 0px; padding-top: 26px; font-size: 14px; font-style: normal; font-weight: normal; line-height: 26px; white-space: normal\">　　这是《速度与激情》的男主角保罗生前的最后一张照片，此后不久，他在一次交通事故中丧生！</p> \r\n<div align=\"center\" style=\"margin-right: 0px; margin-left: 0px; font-size: 14px; color: rgb(51, 51, 51); font-style: normal; font-weight: normal; line-height: 26px; white-space: normal\"> \r\n <img align=\"middle\" border=\"1\" class=\"flag_bigP\" src=\"http://photocdn.sohu.com/20170218/Img481041673.jpeg\" style=\"margin-right: 0px; margin-left: 0px; font-size: 0px\"> \r\n <div class=\"conserve-photo\" style=\"margin-right: 0px; margin-left: 0px; font-size: 14px; height: 29px; cursor: pointer; right: 20px; top: 2859.5px; left: 712px; background: url(images/saveBtn.png) no-repeat\"> \r\n  <div class=\"comCount\" style=\"margin-right: 0px; margin-left: 0px; font-size: 11px; height: 12px; top: 18px; right: 0px; font-style: normal; font-weight: normal; font-stretch: normal; line-height: 12px; color: white\">\r\n   1\r\n  </div>\r\n </div>\r\n</div> \r\n<div align=\"center\" style=\"margin-right: 0px; margin-left: 0px; font-size: 14px; color: rgb(51, 51, 51); font-style: normal; font-weight: normal; line-height: 26px; white-space: normal\"> \r\n <span style=\"margin-right: 0px; margin-left: 0px; font-size: 12px\">“这张照片是我们一起在海边散步的时候拍的，第二天他死于一场交通意外，那年他27岁”</span>\r\n</div> \r\n<div align=\"center\" style=\"margin-right: 0px; margin-left: 0px; font-size: 14px; color: rgb(51, 51, 51); font-style: normal; font-weight: normal; line-height: 26px; white-space: normal\"> \r\n <img alt=\"一家四口火灾不幸遇难 他在临死前给女友发去告白\" border=\"1\" class=\"flag_bigP\" src=\"http://photocdn.sohu.com/20170218/Img481041674.jpeg\" style=\"margin-right: 0px; margin-left: 0px; font-size: 0px\"> \r\n <div class=\"conserve-photo\" style=\"margin-right: 0px; margin-left: 0px; font-size: 14px; height: 29px; cursor: pointer; right: 20px; top: 3452px; left: 715px; background: url(images/saveBtn.png) no-repeat\"> \r\n  <div class=\"comCount\" style=\"margin-right: 0px; margin-left: 0px; font-size: 11px; height: 12px; top: 18px; right: 0px; font-style: normal; font-weight: normal; font-stretch: normal; line-height: 12px; color: white\">\r\n   1\r\n  </div>\r\n </div>\r\n</div> \r\n<p style=\"margin-top: 0px; margin-bottom: 0px; padding-top: 26px; font-size: 14px; font-style: normal; font-weight: normal; line-height: 26px; white-space: normal\">　　\"这是我最好的朋友和她的妹妹在沙滩散步时候的合照，在一次旅行之后返回英国参加母亲生日的途中，两人因为一次交通事故而逝世……\"</p> \r\n<div align=\"center\" style=\"margin-right: 0px; margin-left: 0px; font-size: 14px; color: rgb(51, 51, 51); font-style: normal; font-weight: normal; line-height: 26px; white-space: normal\"> \r\n <img align=\"middle\" border=\"1\" class=\"flag_bigP\" src=\"http://photocdn.sohu.com/20170218/Img481041675.jpeg\" style=\"margin-right: 0px; margin-left: 0px; font-size: 0px\"> \r\n <div class=\"conserve-photo\" style=\"margin-right: 0px; margin-left: 0px; font-size: 14px; height: 29px; cursor: pointer; right: 20px; top: 4298px; left: 683px; background: url(images/saveBtn.png) no-repeat\"> \r\n  <div class=\"comCount\" style=\"margin-right: 0px; margin-left: 0px; font-size: 11px; height: 12px; top: 18px; right: 0px; font-style: normal; font-weight: normal; font-stretch: normal; line-height: 12px; color: white\">\r\n   1\r\n  </div>\r\n </div>\r\n</div> \r\n<p style=\"margin-top: 0px; margin-bottom: 0px; padding-top: 26px; font-size: 14px; font-style: normal; font-weight: normal; line-height: 26px; white-space: normal\">　　“四年前，父亲来看我刚出生的儿子，但回到家里几天之后，突然脑梗去世了。这张照片是他在去机场前拍的最后一张照片。”</p> \r\n<div align=\"center\" style=\"margin-right: 0px; margin-left: 0px; font-size: 14px; color: rgb(51, 51, 51); font-style: normal; font-weight: normal; line-height: 26px; white-space: normal\"> \r\n <img align=\"middle\" border=\"1\" class=\"flag_bigP\" src=\"http://photocdn.sohu.com/20170218/Img481041676.jpeg\" style=\"margin-right: 0px; margin-left: 0px; font-size: 0px\"> \r\n <div class=\"conserve-photo\" style=\"margin-right: 0px; margin-left: 0px; font-size: 14px; height: 29px; cursor: pointer; right: 20px; top: 5228.5px; left: 715px; background: url(images/saveBtn.png) no-repeat\"> \r\n  <div class=\"comCount\" style=\"margin-right: 0px; margin-left: 0px; font-size: 11px; height: 12px; top: 18px; right: 0px; font-style: normal; font-weight: normal; font-stretch: normal; line-height: 12px; color: white\">\r\n   0\r\n  </div>\r\n </div>\r\n</div> \r\n<div align=\"center\" style=\"margin-right: 0px; margin-left: 0px; font-size: 14px; color: rgb(51, 51, 51); font-style: normal; font-weight: normal; line-height: 26px; white-space: normal\"> \r\n <span style=\"margin-right: 0px; margin-left: 0px; font-size: 12px\">“我66岁的父亲在和我90岁的奶奶最后告别，几个小时后我父亲在卧室中离世”</span>\r\n</div> \r\n<p> <br style=\"color: rgb(51, 51, 51); font-size: 14px; line-height: 26px; white-space: normal\"> <br style=\"color: rgb(51, 51, 51); font-size: 14px; line-height: 26px; white-space: normal\"></p> \r\n<div align=\"center\" style=\"margin-right: 0px; margin-left: 0px; font-size: 14px; color: rgb(51, 51, 51); font-style: normal; font-weight: normal; line-height: 26px; white-space: normal\"> \r\n <img align=\"middle\" border=\"1\" class=\"flag_bigP\" src=\"http://photocdn.sohu.com/20170218/Img481041677.jpeg\" style=\"margin-right: 0px; margin-left: 0px; font-size: 0px\"> \r\n <div class=\"conserve-photo\" style=\"margin-right: 0px; margin-left: 0px; font-size: 14px; height: 29px; cursor: pointer; right: 20px; top: 6159.5px; left: 715px; background: url(images/saveBtn.png) no-repeat\"> \r\n  <div class=\"comCount\" style=\"margin-right: 0px; margin-left: 0px; font-size: 11px; height: 12px; top: 18px; right: 0px; font-style: normal; font-weight: normal; font-stretch: normal; line-height: 12px; color: white\">\r\n   0\r\n  </div>\r\n </div>\r\n</div> \r\n<div align=\"center\" style=\"margin-right: 0px; margin-left: 0px; font-size: 14px; color: rgb(51, 51, 51); font-style: normal; font-weight: normal; line-height: 26px; white-space: normal\"> \r\n <span style=\"margin-right: 0px; margin-left: 0px; font-size: 12px\">“这是我为我侄女拍的最后一张照片，两岁的时候，她在一个室内体育场中因为一次意外而丧生！”</span>\r\n</div> \r\n<p> <br style=\"color: rgb(51, 51, 51); font-size: 14px; line-height: 26px; white-space: normal\"> <br style=\"color: rgb(51, 51, 51); font-size: 14px; line-height: 26px; white-space: normal\"></p> \r\n<div align=\"center\" style=\"margin-right: 0px; margin-left: 0px; font-size: 14px; color: rgb(51, 51, 51); font-style: normal; font-weight: normal; line-height: 26px; white-space: normal\"> \r\n <img align=\"middle\" border=\"1\" class=\"flag_bigP\" src=\"http://photocdn.sohu.com/20170218/Img481041678.jpeg\" style=\"margin-right: 0px; margin-left: 0px; font-size: 0px\"> \r\n <div class=\"conserve-photo\" style=\"margin-right: 0px; margin-left: 0px; font-size: 14px; height: 29px; cursor: pointer; right: 20px; top: 6864px; left: 715px; background: url(images/saveBtn.png) no-repeat\"> \r\n  <div class=\"comCount\" style=\"margin-right: 0px; margin-left: 0px; font-size: 11px; height: 12px; top: 18px; right: 0px; font-style: normal; font-weight: normal; font-stretch: normal; line-height: 12px; color: white\">\r\n   0\r\n  </div>\r\n </div>\r\n</div> \r\n<p style=\"margin-top: 0px; margin-bottom: 0px; padding-top: 26px; font-size: 14px; font-style: normal; font-weight: normal; line-height: 26px; white-space: normal\">　　我朋友和他女朋友的最后的一张照片，他在工作的时候意外逝世，一天后她的女朋友发现自己怀孕了！</p> \r\n<div align=\"center\" style=\"margin-right: 0px; margin-left: 0px; font-size: 14px; color: rgb(51, 51, 51); font-style: normal; font-weight: normal; line-height: 26px; white-space: normal\"> \r\n <img align=\"middle\" border=\"1\" class=\"flag_bigP\" src=\"http://photocdn.sohu.com/20170218/Img481041679.jpeg\" style=\"margin-right: 0px; margin-left: 0px; font-size: 0px\"> \r\n <div class=\"conserve-photo\" style=\"margin-right: 0px; margin-left: 0px; font-size: 14px; height: 29px; cursor: pointer; right: 20px; top: 7794.5px; left: 715px; background: url(images/saveBtn.png) no-repeat\"> \r\n  <div class=\"comCount\" style=\"margin-right: 0px; margin-left: 0px; font-size: 11px; height: 12px; top: 18px; right: 0px; font-style: normal; font-weight: normal; font-stretch: normal; line-height: 12px; color: white\">\r\n   0\r\n  </div>\r\n </div>\r\n</div> \r\n<p style=\"margin-top: 0px; margin-bottom: 0px; padding-top: 26px; font-size: 14px; font-style: normal; font-weight: normal; line-height: 26px; white-space: normal\">　　我和我最亲密的朋友（左一）最后的合照，第二天她死于中暑15岁。直到现在忘记她依旧是一件困难的事情！</p> \r\n<div align=\"center\" style=\"margin-right: 0px; margin-left: 0px; font-size: 14px; color: rgb(51, 51, 51); font-style: normal; font-weight: normal; line-height: 26px; white-space: normal\"> \r\n <img align=\"middle\" border=\"1\" class=\"flag_bigP\" src=\"http://photocdn.sohu.com/20170218/Img481041680.jpeg\" style=\"margin-right: 0px; margin-left: 0px; font-size: 0px\"> \r\n <div class=\"conserve-photo\" style=\"margin-right: 0px; margin-left: 0px; font-size: 14px; height: 29px; cursor: pointer; right: 20px; top: 8513px; left: 715px; background: url(images/saveBtn.png) no-repeat\"> \r\n  <div class=\"comCount\" style=\"margin-right: 0px; margin-left: 0px; font-size: 11px; height: 12px; top: 18px; right: 0px; font-style: normal; font-weight: normal; font-stretch: normal; line-height: 12px; color: white\">\r\n   0\r\n  </div>\r\n </div>\r\n</div> \r\n<p style=\"margin-top: 0px; margin-bottom: 0px; padding-top: 26px; font-size: 14px; font-style: normal; font-weight: normal; line-height: 26px; white-space: normal\">　　“我妻子和她朋友在Instagram最后的照片，在她三十岁生日的前一个月，她因为癌症病逝。”</p> \r\n<div align=\"center\" style=\"margin-right: 0px; margin-left: 0px; font-size: 14px; color: rgb(51, 51, 51); font-style: normal; font-weight: normal; line-height: 26px; white-space: normal\"> \r\n <img align=\"middle\" border=\"1\" class=\"flag_bigP\" src=\"http://photocdn.sohu.com/20170218/Img481041681.jpeg\" style=\"margin-right: 0px; margin-left: 0px; font-size: 0px\"> \r\n <div class=\"conserve-photo\" style=\"margin-right: 0px; margin-left: 0px; font-size: 14px; height: 29px; cursor: pointer; right: 20px; top: 9205px; left: 715px; background: url(images/saveBtn.png) no-repeat\"> \r\n  <div class=\"comCount\" style=\"margin-right: 0px; margin-left: 0px; font-size: 11px; height: 12px; top: 18px; right: 0px; font-style: normal; font-weight: normal; font-stretch: normal; line-height: 12px; color: white\">\r\n   0\r\n  </div>\r\n </div>\r\n</div> \r\n<div align=\"center\" style=\"margin-right: 0px; margin-left: 0px; font-size: 14px; color: rgb(51, 51, 51); font-style: normal; font-weight: normal; line-height: 26px; white-space: normal\"> \r\n <span style=\"margin-right: 0px; margin-left: 0px; font-size: 12px\">“这是我朋友和他女儿的合照，在他获得监护权之后，他的前任绑架并且杀害了他”</span>\r\n</div> \r\n<p style=\"margin-top: 0px; margin-bottom: 0px; padding-top: 26px; font-size: 14px; font-style: normal; font-weight: normal; line-height: 26px; white-space: normal\">　　他们都是生活中的小人物，他们曾经历着开心的事，脸上满是微笑，然而突然间，他们的人生却画上了句号，生命的脆弱让活着的人开始反思人生....</p> \r\n<p style=\"margin-top: 0px; margin-bottom: 0px; padding-top: 26px; font-size: 14px; font-style: normal; font-weight: normal; line-height: 26px; white-space: normal\">　　就像黑泽明在电影里说的那样：</p> \r\n<p style=\"margin-top: 0px; margin-bottom: 0px; padding-top: 26px; font-size: 14px; font-style: normal; font-weight: normal; line-height: 26px; white-space: normal\">　　“有些人说人生艰苦，但他们是有口无心，事实上，活着才是最好的。”</p> \r\n<p> <br></p><span class=\"clearfix\"></span>', '1', '2017-02-18 11:44:22', '0', '0', '0', null, '0', '0');
INSERT INTO `resource` VALUES (null, '3482445', '科学家：未来两年之内就能成功复活猛犸象', '180', null, null, '<div class=\"post_content\" id=\"paragraph\"> \r\n <p>据英国每日邮报报道，猛犸已灭绝消失数千年，但目前科学家声称，他们仅需两年时间就能将猛犸复活。蓬松多毛的猛犸曾生活在西伯利亚苔原地区，可能由于人类祖先大肆捕杀导致它们灭绝消失。</p> \r\n <p> <img class=\"lazy\" src=\"//img.ithome.com/newsuploadfiles/2017/2/20170218102831_8825.jpg\" style=\"display: inline\"></p> \r\n <p>目前最新一个科研项目计划两年之内复活猛犸，科学家将培育亚洲象和猛犸的杂合体，也可叫做“猛犸象”。<strong>研究人员将从西伯利亚永久冻土带发现的冷冻猛犸尸体中提取DNA，如果美国哈佛大学科学家成功编辑猛犸基因进入亚洲象，将标志着复活猛犸的重大转折点。</strong></p> \r\n <p>从冷冻猛犸提取的DNA细胞具有猛犸的独特基因特征，例如：蓬松较长的毛发、较厚的脂肪层、血液能够很好地适应零摄氏度环境，保持血液在身体内流动。</p> \r\n <p>科学家花费了多年时间研制如何复活猛犸，他们计划在一个人造子宫中培育猛犸和亚洲象的杂合体，而不是利用一头母象作为代孕母亲。据悉，该项目开始于2015年，研究人员增加了DNA编辑数量，猛犸DNA将被切片放入亚洲象基因组。</p> \r\n <p>项目负责人、哈佛大学乔治-丘奇(George Church)教授说：“我们致力于评估所有编辑DNA产生的影响，其目的是在实验室建立胚胎形成。编辑DNA将有助于亚洲象成功地适应寒冷环境，我们分析未来培育的‘猛犸象’将长着小耳朵，存在皮下脂肪，较长毛发和特殊的血液。”</p> \r\n <p>他强调称，我们的目标是培育出猛犸和亚洲象的杂合胚胎，事实上这有点儿像一头具备猛犸特征的亚洲象，预计两年之内就能培育出“猛犸象”。</p> \r\n <p>猛犸在冰河时代末期生活在欧洲、亚洲、非洲和北美洲，最终在4500年前完全消失，很可能是由于气候变化和人类大肆捕杀导致的，最接近猛犸的近亲物种是亚洲象，而不是非洲象。</p>\r\n</div>', '1', '2017-02-18 11:44:17', '0', '0', '0', null, '0', '0');
INSERT INTO `resource` VALUES ('579011', '3482471', '西南第一长隧道成兰铁路平安隧道贯通 人类施工“禁区”又一条通道打开', '180', null, null, '<div id=\"noflash-alert\" style=\"display:block\" class=\"noflash-alert\"></div><p style=\"margin-top: 0px; margin-bottom: 0px; padding-bottom: 26px; font-size: 16px; font-style: normal; font-weight: normal; line-height: 26px; text-indent: 32px; white-space: normal\">据微信公众号“国资小新”17日报道，2月16日，由中国中铁旗下的中铁三局、中铁隧道集团承建的西南地区铁路第一长隧——成兰铁路平安隧道胜利贯通，<strong style=\"margin-right: 0px; margin-left: 0px; list-style: none; font-style: normal\">是我国又一条在海拔3000米以上高原修建的“天路”，也是四川沟通西北的铁路大通道</strong>。成兰铁路四川段预计2020年建成通车，<strong style=\"margin-right: 0px; margin-left: 0px; list-style: none; font-style: normal\">届时从成都出发，2小时可到九寨沟，4小时可到兰州，川西北也将结束没有铁路的历史。</strong></p> \r\n<p style=\"margin-top: 0px; margin-bottom: 0px; padding-bottom: 26px; font-size: 16px; font-style: normal; font-weight: normal; line-height: 26px; text-indent: 32px; white-space: normal; text-align: center\"> <img src=\"http://i.guancha.cn/news/2017/02/17/20170217234447299.jpg\" style=\"margin-right: 0px; margin-left: 0px; vertical-align: middle\"></p> \r\n<p style=\"margin-top: 0px; margin-bottom: 0px; padding-bottom: 26px; font-size: 16px; font-style: normal; font-weight: normal; line-height: 26px; text-indent: 32px; white-space: normal\">平安隧道位于阿坝州茂县境内，为双洞单线，于2013年10月开建。隧道沿线地质地貌构造条件极为复杂，又由于受汶川特大地震影响，岩性条件极为软弱破碎。施工期间，多次发生软岩大变形、硬岩岩爆、涌水、高地温等现象，使该隧道成为成兰铁路风险最高、地质最差、难度最大的控制性工程之一。</p> \r\n<p style=\"margin-top: 0px; margin-bottom: 0px; padding-bottom: 26px; font-size: 16px; font-style: normal; font-weight: normal; line-height: 26px; text-indent: 32px; white-space: normal\">成兰铁路是我国“八纵八横”高速铁路规划网中“兰广”通道的重要组成部分，线路起于成都，终点到达兰州，总长727公里，是我国又一条在海拔3000米以上高原修建的“天路”，也是四川沟通西北的铁路大通道。成兰铁路四川段预计2020年建成通车，<strong style=\"margin-right: 0px; margin-left: 0px; list-style: none; font-style: normal\">届时从成都出发，2小时可到九寨沟，4小时可到兰州，川西北也将结束没有铁路的历史。</strong></p> \r\n<p style=\"margin-top: 0px; margin-bottom: 0px; padding-bottom: 26px; font-size: 16px; font-style: normal; font-weight: normal; line-height: 26px; text-indent: 32px; white-space: normal\">该隧道的贯通标志着这条穿越千年历史的铁路建设取得重大进展，也预示着汶川大地震灾后重建的重要项目成兰铁路，这一沟通我国西北、西南的铁路大动脉开通在即。</p> \r\n<p style=\"margin-top: 0px; margin-bottom: 0px; padding-bottom: 26px; font-size: 16px; font-style: normal; font-weight: normal; line-height: 26px; text-indent: 32px; white-space: normal; text-align: center\"> <img src=\"http://i.guancha.cn/news/2017/02/17/20170217234448570.jpg\" style=\"margin-right: 0px; margin-left: 0px; vertical-align: middle\"></p> \r\n<p style=\"margin-top: 0px; margin-bottom: 0px; padding-bottom: 26px; font-size: 16px; font-style: normal; font-weight: normal; line-height: 26px; text-indent: 32px; white-space: normal\">比计划目标提前19个月，长达28.4公里的成兰铁路平安隧道贯通，这是铁路建设上的一个里程碑：<strong style=\"margin-right: 0px; margin-left: 0px; list-style: none; font-style: normal\">它标志着在强烈地震带、极端地质条件下，人类在施工“禁区”打开了通道。</strong></p> \r\n<p style=\"margin-top: 0px; margin-bottom: 0px; padding-bottom: 26px; font-size: 16px; font-style: normal; font-weight: normal; line-height: 26px; text-indent: 32px; white-space: normal\">成兰铁路从阿坝州出川，直达甘肃兰州，进而可至西亚、西非，是出川铁路拼图中极其重要的一块，也是我国沟通西北、西南的铁路大动脉，“一带一路”战略区域的重要通道。拿下这一要道上的“拦路虎”，背后有多难？</p> \r\n<p style=\"margin-top: 0px; margin-bottom: 0px; padding-bottom: 26px; font-size: 16px; font-style: normal; font-weight: normal; line-height: 26px; text-indent: 32px; white-space: normal\"> <strong style=\"margin-right: 0px; margin-left: 0px; list-style: none; font-style: normal\">穿越地震带</strong>　</p> \r\n<p style=\"margin-top: 0px; margin-bottom: 0px; padding-bottom: 26px; font-size: 16px; font-style: normal; font-weight: normal; line-height: 26px; text-indent: 32px; white-space: normal\">平安隧道位于茂县境内。从成都出发，穿成灌高速、都汶高速、川汶公路，沿岷江逆流而上，足足4个小时的车程，才到达位于高山上的隧道进口施工点。“成兰铁路建成后，从成都到这里，只需要1个小时。”成兰铁路公司成兰建设指挥部指挥长李文戈说。</p> \r\n<p style=\"margin-top: 0px; margin-bottom: 0px; padding-bottom: 26px; font-size: 16px; font-style: normal; font-weight: normal; line-height: 26px; text-indent: 32px; white-space: normal\">打通平安隧道，并不容易。有专家把青藏铁路喻为在“冻豆腐”上修铁路，宜万铁路是在“软豆腐”上修铁路，成兰铁路则是在“烂豆腐”上修铁路。</p> \r\n<p style=\"margin-top: 0px; margin-bottom: 0px; padding-bottom: 26px; font-size: 16px; font-style: normal; font-weight: normal; line-height: 26px; text-indent: 32px; white-space: normal\">何为“烂豆腐”？平安隧道外的山上，灰黑色的岩石突出，岩体好似一叠纸。“这是千枚岩，看着硬，用手一捏就碎。”中铁二院成兰铁路设计总体负责人钟新介绍，成兰铁路沿线地质构成以千枚岩、板岩、砂岩为主，特点是软弱破碎。　　</p> \r\n<p style=\"margin-top: 0px; margin-bottom: 0px; padding-bottom: 26px; font-size: 16px; font-style: normal; font-weight: normal; line-height: 26px; text-indent: 32px; white-space: normal\">成兰铁路沿岷江地震断裂带而上，穿越西秦岭地震带、龙门山地震带。平安隧道所处正是叠溪大地震震中，且毗邻宝顶沟省级自然保护区。综合考虑避震、减少地表建设，西南第一长隧由此诞生。“从汶川特大地震来看，路、桥在地震中受损严重，反倒是隧道，因位于山体内，更安全。”钟新说，长隧道更利于抗震，目标是“大震不垮，中震可修，小震不坏”。</p> \r\n<p style=\"margin-top: 0px; margin-bottom: 0px; padding-bottom: 26px; font-size: 16px; font-style: normal; font-weight: normal; line-height: 26px; text-indent: 32px; white-space: normal\"> <strong style=\"margin-right: 0px; margin-left: 0px; list-style: none; font-style: normal\">不良地质集中</strong></p> \r\n<p style=\"margin-top: 0px; margin-bottom: 0px; padding-bottom: 26px; font-size: 16px; font-style: normal; font-weight: normal; line-height: 26px; text-indent: 32px; white-space: normal\">长隧建设，通风是一大难题。普通隧道建设是沿洞架设通风管，洞外用风机强力把新风灌进洞内，逼出浊气。但隧道越长，风机马力也需越大。为此，施工方采用“长隧短打”的方式，沿主洞设置了8座辅助坑道，双线分成32个工作面同时施工。单线28.4公里的平安隧道，建设中打洞实际长度超过70公里，相当于两条成灌高速。</p> \r\n<p style=\"margin-top: 0px; margin-bottom: 0px; padding-bottom: 26px; font-size: 16px; font-style: normal; font-weight: normal; line-height: 26px; text-indent: 32px; white-space: normal\">地震带、断层、岩爆、涌水……“寻常的隧道，面临的不良地质也就一两种情况，平安隧道是面临很多种。”李文戈苦笑。</p> \r\n<p style=\"margin-top: 0px; margin-bottom: 0px; padding-bottom: 26px; font-size: 16px; font-style: normal; font-weight: normal; line-height: 26px; text-indent: 32px; white-space: normal\">中铁三局成兰铁路工程指挥部总工程师赵治平记得，在2号横洞的正洞开挖到400米时，突然遇到涌水。“每天的涌水量有6万立方米”，足足两个月，在堵洞、抽排减缓涌水量的同时，施工人员踩着齐腰深的水“挺进”。</p> \r\n<p style=\"margin-top: 0px; margin-bottom: 0px; padding-bottom: 26px; font-size: 16px; font-style: normal; font-weight: normal; line-height: 26px; text-indent: 32px; white-space: normal\">还有岩爆。隧道开挖时产生很强的水平和垂直地应力，遇到软岩会变形下陷，遇到硬岩则产生挤压爆裂的力。岩爆时，小车车头大小的岩石像子弹一样弹射出去，且毫无规律可言。</p> \r\n<p style=\"margin-top: 0px; margin-bottom: 0px; padding-bottom: 26px; font-size: 16px; font-style: normal; font-weight: normal; line-height: 26px; text-indent: 32px; white-space: normal\">攻克这些难题靠啥？中铁隧道集团成兰铁路工程指挥部安全总监张伟介绍，在隧道建设的5个关键环节、重要工序，都使用了大量的先进机械。</p> \r\n<p style=\"margin-top: 0px; margin-bottom: 0px; padding-bottom: 26px; font-size: 16px; font-style: normal; font-weight: normal; line-height: 26px; text-indent: 32px; white-space: normal\"> <strong style=\"margin-right: 0px; margin-left: 0px; list-style: none; font-style: normal\">创新施工方法&nbsp;</strong></p> \r\n<p style=\"margin-top: 0px; margin-bottom: 0px; padding-bottom: 26px; font-size: 16px; font-style: normal; font-weight: normal; line-height: 26px; text-indent: 32px; white-space: normal\">建设条件如此艰难，为何平安隧道还能提前贯通？这源于施工过程中的科技创新。</p> \r\n<p style=\"margin-top: 0px; margin-bottom: 0px; padding-bottom: 26px; font-size: 16px; font-style: normal; font-weight: normal; line-height: 26px; text-indent: 32px; white-space: normal\">平安隧道有70%的地段为四级围岩。中铁二院成兰铁路隧道负责人周跃峰介绍，常规的四级围岩分为三步开挖，即把马蹄形的隧道断面看作一个整体，分为上半部、下半部以及基床下一个弧形的开挖面（专业术语叫“仰拱”），分别进行爆破、支护、喷浆等工序。</p> \r\n<p style=\"margin-top: 0px; margin-bottom: 0px; padding-bottom: 26px; font-size: 16px; font-style: normal; font-weight: normal; line-height: 26px; text-indent: 32px; white-space: normal\">而平安隧道建设中，建设单位和西南交大合作，研发了“软弱围岩隧道全断面（含仰拱）开挖施工技术”，一次性开挖整个隧道断面以及下部的弧形段。这样减少了分步开挖的工序，断面扩大也有利于大型机械操作。“施工进度提升了60%左右。”张伟说，常规技术一个月掘洞80米至90米，新的技术一月能掘洞140米。目前，这一技术已获得专利，并在成兰铁路全线应用。“成兰铁路的最大难点和特点是在活动断裂带上修铁路。”成兰铁路公司党委书记、董事长、总经理付国成说。极端的地质条件，让成兰铁路开工段均为试验段，这在我国铁路建设史上绝无仅有。</p> \r\n<p style=\"margin-top: 0px; margin-bottom: 0px; padding-bottom: 26px; font-size: 16px; font-style: normal; font-weight: normal; line-height: 26px; text-indent: 32px; white-space: normal\"> <strong style=\"margin-right: 0px; margin-left: 0px; list-style: none; font-style: normal\">平安隧道啥模样</strong></p> \r\n<p style=\"margin-top: 0px; margin-bottom: 0px; padding-bottom: 26px; font-size: 16px; font-style: normal; font-weight: normal; line-height: 26px; text-indent: 32px; white-space: normal\"> <strong style=\"margin-right: 0px; margin-left: 0px; list-style: none; font-style: normal\">长：</strong>长达28.4公里，是西南地区最长的铁路隧道；长隧道更利于抗震，目标是“大震不垮，中震可修，小震不坏”。</p> \r\n<p style=\"margin-top: 0px; margin-bottom: 0px; padding-bottom: 26px; font-size: 16px; font-style: normal; font-weight: normal; line-height: 26px; text-indent: 32px; white-space: normal\"> <strong style=\"margin-right: 0px; margin-left: 0px; list-style: none; font-style: normal\">难：</strong>修建在地震活动断裂带上，处于成兰铁路全线最难的安州区到松潘段；处于叠溪大地震震中，毗邻宝顶沟省级自然保护区。</p> \r\n<p style=\"margin-top: 0px; margin-bottom: 0px; padding-bottom: 26px; font-size: 16px; font-style: normal; font-weight: normal; line-height: 26px; text-indent: 32px; white-space: normal\"> <strong style=\"margin-right: 0px; margin-left: 0px; list-style: none; font-style: normal\">新：&nbsp;</strong>“长隧短打”，沿主洞设置8座辅助坑道；双线分32个工作面同时施工，打洞实际长度超过70公里。</p> \r\n<p style=\"margin-top: 0px; margin-bottom: 0px; padding-bottom: 26px; font-size: 16px; font-style: normal; font-weight: normal; line-height: 26px; text-indent: 32px; white-space: normal\"> <strong style=\"margin-right: 0px; margin-left: 0px; list-style: none; font-style: normal\">快：</strong>施工效率提高60%左右；原本58个月的计划工期缩短至39个月。</p> \r\n<p style=\"margin-top: 0px; margin-bottom: 0px; padding-bottom: 26px; font-size: 16px; font-style: normal; font-weight: normal; line-height: 26px; text-indent: 32px; white-space: normal\">内容来源：中国中铁</p> \r\n<p> <br></p><span class=\"clearfix\"></span>', '1', '2017-02-18 10:59:35', '0', '0', '0', null, '0', '0');
INSERT INTO `resource` VALUES ('1', '3482479', 'v的撒户口本金额表空间妇女节本公开', '106', '/upload26/7bb44f2c01b0ec4615f2a316a4add10d_tumblr_olce7lPMMN1qdasb8o1_540.jpg', '放假了少给客人给家里人就', '/upload26/videos/ac3338765.mp4', '1', '2017-03-03 17:03:40', '0', '0', '1', '91', '0', '0');
INSERT INTO `resource` VALUES ('1', '3482480', '分额各界爱健康附近可爱', '106', '/upload26/7bb44f2c01b0ec4615f2a316a4add10d_tumblr_olce7lPMMN1qdasb8o1_540.jpg', '法规科爱上了附近开了房间卡', '/upload26/videos/ac3374361.mp4', '1', '2017-03-03 17:08:20', '0', '0', '1', '495', '0', '0');
INSERT INTO `resource` VALUES ('1', '3482481', '哇', '106', '/upload26/7bb44f2c01b0ec4615f2a316a4add10d_tumblr_olce7lPMMN1qdasb8o1_540.jpg', '真皮', '<p>哇<br/></p>', '0', '2017-03-03 17:14:00', '0', '0', '0', '0', '0', '0');
INSERT INTO `resource` VALUES ('2', '3482483', '屯吧', '120', '/upload26/12.jpg', '的规范化的规范化', '/upload26/videos/001ickXLjx078T0rWave01040100hXuB0k01.mp4', '0', '2017-03-03 19:33:05', '0', '0', '1', '153', '0', '0');
INSERT INTO `resource` VALUES ('2', '3482484', '股份大股东', '138', '/upload26/02272.jpg', '第三方地方', '/upload26/videos/003wShP1jx078vnF0djp010401000SdP0k01.mp4', '0', '2017-03-03 19:34:24', '0', '0', '1', '6', '0', '0');
INSERT INTO `resource` VALUES ('2', '3482485', '的范德', '120', '/upload26/02271.jpg', '恩文热温热污染', '/upload26/videos/sB0vr5H1gH-N-FaZ3gPcsw__.mp4', '0', '2017-03-03 19:35:01', '0', '0', '1', '59', '0', '0');
INSERT INTO `resource` VALUES ('2', '3482486', '个梵蒂冈', '139', '/upload26/6.jpg', '第三方地方水电费', '/upload26/videos/L4iabFp2syFKzTRTg5yp9Q__.mp4', '0', '2017-03-03 19:36:01', '0', '0', '1', '97', '0', '0');
INSERT INTO `resource` VALUES ('1', '3482487', '你说的', '165', '/upload26/26.gif', '你用硒鼓', '/upload26/videos/6FFMXJN4EDHG5vv4h8kSjg__.mp4', '1', '2017-03-03 21:02:42', '0', '0', '1', '172', '0', '0');
INSERT INTO `resource` VALUES ('1', '3482488', '发斯蒂芬纷纷收费', '106', '/upload26/61717580_trans.jpg', '三分纷纷收费', '/upload26/videos/ac3375653.mp4', '1', '2017-03-10 12:59:30', '0', '0', '1', '345', '0', '0');

-- ----------------------------
-- Table structure for `user`
-- ----------------------------
DROP TABLE IF EXISTS `user`;
CREATE TABLE `user` (
  `user_id` int(50) NOT NULL AUTO_INCREMENT,
  `user_password` varchar(100) DEFAULT NULL,
  `user_name` varchar(100) DEFAULT NULL,
  `user_nickname` varchar(100) DEFAULT NULL,
  `user_head` varchar(255) DEFAULT NULL,
  `user_qq` varchar(20) DEFAULT NULL,
  `user_telephone` varchar(11) DEFAULT NULL,
  `user_email` varchar(100) DEFAULT NULL,
  `user_sex` varchar(20) DEFAULT '不公开',
  `user_address` varchar(255) DEFAULT NULL,
  `user_state` int(10) DEFAULT '1',
  `user_autograph` varchar(100) DEFAULT NULL,
  `user_time` datetime DEFAULT NULL,
  `auth_key` varchar(200) DEFAULT NULL,
  PRIMARY KEY (`user_id`)
) ENGINE=InnoDB AUTO_INCREMENT=9234757 DEFAULT CHARSET=utf8mb4;

-- ----------------------------
-- Records of user
-- ----------------------------
INSERT INTO `user` VALUES ('1', '6b05e14df7b86cefd47ec43d900a0e03e122cc6e', '发大发', '皮皮虾啊', '/upload26/61717580_trans.jpg', '3543243242252', '', '', '不公开', '黑龙江 双鸭山', '1', '1111', null, '89f32d428007550f04028ebda8a221265eae3fe6');
INSERT INTO `user` VALUES ('2', 'd8406e8445cc99a16ab984cc28f6931615c766fc', '恩格斯', 'fycloud', '/upload26/25-081820_649.jpg', '295727233', '', '', '男', '湖南 岳阳', '1', '马克思', null, 'ab14429fc8f9e387e6a2d495f0996629636847d9');
INSERT INTO `user` VALUES ('21636', '111111', '马克斯', '天花板上吊着猫', '/acfun/images/avatars/21636.jpg', null, '18143362868', null, '不公开', null, '1', '这个人很懒,什么都没有写', null, null);
INSERT INTO `user` VALUES ('33588', null, null, '懒猫', '/acfun/images/avatars/33588.jpg', null, null, null, '不公开', null, '1', '这个人很懒,什么都没有写', null, null);
INSERT INTO `user` VALUES ('48683', null, null, 'BBC', '/acfun/images/avatars/48683.jpg', null, null, null, '不公开', null, '1', '这个人很懒,什么都没有写', null, null);
INSERT INTO `user` VALUES ('52009', null, null, '夜空下的舞者', '/acfun/images/avatars/52009.jpg', null, null, null, '不公开', null, '1', '这个人很懒,什么都没有写', null, null);
INSERT INTO `user` VALUES ('73200', null, null, '敖厂长', '/acfun/images/avatars/73200.jpg', null, null, null, '不公开', null, '0', '这个人很懒,什么都没有写', null, null);
INSERT INTO `user` VALUES ('86145', null, null, '马加爵', '/acfun/images/avatars/86145.jpg', null, null, null, '不公开', null, '1', '这个人很懒,什么都没有写', null, null);
INSERT INTO `user` VALUES ('157542', null, null, '说了你又不做做了你又做错错了你又不改', '/acfun/images/avatars/157542.jpg', null, null, null, '不公开', null, '1', '这个人很懒,什么都没有写', null, null);
INSERT INTO `user` VALUES ('199029', null, null, '脑残雀', '/acfun/images/avatars/199029.jpg', null, null, null, '不公开', null, '0', '这个人很懒,什么都没有写', null, null);
INSERT INTO `user` VALUES ('205257', null, null, '辣鸡AC', '/acfun/images/avatars/205257.jpg', null, null, null, '不公开', null, '1', '这个人很懒,什么都没有写', null, null);
INSERT INTO `user` VALUES ('208236', null, null, '草地有泥有马', '/acfun/images/avatars/208236.jpg', null, null, null, '不公开', null, '0', '这个人很懒,什么都没有写', null, null);
INSERT INTO `user` VALUES ('268017', null, null, '花吃了那女孩。', '/acfun/images/avatars/268017.jpg', null, null, null, '不公开', null, '1', '这个人很懒,什么都没有写', null, null);
INSERT INTO `user` VALUES ('268722', 'd8406e8445cc99a16ab984cc28f6931615c766fc', null, '暴走漫画', '/acfun/images/avatars/268722.jpg', null, null, null, '不公开', null, '1', '这个人很懒,什么都没有写', null, null);
INSERT INTO `user` VALUES ('280160', null, null, '苹果牛', '/acfun/images/avatars/280160.jpg', null, null, null, '不公开', null, '1', '这个人很懒,什么都没有写', null, null);
INSERT INTO `user` VALUES ('283995', null, null, '—大碗雪橇', '/acfun/images/avatars/283995.jpg', null, null, null, '不公开', null, '1', '这个人很懒,什么都没有写', null, null);
INSERT INTO `user` VALUES ('303310', null, null, '富兰克林.罗斯福', '/acfun/images/avatars/303310.jpg', null, null, null, '不公开', null, '1', '这个人很懒,什么都没有写', null, null);
INSERT INTO `user` VALUES ('308725', null, null, 'Gukey', '/acfun/images/avatars/308725.jpg', null, null, null, '不公开', null, '1', '这个人很懒,什么都没有写', null, null);
INSERT INTO `user` VALUES ('323084', null, null, 'FFF团营长', '/acfun/images/avatars/323084.jpg', null, null, null, '不公开', null, '1', '这个人很懒,什么都没有写', null, null);
INSERT INTO `user` VALUES ('331065', null, null, '关注撸主三十年', '/acfun/images/avatars/331065.jpg', null, null, null, '不公开', null, '1', '这个人很懒,什么都没有写', null, null);
INSERT INTO `user` VALUES ('335261', null, null, 'AcFun专题', '/acfun/images/avatars/335261.jpg', null, null, null, '不公开', null, '1', '这个人很懒,什么都没有写', null, null);
INSERT INTO `user` VALUES ('348627', null, null, '渣丸子', '/acfun/images/avatars/348627.jpg', null, null, null, '不公开', null, '1', '这个人很懒,什么都没有写', null, null);
INSERT INTO `user` VALUES ('370314', null, null, 'starzoo', '/acfun/images/avatars/370314.jpg', null, null, null, '不公开', null, '1', '这个人很懒,什么都没有写', null, null);
INSERT INTO `user` VALUES ('411570', null, null, '道德沦亡', '/acfun/images/avatars/411570.jpg', null, null, null, '不公开', null, '1', '这个人很懒,什么都没有写', null, null);
INSERT INTO `user` VALUES ('414363', null, null, '輪迴の雙魚藍', '/acfun/images/avatars/414363.jpg', null, null, null, '不公开', null, '1', '这个人很懒,什么都没有写', null, null);
INSERT INTO `user` VALUES ('415742', null, null, '有妖气原创漫画', '/acfun/images/avatars/415742.jpg', null, null, null, '不公开', null, '1', '这个人很懒,什么都没有写', null, null);
INSERT INTO `user` VALUES ('483612', null, null, '鳳凰院凶魔', '/acfun/images/avatars/483612.jpg', null, null, null, '不公开', null, '1', '这个人很懒,什么都没有写', null, null);
INSERT INTO `user` VALUES ('510671', null, null, '尼克杨', '/acfun/images/avatars/510671.jpg', null, null, null, '不公开', null, '1', '这个人很懒,什么都没有写', null, null);
INSERT INTO `user` VALUES ('534377', null, null, '起小点是大腿', '/acfun/images/avatars/534377.jpg', null, null, null, '不公开', null, '1', '这个人很懒,什么都没有写', null, null);
INSERT INTO `user` VALUES ('543461', null, null, 'Lolisa', '/acfun/images/avatars/543461.jpg', null, null, null, '不公开', null, '1', '这个人很懒,什么都没有写', null, null);
INSERT INTO `user` VALUES ('579011', null, null, '会计', '/acfun/images/avatars/579011.jpg', null, null, null, '不公开', null, '1', '棉被王：你尽管和谐，有什么要改的算我输。棉被王恐成最大赢家。另：人理在天朝无发烧却的原因，天朝将杀的概念本身都抹除了。另：FGO的红A·改，看满破图其真身竟然是黎明神腕！', null, null);
INSERT INTO `user` VALUES ('602412', null, null, '贫乳是什么', '/acfun/images/avatars/602412.jpg', null, null, null, '不公开', null, '1', '这个人很懒,什么都没有写', null, null);
INSERT INTO `user` VALUES ('606168', null, null, 'STN快报', '/acfun/images/avatars/606168.jpg', null, null, null, '不公开', null, '1', '这个人很懒,什么都没有写', null, null);
INSERT INTO `user` VALUES ('620462', null, null, '拳师七号', '/acfun/images/avatars/620462.jpg', null, null, null, '不公开', null, '1', '这个人很懒,什么都没有写', null, null);
INSERT INTO `user` VALUES ('656398', null, null, '水貂', '/acfun/images/avatars/656398.jpg', null, null, null, '不公开', null, '1', '这个人很懒,什么都没有写', null, null);
INSERT INTO `user` VALUES ('688179', null, null, '雄超哥', '/acfun/images/avatars/688179.jpg', null, null, null, '不公开', null, '1', '这个人很懒,什么都没有写', null, null);
INSERT INTO `user` VALUES ('713751', null, null, '飞燕红儿', '/acfun/images/avatars/713751.jpg', null, null, null, '不公开', null, '1', '这个人很懒,什么都没有写', null, null);
INSERT INTO `user` VALUES ('723102', null, null, '分离是为了更好的重聚', '/acfun/images/avatars/723102.jpg', null, null, null, '不公开', null, '1', '这个人很懒,什么都没有写', null, null);
INSERT INTO `user` VALUES ('744722', null, null, '不爱说话yb', '/acfun/images/avatars/744722.jpg', null, null, null, '不公开', null, '1', '这个人很懒,什么都没有写', null, null);
INSERT INTO `user` VALUES ('750324', null, null, '神隐Angel', '/acfun/images/avatars/750324.jpg', null, null, null, '不公开', null, '1', '这个人很懒,什么都没有写', null, null);
INSERT INTO `user` VALUES ('804325', null, null, '萝菽菽', '/acfun/images/avatars/804325.jpg', null, null, null, '不公开', null, '1', '这个人很懒,什么都没有写', null, null);
INSERT INTO `user` VALUES ('811776', null, null, '陈志远', '/acfun/images/avatars/811776.jpg', null, null, null, '不公开', null, '1', '这个人很懒,什么都没有写', null, null);
INSERT INTO `user` VALUES ('853933', null, null, '科技美学', '/acfun/images/avatars/853933.jpg', null, null, null, '不公开', null, '1', '这个人很懒,什么都没有写', null, null);
INSERT INTO `user` VALUES ('855258', null, null, 'ORNX', '/acfun/images/avatars/855258.jpg', null, null, null, '不公开', null, '1', '这个人很懒,什么都没有写', null, null);
INSERT INTO `user` VALUES ('868333', null, null, 'Ever丶遗忘', '/acfun/images/avatars/868333.jpg', null, null, null, '不公开', null, '1', '这个人很懒,什么都没有写', null, null);
INSERT INTO `user` VALUES ('877045', null, null, '休想骗我氪金', '/acfun/images/avatars/877045.jpg', null, null, null, '不公开', null, '1', '这个人很懒,什么都没有写', null, null);
INSERT INTO `user` VALUES ('877049', null, null, '机核网', '/acfun/images/avatars/877049.jpg', null, null, null, '不公开', null, '1', '这个人很懒,什么都没有写', null, null);
INSERT INTO `user` VALUES ('877058', null, null, '拐棍棍', '/acfun/images/avatars/877058.jpg', null, null, null, '不公开', null, '1', '这个人很懒,什么都没有写', null, null);
INSERT INTO `user` VALUES ('877470', null, null, '寐木', '/acfun/images/avatars/877470.jpg', null, null, null, '不公开', null, '1', '这个人很懒,什么都没有写', null, null);
INSERT INTO `user` VALUES ('878702', null, null, '奥雷卡尔克斯', '/acfun/images/avatars/878702.jpg', null, null, null, '不公开', null, '1', '这个人很懒,什么都没有写', null, null);
INSERT INTO `user` VALUES ('890010', null, null, '米兰呦', '/acfun/images/avatars/890010.jpg', null, null, null, '不公开', null, '1', '这个人很懒,什么都没有写', null, null);
INSERT INTO `user` VALUES ('934542', null, null, 'SteamParty', '/acfun/images/avatars/934542.jpg', null, null, null, '不公开', null, '1', '这个人很懒,什么都没有写', null, null);
INSERT INTO `user` VALUES ('942159', null, null, '和田玛雅', '/acfun/images/avatars/942159.jpg', null, null, null, '不公开', null, '1', '这个人很懒,什么都没有写', null, null);
INSERT INTO `user` VALUES ('948477', null, null, 'acfun一直在', '/acfun/images/avatars/948477.jpg', null, null, null, '不公开', null, '1', '这个人很懒,什么都没有写', null, null);
INSERT INTO `user` VALUES ('955324', null, null, '寒影AkiNa', '/acfun/images/avatars/955324.jpg', null, null, null, '不公开', null, '1', '这个人很懒,什么都没有写', null, null);
INSERT INTO `user` VALUES ('988165', null, null, '怪力小猫', '/acfun/images/avatars/988165.jpg', null, null, null, '不公开', null, '1', '这个人很懒,什么都没有写', null, null);
INSERT INTO `user` VALUES ('999520', null, null, '史蒂芬咻咻', '/acfun/images/avatars/999520.jpg', null, null, null, '不公开', null, '1', '这个人很懒,什么都没有写', null, null);
INSERT INTO `user` VALUES ('1049095', null, null, 'レッド', '/acfun/images/avatars/1049095.jpg', null, null, null, '不公开', null, '1', '这个人很懒,什么都没有写', null, null);
INSERT INTO `user` VALUES ('1059146', null, null, '天天卡牌', '/acfun/images/avatars/1059146.jpg', null, null, null, '不公开', null, '1', '这个人很懒,什么都没有写', null, null);
INSERT INTO `user` VALUES ('1070113', null, null, 'Miss_蔯老师', '/acfun/images/avatars/1070113.jpg', null, null, null, '不公开', null, '1', '这个人很懒,什么都没有写', null, null);
INSERT INTO `user` VALUES ('1108815', null, null, 'mpor2', '/acfun/images/avatars/1108815.jpg', null, null, null, '不公开', null, '1', '这个人很懒,什么都没有写', null, null);
INSERT INTO `user` VALUES ('1117694', null, null, 'Castilloli', '/acfun/images/avatars/1117694.jpg', null, null, null, '不公开', null, '1', '这个人很懒,什么都没有写', null, null);
INSERT INTO `user` VALUES ('1133449', null, null, '风吹裤裆拔凉拔凉滴', '/acfun/images/avatars/1133449.jpg', null, null, null, '不公开', null, '1', '这个人很懒,什么都没有写', null, null);
INSERT INTO `user` VALUES ('1139787', null, null, '爱极客', '/acfun/images/avatars/1139787.jpg', null, null, null, '不公开', null, '1', '这个人很懒,什么都没有写', null, null);
INSERT INTO `user` VALUES ('1142342', null, null, '当红垃子圾', '/acfun/images/avatars/1142342.jpg', null, null, null, '不公开', null, '1', '这个人很懒,什么都没有写', null, null);
INSERT INTO `user` VALUES ('1144801', null, null, '林丹妮', '/acfun/images/avatars/1144801.jpg', null, null, null, '不公开', null, '1', '这个人很懒,什么都没有写', null, null);
INSERT INTO `user` VALUES ('1155262', null, null, '长歌是大腿', '/acfun/images/avatars/1155262.jpg', null, null, null, '不公开', null, '1', '这个人很懒,什么都没有写', null, null);
INSERT INTO `user` VALUES ('1156099', null, null, '张逗张花', '/acfun/images/avatars/1156099.jpg', null, null, null, '不公开', null, '1', '这个人很懒,什么都没有写', null, null);
INSERT INTO `user` VALUES ('1161851', null, null, '紫嘉儿~', '/acfun/images/avatars/1161851.jpg', null, null, null, '不公开', null, '1', '这个人很懒,什么都没有写', null, null);
INSERT INTO `user` VALUES ('1172505', null, null, 'OLANDO', '/acfun/images/avatars/1172505.jpg', null, null, null, '不公开', null, '1', '这个人很懒,什么都没有写', null, null);
INSERT INTO `user` VALUES ('1180097', null, null, '多面', '/acfun/images/avatars/1180097.jpg', null, null, null, '不公开', null, '1', '这个人很懒,什么都没有写', null, null);
INSERT INTO `user` VALUES ('1180585', null, null, '黑板菌', '/acfun/images/avatars/1180585.jpg', null, null, null, '不公开', null, '1', '这个人很懒,什么都没有写', null, null);
INSERT INTO `user` VALUES ('1218712', null, null, '雪龙渊', '/acfun/images/avatars/1218712.jpg', null, null, null, '不公开', null, '1', '这个人很懒,什么都没有写', null, null);
INSERT INTO `user` VALUES ('1221767', null, null, '老实敦厚的笑笑', '/acfun/images/avatars/1221767.jpg', null, null, null, '不公开', null, '1', '这个人很懒,什么都没有写', null, null);
INSERT INTO `user` VALUES ('1223055', null, null, 'Vilio', '/acfun/images/avatars/1223055.jpg', null, null, null, '不公开', null, '1', '这个人很懒,什么都没有写', null, null);
INSERT INTO `user` VALUES ('1229079', null, null, '屠苏酒长浓', '/acfun/images/avatars/1229079.jpg', null, null, null, '不公开', null, '1', '这个人很懒,什么都没有写', null, null);
INSERT INTO `user` VALUES ('1237461', null, null, '小歪233', '/acfun/images/avatars/1237461.jpg', null, null, null, '不公开', null, '1', '这个人很懒,什么都没有写', null, null);
INSERT INTO `user` VALUES ('1238291', null, null, '消散の水淫儿', '/acfun/images/avatars/1238291.jpg', null, null, null, '不公开', null, '1', '这个人很懒,什么都没有写', null, null);
INSERT INTO `user` VALUES ('1258636', null, null, '神叨字幕组', '/acfun/images/avatars/1258636.jpg', null, null, null, '不公开', null, '1', '这个人很懒,什么都没有写', null, null);
INSERT INTO `user` VALUES ('1282441', null, null, '萌次元', '/acfun/images/avatars/1282441.jpg', null, null, null, '不公开', null, '1', '这个人很懒,什么都没有写', null, null);
INSERT INTO `user` VALUES ('1350082', null, null, 'Ayier', '/acfun/images/avatars/1350082.jpg', null, null, null, '不公开', null, '1', '这个人很懒,什么都没有写', null, null);
INSERT INTO `user` VALUES ('1369264', null, null, 'FTR字幕组', '/acfun/images/avatars/1369264.jpg', null, null, null, '不公开', null, '1', '这个人很懒,什么都没有写', null, null);
INSERT INTO `user` VALUES ('1373412', null, null, '馊不拉几不拉几', '/acfun/images/avatars/1373412.jpg', null, null, null, '不公开', null, '1', '这个人很懒,什么都没有写', null, null);
INSERT INTO `user` VALUES ('1377942', null, null, '九筒空间站', '/acfun/images/avatars/1377942.jpg', null, null, null, '不公开', null, '1', '这个人很懒,什么都没有写', null, null);
INSERT INTO `user` VALUES ('1378726', null, null, '一只撸狗', '/acfun/images/avatars/1378726.jpg', null, null, null, '不公开', null, '1', '这个人很懒,什么都没有写', null, null);
INSERT INTO `user` VALUES ('1379664', null, null, '不胜寒', '/acfun/images/avatars/1379664.jpg', null, null, null, '不公开', null, '1', '这个人很懒,什么都没有写', null, null);
INSERT INTO `user` VALUES ('1381832', null, null, 'guancha.cn', '/acfun/images/avatars/1381832.jpg', null, null, null, '不公开', null, '1', '这个人很懒,什么都没有写', null, null);
INSERT INTO `user` VALUES ('1441801', null, null, '无节操学院', '/acfun/images/avatars/1441801.jpg', null, null, null, '不公开', null, '1', '这个人很懒,什么都没有写', null, null);
INSERT INTO `user` VALUES ('1469754', null, null, '带码君', '/acfun/images/avatars/1469754.jpg', null, null, null, '不公开', null, '1', '这个人很懒,什么都没有写', null, null);
INSERT INTO `user` VALUES ('1502471', null, null, '栋栋我试试看', '/acfun/images/avatars/1502471.jpg', null, null, null, '不公开', null, '1', '这个人很懒,什么都没有写', null, null);
INSERT INTO `user` VALUES ('1530508', null, null, '哔菌丶', '/acfun/images/avatars/1530508.jpg', null, null, null, '不公开', null, '1', '这个人很懒,什么都没有写', null, null);
INSERT INTO `user` VALUES ('1659081', null, null, '魔法少女凛', '/acfun/images/avatars/1659081.jpg', null, null, null, '不公开', null, '1', '这个人很懒,什么都没有写', null, null);
INSERT INTO `user` VALUES ('1670101', null, null, 'AnimeTamashii', '/acfun/images/avatars/1670101.jpg', null, null, null, '不公开', null, '1', '这个人很懒,什么都没有写', null, null);
INSERT INTO `user` VALUES ('1673098', null, null, 'TechQuickie', '/acfun/images/avatars/1673098.jpg', null, null, null, '不公开', null, '1', '这个人很懒,什么都没有写', null, null);
INSERT INTO `user` VALUES ('1733545', null, null, '努力的Lorre', '/acfun/images/avatars/1733545.jpg', null, null, null, '不公开', null, '1', '这个人很懒,什么都没有写', null, null);
INSERT INTO `user` VALUES ('1772987', null, null, '绿豆KC', '/acfun/images/avatars/1772987.jpg', null, null, null, '不公开', null, '1', '这个人很懒,什么都没有写', null, null);
INSERT INTO `user` VALUES ('2038192', null, null, 'GN网盟', '/acfun/images/avatars/2038192.jpg', null, null, null, '不公开', null, '1', '这个人很懒,什么都没有写', null, null);
INSERT INTO `user` VALUES ('2062107', null, null, 'Love球球', '/acfun/images/avatars/2062107.jpg', null, null, null, '不公开', null, '1', '这个人很懒,什么都没有写', null, null);
INSERT INTO `user` VALUES ('2090487', null, null, '哥不小啦', '/acfun/images/avatars/2090487.jpg', null, null, null, '不公开', null, '1', '这个人很懒,什么都没有写', null, null);
INSERT INTO `user` VALUES ('2254065', null, null, '希尔顿的小号', '/acfun/images/avatars/2254065.jpg', null, null, null, '不公开', null, '1', '这个人很懒,什么都没有写', null, null);
INSERT INTO `user` VALUES ('2272587', null, null, '奔波头条', '/acfun/images/avatars/2272587.jpg', null, null, null, '不公开', null, '1', '这个人很懒,什么都没有写', null, null);
INSERT INTO `user` VALUES ('2275302', null, null, 'askarei', '/acfun/images/avatars/2275302.jpg', null, null, null, '不公开', null, '1', '这个人很懒,什么都没有写', null, null);
INSERT INTO `user` VALUES ('2303631', null, null, '青木娜娜⑦', '/acfun/images/avatars/2303631.jpg', null, null, null, '不公开', null, '1', '这个人很懒,什么都没有写', null, null);
INSERT INTO `user` VALUES ('2403238', null, null, 'Tocci椭奇', '/acfun/images/avatars/2403238.jpg', null, null, null, '不公开', null, '1', '这个人很懒,什么都没有写', null, null);
INSERT INTO `user` VALUES ('2475250', null, null, '胖虎爱吃大意面', '/acfun/images/avatars/2475250.jpg', null, null, null, '不公开', null, '1', '这个人很懒,什么都没有写', null, null);
INSERT INTO `user` VALUES ('2552603', null, null, 'Genesis_Niko', '/acfun/images/avatars/2552603.jpg', null, null, null, '不公开', null, '1', '这个人很懒,什么都没有写', null, null);
INSERT INTO `user` VALUES ('2574283', null, null, '百里风晴雪', '/acfun/images/avatars/2574283.jpg', null, null, null, '不公开', null, '1', '这个人很懒,什么都没有写', null, null);
INSERT INTO `user` VALUES ('2713909', null, null, '逆风老司姬', '/acfun/images/avatars/2713909.jpg', null, null, null, '不公开', null, '1', '这个人很懒,什么都没有写', null, null);
INSERT INTO `user` VALUES ('2750864', null, null, '丶李米椒', '/acfun/images/avatars/2750864.jpg', null, null, null, '不公开', null, '1', '这个人很懒,什么都没有写', null, null);
INSERT INTO `user` VALUES ('2784498', null, null, '欧肯视线', '/acfun/images/avatars/2784498.jpg', null, null, null, '不公开', null, '1', '这个人很懒,什么都没有写', null, null);
INSERT INTO `user` VALUES ('2809139', null, null, '牙医与鹅屋', '/acfun/images/avatars/2809139.jpg', null, null, null, '不公开', null, '1', '这个人很懒,什么都没有写', null, null);
INSERT INTO `user` VALUES ('2912434', null, null, '科技曼曼谈', '/acfun/images/avatars/2912434.jpg', null, null, null, '不公开', null, '1', '这个人很懒,什么都没有写', null, null);
INSERT INTO `user` VALUES ('2970401', null, null, 'Hoopers字幕组', '/acfun/images/avatars/2970401.jpg', null, null, null, '不公开', null, '1', '这个人很懒,什么都没有写', null, null);
INSERT INTO `user` VALUES ('3002923', null, null, '凹凸君说', '/acfun/images/avatars/3002923.jpg', null, null, null, '不公开', null, '1', '这个人很懒,什么都没有写', null, null);
INSERT INTO `user` VALUES ('3024659', null, null, '混剪晓佳', '/acfun/images/avatars/3024659.jpg', null, null, null, '不公开', null, '1', '这个人很懒,什么都没有写', null, null);
INSERT INTO `user` VALUES ('3028290', null, null, 'Miki丶blue', '/acfun/images/avatars/3028290.jpg', null, null, null, '不公开', null, '1', '这个人很懒,什么都没有写', null, null);
INSERT INTO `user` VALUES ('3082975', null, null, '努巴尼守望先锋', '/acfun/images/avatars/3082975.jpg', null, null, null, '不公开', null, '1', '这个人很懒,什么都没有写', null, null);
INSERT INTO `user` VALUES ('3138036', null, null, 'Futends', '/acfun/images/avatars/3138036.jpg', null, null, null, '不公开', null, '1', '这个人很懒,什么都没有写', null, null);
INSERT INTO `user` VALUES ('3168127', null, null, '寺杣_友希', '/acfun/images/avatars/3168127.jpg', null, null, null, '不公开', null, '1', '这个人很懒,什么都没有写', null, null);
INSERT INTO `user` VALUES ('3237728', null, null, '超级马里奥兄弟', '/acfun/images/avatars/3237728.jpg', null, null, null, '不公开', null, '1', '这个人很懒,什么都没有写', null, null);
INSERT INTO `user` VALUES ('3411078', null, null, '海阔天空的晴朗', '/acfun/images/avatars/3411078.jpg', null, null, null, '不公开', null, '1', '这个人很懒,什么都没有写', null, null);
INSERT INTO `user` VALUES ('3640776', null, null, '虎扑JRs字幕组', '/acfun/images/avatars/3640776.jpg', null, null, null, '不公开', null, '1', '这个人很懒,什么都没有写', null, null);
INSERT INTO `user` VALUES ('3688143', null, null, '车世界视频', '/acfun/images/avatars/3688143.jpg', null, null, null, '不公开', null, '1', '这个人很懒,什么都没有写', null, null);
INSERT INTO `user` VALUES ('3713239', null, null, '大翠大翠', '/acfun/images/avatars/3713239.jpg', null, null, null, '不公开', null, '1', '这个人很懒,什么都没有写', null, null);
INSERT INTO `user` VALUES ('3754157', null, null, '平纪_真纪', '/acfun/images/avatars/3754157.jpg', null, null, null, '不公开', null, '1', '这个人很懒,什么都没有写', null, null);
INSERT INTO `user` VALUES ('3766729', null, null, '子清D铃铛喵', '/acfun/images/avatars/3766729.jpg', null, null, null, '不公开', null, '1', '这个人很懒,什么都没有写', null, null);
INSERT INTO `user` VALUES ('3805153', null, null, '_怪兽D', '/acfun/images/avatars/3805153.jpg', null, null, null, '不公开', null, '1', '这个人很懒,什么都没有写', null, null);
INSERT INTO `user` VALUES ('3835720', null, null, '请亲切的称呼我为撸SIR', '/acfun/images/avatars/3835720.jpg', null, null, null, '不公开', null, '1', '这个人很懒,什么都没有写', null, null);
INSERT INTO `user` VALUES ('3915952', null, null, '新酱新新酱', '/acfun/images/avatars/3915952.jpg', null, null, null, '不公开', null, '1', '这个人很懒,什么都没有写', null, null);
INSERT INTO `user` VALUES ('3977831', null, null, '会飞的龙改二', '/acfun/images/avatars/3977831.jpg', null, null, null, '不公开', null, '1', '这个人很懒,什么都没有写', null, null);
INSERT INTO `user` VALUES ('3987589', null, null, 'kiddo_leo', '/acfun/images/avatars/3987589.jpg', null, null, null, '不公开', null, '1', '这个人很懒,什么都没有写', null, null);
INSERT INTO `user` VALUES ('4068990', null, null, 'JSFamily', '/acfun/images/avatars/4068990.jpg', null, null, null, '不公开', null, '1', '这个人很懒,什么都没有写', null, null);
INSERT INTO `user` VALUES ('4075269', null, null, '交通事故video', '/acfun/images/avatars/4075269.jpg', null, null, null, '不公开', null, '1', '这个人很懒,什么都没有写', null, null);
INSERT INTO `user` VALUES ('4105783', null, null, '骚年打球么', '/acfun/images/avatars/4105783.jpg', null, null, null, '不公开', null, '1', '这个人很懒,什么都没有写', null, null);
INSERT INTO `user` VALUES ('4124627', null, null, '智能界网', '/acfun/images/avatars/4124627.jpg', null, null, null, '不公开', null, '1', '这个人很懒,什么都没有写', null, null);
INSERT INTO `user` VALUES ('4190949', null, null, '我差点就信了第一季', '/acfun/images/avatars/4190949.jpg', null, null, null, '不公开', null, '1', '这个人很懒,什么都没有写', null, null);
INSERT INTO `user` VALUES ('4295944', null, null, '怪异故事', '/acfun/images/avatars/4295944.jpg', null, null, null, '不公开', null, '1', '这个人很懒,什么都没有写', null, null);
INSERT INTO `user` VALUES ('4297207', null, null, '橙心资讯', '/acfun/images/avatars/4297207.jpg', null, null, null, '不公开', null, '1', '这个人很懒,什么都没有写', null, null);
INSERT INTO `user` VALUES ('4308912', null, null, '每日撸报', '/acfun/images/avatars/4308912.jpg', null, null, null, '不公开', null, '1', '这个人很懒,什么都没有写', null, null);
INSERT INTO `user` VALUES ('4393532', null, null, '霸气的段公子', '/acfun/images/avatars/4393532.jpg', null, null, null, '不公开', null, '1', '这个人很懒,什么都没有写', null, null);
INSERT INTO `user` VALUES ('4432131', null, null, '草莓少女阿酱', '/acfun/images/avatars/4432131.jpg', null, null, null, '不公开', null, '1', '这个人很懒,什么都没有写', null, null);
INSERT INTO `user` VALUES ('4471111', null, null, '电影最TOP', '/acfun/images/avatars/4471111.jpg', null, null, null, '不公开', null, '1', '这个人很懒,什么都没有写', null, null);
INSERT INTO `user` VALUES ('4472348', null, null, '青青世界929', '/acfun/images/avatars/4472348.jpg', null, null, null, '不公开', null, '1', '这个人很懒,什么都没有写', null, null);
INSERT INTO `user` VALUES ('4503562', null, null, '赫赫赫赫男', '/acfun/images/avatars/4503562.jpg', null, null, null, '不公开', null, '1', '这个人很懒,什么都没有写', null, null);
INSERT INTO `user` VALUES ('4714960', null, null, '梓皓る', '/acfun/images/avatars/4714960.jpg', null, null, null, '不公开', null, '1', '这个人很懒,什么都没有写', null, null);
INSERT INTO `user` VALUES ('4771950', null, null, '郝天一', '/acfun/images/avatars/4771950.jpg', null, null, null, '不公开', null, '1', '这个人很懒,什么都没有写', null, null);
INSERT INTO `user` VALUES ('5810877', null, null, '就你没变嗯我不想变', '/acfun/images/avatars/5810877.jpg', null, null, null, '不公开', null, '1', '这个人很懒,什么都没有写', null, null);
INSERT INTO `user` VALUES ('5843130', null, null, '君檬lemon', '/acfun/images/avatars/5843130.jpg', null, null, null, '不公开', null, '1', '这个人很懒,什么都没有写', null, null);
INSERT INTO `user` VALUES ('5848699', null, null, '聚印象视频', '/acfun/images/avatars/5848699.jpg', null, null, null, '不公开', null, '1', '这个人很懒,什么都没有写', null, null);
INSERT INTO `user` VALUES ('5905850', null, null, '一日歌', '/acfun/images/avatars/5905850.jpg', null, null, null, '不公开', null, '1', '这个人很懒,什么都没有写', null, null);
INSERT INTO `user` VALUES ('5925976', null, null, '路遥姑娘', '/acfun/images/avatars/5925976.jpg', null, null, null, '不公开', null, '1', '这个人很懒,什么都没有写', null, null);
INSERT INTO `user` VALUES ('5929475', null, null, '懒人运动', '/acfun/images/avatars/5929475.jpg', null, null, null, '不公开', null, '1', '这个人很懒,什么都没有写', null, null);
INSERT INTO `user` VALUES ('5952999', null, null, '历史有今天', '/acfun/images/avatars/5952999.jpg', null, null, null, '不公开', null, '1', '这个人很懒,什么都没有写', null, null);
INSERT INTO `user` VALUES ('6009125', null, null, '游研社', '/acfun/images/avatars/6009125.jpg', null, null, null, '不公开', null, '1', '这个人很懒,什么都没有写', null, null);
INSERT INTO `user` VALUES ('6015530', null, null, '报哥侃枪', '/acfun/images/avatars/6015530.jpg', null, null, null, '不公开', null, '1', '这个人很懒,什么都没有写', null, null);
INSERT INTO `user` VALUES ('6029276', null, null, '瞎看什么', '/acfun/images/avatars/6029276.jpg', null, null, null, '不公开', null, '1', '这个人很懒,什么都没有写', null, null);
INSERT INTO `user` VALUES ('6108433', null, null, '韩语艳萍', '/acfun/images/avatars/6108433.jpg', null, null, null, '不公开', null, '1', '这个人很懒,什么都没有写', null, null);
INSERT INTO `user` VALUES ('6249161', null, null, '山楂夫人', '/acfun/images/avatars/6249161.jpg', null, null, null, '不公开', null, '1', '这个人很懒,什么都没有写', null, null);
INSERT INTO `user` VALUES ('6334916', null, null, '划船不用桨的feng', '/acfun/images/avatars/6334916.jpg', null, null, null, '不公开', null, '1', '这个人很懒,什么都没有写', null, null);
INSERT INTO `user` VALUES ('6337532', null, null, '振宇有话说', '/acfun/images/avatars/6337532.jpg', null, null, null, '不公开', null, '1', '这个人很懒,什么都没有写', null, null);
INSERT INTO `user` VALUES ('6716524', null, null, 'daodao喵', '/acfun/images/avatars/6716524.jpg', null, null, null, '不公开', null, '1', '这个人很懒,什么都没有写', null, null);
INSERT INTO `user` VALUES ('6894185', null, null, '背包影院', '/acfun/images/avatars/6894185.jpg', null, null, null, '不公开', null, '1', '这个人很懒,什么都没有写', null, null);
INSERT INTO `user` VALUES ('6938092', null, null, '清风ALL', '/acfun/images/avatars/6938092.jpg', null, null, null, '不公开', null, '1', '这个人很懒,什么都没有写', null, null);
INSERT INTO `user` VALUES ('7073202', null, null, '全球大嘴巴', '/acfun/images/avatars/7073202.jpg', null, null, null, '不公开', null, '1', '这个人很懒,什么都没有写', null, null);
INSERT INTO `user` VALUES ('7077283', null, null, '涡轮时间', '/acfun/images/avatars/7077283.jpg', null, null, null, '不公开', null, '1', '这个人很懒,什么都没有写', null, null);
INSERT INTO `user` VALUES ('7255692', null, null, '琢磨不住的风', '/acfun/images/avatars/7255692.jpg', null, null, null, '不公开', null, '1', '这个人很懒,什么都没有写', null, null);
INSERT INTO `user` VALUES ('7287127', null, null, '倾绝紫月', '/acfun/images/avatars/7287127.jpg', null, null, null, '不公开', null, '1', '这个人很懒,什么都没有写', null, null);
INSERT INTO `user` VALUES ('8235128', null, null, '机器人夏先生1号', '/acfun/images/avatars/8235128.jpg', null, null, null, '不公开', null, '1', '这个人很懒,什么都没有写', null, null);
INSERT INTO `user` VALUES ('8300519', null, null, '木易苏野趣', '/acfun/images/avatars/8300519.jpg', null, null, null, '不公开', null, '1', '这个人很懒,什么都没有写', null, null);
INSERT INTO `user` VALUES ('8363393', null, null, '八方互助', '/acfun/images/avatars/8363393.jpg', null, null, null, '不公开', null, '1', '这个人很懒,什么都没有写', null, null);
INSERT INTO `user` VALUES ('8417237', null, null, '部落窝教育', '/acfun/images/avatars/8417237.jpg', null, null, null, '不公开', null, '1', '这个人很懒,什么都没有写', null, null);
INSERT INTO `user` VALUES ('8427986', null, null, '66车讯', '/acfun/images/avatars/8427986.jpg', null, null, null, '不公开', null, '1', '这个人很懒,什么都没有写', null, null);
INSERT INTO `user` VALUES ('8545644', null, null, '锦笑的a站啦', '/acfun/images/avatars/8545644.jpg', null, null, null, '不公开', null, '1', '这个人很懒,什么都没有写', null, null);
INSERT INTO `user` VALUES ('8634316', null, null, '导播DD', '/acfun/images/avatars/8634316.jpg', null, null, null, '不公开', null, '1', '这个人很懒,什么都没有写', null, null);
INSERT INTO `user` VALUES ('8815659', null, null, 'JackieBeauty', '/acfun/images/avatars/8815659.jpg', null, null, null, '不公开', null, '1', '这个人很懒,什么都没有写', null, null);
INSERT INTO `user` VALUES ('8853414', null, null, '木君の丶', '/acfun/images/avatars/8853414.jpg', null, null, null, '不公开', null, '1', '这个人很懒,什么都没有写', null, null);
INSERT INTO `user` VALUES ('8932012', null, null, '么卡卡卡卡', '/acfun/images/avatars/8932012.jpg', null, null, null, '不公开', null, '1', '这个人很懒,什么都没有写', null, null);
INSERT INTO `user` VALUES ('8985288', null, null, '小叶429463074', '/acfun/images/avatars/8985288.jpg', null, null, null, '不公开', null, '1', '这个人很懒,什么都没有写', null, null);
INSERT INTO `user` VALUES ('9191654', null, null, '炫酷小子夏宇泽', '/acfun/images/avatars/9191654.jpg', null, null, null, '不公开', null, '1', '这个人很懒,什么都没有写', null, null);
INSERT INTO `user` VALUES ('9234754', null, null, '奇点汽车', '/acfun/images/avatars/9234754.jpg', null, null, null, '不公开', null, '1', '这个人很懒,什么都没有写', null, null);
INSERT INTO `user` VALUES ('9234756', 'd8406e8445cc99a16ab984cc28f6931615c766fc', null, '而冯绍峰', '/acfun/images/avatar.jpg', null, '', null, '不公开', null, '1', null, '2017-03-10 12:56:12', 'd38140e0f5b3b9aca52ceb35d6f962bd35cb9737');
